image_name,scale,center_w,center_h,original_0_x,original_0_y,original_1_x,original_1_y,original_2_x,original_2_y,original_3_x,original_3_y,original_4_x,original_4_y,original_5_x,original_5_y,original_6_x,original_6_y,original_7_x,original_7_y,original_8_x,original_8_y
0.jpg,0.535,610.5,368.5,558.0,339.0,572.0,354.0,653.0,335.0,660.0,313.0,636.0,426.0,597.0,411.0,654.0,401.0,636.0,424.0,633.0,417.0
6.jpg,0.515,621.0,359.5,571.0,341.0,585.0,354.0,664.0,330.0,669.0,308.0,654.0,412.0,616.0,402.0,666.0,388.0,651.0,411.0,649.0,404.0
12.jpg,0.515,621.0,363.5,570.0,342.0,586.0,359.0,663.0,335.0,669.0,313.0,652.0,415.0,615.0,405.0,665.0,394.0,651.0,415.0,648.0,409.0
18.jpg,0.53,619.0,375.0,569.0,347.0,585.0,367.0,663.0,342.0,669.0,319.0,650.0,435.0,612.0,419.0,665.0,407.0,647.0,431.0,645.0,422.0
24.jpg,0.54,620.5,375.0,570.0,346.0,587.0,364.0,665.0,340.0,670.0,317.0,652.0,437.0,615.0,421.0,669.0,409.0,650.0,431.0,647.0,423.0
30.jpg,0.535,618.0,378.5,568.0,346.0,583.0,365.0,662.0,344.0,669.0,321.0,641.0,440.0,599.0,419.0,665.0,411.0,642.0,439.0,641.0,437.0
36.jpg,0.515,574.5,394.5,523.0,344.0,535.0,369.0,616.0,368.0,627.0,349.0,564.0,448.0,540.0,425.0,588.0,432.0,564.0,449.0,564.0,450.0
42.jpg,0.515,560.5,397.5,510.0,345.0,519.0,370.0,599.0,376.0,611.0,355.0,541.0,452.0,525.0,433.0,564.0,437.0,541.0,454.0,541.0,453.0
48.jpg,0.515,550.5,399.5,502.0,346.0,512.0,370.0,591.0,379.0,604.0,359.0,528.0,458.0,513.0,438.0,555.0,443.0,529.0,458.0,528.0,457.0
54.jpg,0.55,557.0,406.0,506.0,347.0,517.0,373.0,596.0,381.0,610.0,360.0,535.0,470.0,510.0,439.0,569.0,448.0,537.0,468.0,538.0,464.0
60.jpg,0.535,561.5,404.5,511.0,348.0,522.0,370.0,602.0,377.0,616.0,355.0,547.0,467.0,522.0,439.0,573.0,447.0,548.0,464.0,549.0,460.0
66.jpg,0.54,565.0,404.5,514.0,348.0,525.0,372.0,605.0,377.0,618.0,356.0,552.0,467.0,528.0,443.0,577.0,448.0,552.0,465.0,551.0,461.0
72.jpg,0.53,567.5,402.0,516.0,347.0,527.0,370.0,607.0,374.0,620.0,353.0,554.0,464.0,530.0,440.0,581.0,444.0,555.0,461.0,555.0,457.0
78.jpg,0.535,570.5,402.5,519.0,346.0,530.0,370.0,610.0,373.0,624.0,351.0,560.0,464.0,534.0,442.0,584.0,447.0,560.0,459.0,560.0,458.0
84.jpg,0.535,570.5,402.5,519.0,347.0,531.0,369.0,610.0,372.0,624.0,351.0,560.0,465.0,530.0,437.0,584.0,447.0,561.0,463.0,560.0,459.0
90.jpg,0.545,572.0,401.5,520.0,345.0,533.0,370.0,612.0,372.0,625.0,351.0,561.0,463.0,541.0,442.0,586.0,445.0,562.0,462.0,562.0,459.0
96.jpg,0.545,573.0,400.5,522.0,345.0,533.0,369.0,613.0,371.0,626.0,350.0,563.0,462.0,536.0,436.0,589.0,443.0,564.0,461.0,563.0,458.0
102.jpg,0.54,575.0,400.0,523.0,344.0,535.0,369.0,615.0,371.0,628.0,349.0,567.0,462.0,542.0,440.0,590.0,443.0,567.0,461.0,567.0,457.0
108.jpg,0.535,584.0,399.5,533.0,347.0,546.0,368.0,627.0,364.0,637.0,342.0,589.0,455.0,562.0,438.0,608.0,436.0,588.0,456.0,587.0,457.0
114.jpg,0.545,637.5,362.5,591.0,323.0,598.0,333.0,677.0,334.0,681.0,309.0,681.0,421.0,642.0,416.0,687.0,392.0,673.0,412.0,674.0,410.0
120.jpg,0.555,662.5,351.0,606.0,348.0,622.0,361.0,696.0,322.0,697.0,298.0,704.0,407.0,665.0,402.0,712.0,382.0,700.0,399.0,695.0,396.0
126.jpg,0.555,666.5,360.5,616.0,359.0,629.0,369.0,703.0,330.0,703.0,305.0,713.0,416.0,670.0,410.0,721.0,391.0,708.0,409.0,707.0,408.0
132.jpg,0.585,671.5,363.5,617.0,358.0,633.0,371.0,707.0,331.0,706.0,306.0,719.0,425.0,681.0,419.0,727.0,395.0,714.0,417.0,711.0,414.0
138.jpg,0.585,668.5,366.0,612.0,357.0,632.0,372.0,704.0,332.0,705.0,307.0,715.0,426.0,678.0,422.0,727.0,397.0,711.0,418.0,708.0,416.0
144.jpg,0.575,666.5,366.5,610.0,355.0,629.0,371.0,702.0,332.0,703.0,307.0,712.0,428.0,665.0,420.0,724.0,398.0,708.0,419.0,706.0,416.0
150.jpg,0.565,665.5,366.5,610.0,354.0,629.0,370.0,703.0,331.0,703.0,307.0,712.0,428.0,667.0,421.0,722.0,398.0,707.0,422.0,705.0,415.0
156.jpg,0.58,666.0,367.0,610.0,356.0,630.0,370.0,702.0,332.0,703.0,307.0,712.0,429.0,669.0,424.0,725.0,399.0,708.0,420.0,706.0,417.0
162.jpg,0.605,669.5,365.0,612.0,355.0,630.0,368.0,704.0,328.0,704.0,302.0,719.0,430.0,681.0,425.0,731.0,399.0,714.0,420.0,712.0,417.0
168.jpg,0.6,650.0,374.0,591.0,348.0,612.0,363.0,690.0,331.0,693.0,306.0,694.0,448.0,646.0,434.0,718.0,411.0,690.0,441.0,686.0,436.0
174.jpg,0.585,590.5,391.5,534.0,330.0,550.0,350.0,635.0,345.0,648.0,323.0,599.0,464.0,568.0,447.0,630.0,445.0,598.0,462.0,600.0,457.0
180.jpg,0.58,596.0,390.0,540.0,329.0,557.0,351.0,641.0,342.0,653.0,321.0,611.0,462.0,582.0,451.0,637.0,443.0,611.0,462.0,611.0,456.0
186.jpg,0.575,597.0,387.5,542.0,328.0,559.0,349.0,642.0,340.0,653.0,319.0,612.0,459.0,576.0,445.0,638.0,442.0,612.0,459.0,610.0,457.0
192.jpg,0.58,597.0,387.0,543.0,327.0,558.0,350.0,642.0,340.0,654.0,318.0,612.0,459.0,583.0,447.0,638.0,440.0,612.0,459.0,612.0,453.0
198.jpg,0.58,597.5,386.0,542.0,326.0,559.0,349.0,643.0,339.0,654.0,317.0,613.0,458.0,583.0,447.0,638.0,441.0,613.0,458.0,612.0,452.0
204.jpg,0.59,601.5,382.0,546.0,323.0,562.0,346.0,645.0,335.0,657.0,313.0,622.0,455.0,581.0,441.0,648.0,437.0,619.0,455.0,619.0,449.0
210.jpg,0.595,605.5,379.5,550.0,322.0,568.0,346.0,651.0,331.0,660.0,309.0,630.0,453.0,589.0,440.0,657.0,432.0,630.0,453.0,630.0,447.0
216.jpg,0.59,606.5,380.0,550.0,322.0,570.0,345.0,653.0,330.0,663.0,310.0,634.0,453.0,603.0,448.0,658.0,433.0,631.0,453.0,631.0,453.0
222.jpg,0.6,608.0,374.0,552.0,319.0,570.0,342.0,654.0,325.0,662.0,302.0,635.0,444.0,596.0,437.0,661.0,430.0,635.0,448.0,634.0,447.0
228.jpg,0.6,610.0,369.0,554.0,316.0,572.0,340.0,654.0,322.0,664.0,297.0,638.0,440.0,606.0,442.0,665.0,429.0,637.0,443.0,637.0,443.0
234.jpg,0.6,610.0,369.0,554.0,316.0,572.0,338.0,656.0,321.0,664.0,297.0,637.0,443.0,608.0,442.0,664.0,430.0,637.0,443.0,637.0,443.0
240.jpg,0.6,610.0,369.0,554.0,316.0,572.0,340.0,656.0,322.0,664.0,297.0,637.0,443.0,608.0,442.0,665.0,429.0,637.0,443.0,637.0,443.0
246.jpg,0.6,610.0,367.0,554.0,315.0,572.0,339.0,656.0,320.0,664.0,297.0,637.0,441.0,606.0,440.0,666.0,427.0,640.0,441.0,640.0,441.0
252.jpg,0.6,610.0,367.0,554.0,315.0,572.0,339.0,656.0,320.0,664.0,295.0,637.0,441.0,608.0,440.0,666.0,428.0,640.0,441.0,637.0,441.0
258.jpg,0.605,610.5,367.5,554.0,315.0,573.0,339.0,656.0,320.0,665.0,297.0,636.0,442.0,607.0,439.0,669.0,422.0,638.0,442.0,638.0,442.0
264.jpg,0.6,611.0,369.0,553.0,317.0,573.0,340.0,655.0,321.0,665.0,297.0,638.0,443.0,607.0,440.0,671.0,419.0,638.0,443.0,638.0,443.0
270.jpg,0.605,610.5,369.5,554.0,317.0,573.0,339.0,655.0,321.0,665.0,297.0,638.0,444.0,607.0,439.0,665.0,427.0,641.0,444.0,640.0,443.0
276.jpg,0.605,610.5,368.5,554.0,316.0,573.0,339.0,655.0,321.0,665.0,298.0,641.0,443.0,596.0,432.0,671.0,419.0,638.0,443.0,638.0,443.0
282.jpg,0.6,610.0,369.0,554.0,317.0,572.0,340.0,656.0,321.0,664.0,297.0,640.0,443.0,606.0,440.0,669.0,423.0,637.0,443.0,640.0,443.0
288.jpg,0.605,609.0,368.5,552.0,315.0,571.0,339.0,654.0,321.0,662.0,296.0,637.0,443.0,602.0,438.0,663.0,426.0,637.0,443.0,637.0,443.0
294.jpg,0.6,608.0,368.0,550.0,315.0,570.0,340.0,654.0,321.0,663.0,296.0,633.0,442.0,602.0,438.0,668.0,422.0,635.0,442.0,635.0,442.0
300.jpg,0.585,596.5,370.5,539.0,310.0,555.0,329.0,641.0,324.0,654.0,301.0,603.0,443.0,567.0,421.0,643.0,424.0,605.0,443.0,605.0,443.0
306.jpg,0.605,547.5,364.5,498.0,302.0,506.0,318.0,590.0,335.0,609.0,318.0,516.0,439.0,498.0,409.0,554.0,425.0,519.0,438.0,523.0,428.0
312.jpg,0.545,535.5,359.5,487.0,303.0,494.0,324.0,576.0,346.0,592.0,330.0,501.0,422.0,490.0,396.0,544.0,405.0,505.0,421.0,505.0,419.0
318.jpg,0.525,530.5,354.5,483.0,305.0,487.0,326.0,566.0,351.0,584.0,336.0,495.0,410.0,483.0,389.0,526.0,400.0,496.0,411.0,496.0,411.0
324.jpg,0.525,528.5,360.0,482.0,312.0,487.0,335.0,565.0,358.0,582.0,342.0,494.0,413.0,478.0,393.0,515.0,405.0,493.0,412.0,493.0,413.0
330.jpg,0.54,530.0,361.0,487.0,308.0,491.0,336.0,568.0,358.0,585.0,342.0,498.0,417.0,484.0,396.0,522.0,407.0,498.0,419.0,497.0,419.0
336.jpg,0.535,532.5,362.5,488.0,309.0,493.0,335.0,571.0,356.0,588.0,339.0,502.0,418.0,484.0,395.0,527.0,407.0,501.0,419.0,501.0,420.0
342.jpg,0.535,532.5,361.0,488.0,311.0,493.0,336.0,571.0,357.0,587.0,340.0,501.0,414.0,485.0,392.0,522.0,405.0,502.0,413.0,502.0,412.0
348.jpg,0.535,528.5,362.0,485.0,315.0,489.0,341.0,566.0,361.0,582.0,345.0,493.0,410.0,480.0,392.0,518.0,402.0,494.0,413.0,494.0,413.0
354.jpg,0.515,547.0,377.5,498.0,330.0,506.0,358.0,585.0,369.0,599.0,351.0,524.0,432.0,498.0,407.0,550.0,418.0,523.0,433.0,523.0,434.0
360.jpg,0.515,548.5,379.0,499.0,331.0,508.0,358.0,586.0,369.0,600.0,351.0,525.0,435.0,507.0,414.0,550.0,421.0,525.0,436.0,524.0,434.0
366.jpg,0.525,547.5,377.5,499.0,329.0,507.0,357.0,586.0,367.0,601.0,349.0,525.0,433.0,510.0,415.0,547.0,421.0,524.0,434.0,524.0,434.0
372.jpg,0.52,549.0,377.0,501.0,329.0,509.0,356.0,588.0,366.0,602.0,348.0,529.0,431.0,509.0,414.0,553.0,416.0,528.0,431.0,527.0,431.0
378.jpg,0.52,552.0,380.0,504.0,331.0,512.0,356.0,592.0,366.0,606.0,346.0,535.0,434.0,509.0,409.0,557.0,418.0,535.0,435.0,536.0,427.0
384.jpg,0.53,557.0,383.0,506.0,332.0,517.0,357.0,595.0,365.0,610.0,347.0,540.0,438.0,515.0,414.0,561.0,422.0,541.0,438.0,540.0,435.0
390.jpg,0.515,567.5,385.0,516.0,338.0,526.0,362.0,606.0,365.0,619.0,346.0,557.0,439.0,529.0,418.0,580.0,421.0,557.0,439.0,556.0,431.0
396.jpg,0.52,581.5,397.0,533.0,349.0,545.0,372.0,624.0,367.0,635.0,344.0,584.0,452.0,558.0,433.0,601.0,435.0,583.0,451.0,584.0,444.0
402.jpg,0.52,598.0,391.0,547.0,356.0,560.0,374.0,641.0,361.0,649.0,338.0,611.0,446.0,578.0,429.0,626.0,427.0,608.0,436.0,608.0,437.0
408.jpg,0.505,607.5,385.5,558.0,355.0,571.0,372.0,650.0,355.0,657.0,333.0,624.0,437.0,590.0,423.0,648.0,410.0,623.0,437.0,621.0,434.0
414.jpg,0.51,597.0,376.5,548.0,349.0,562.0,366.0,641.0,350.0,648.0,328.0,604.0,423.0,571.0,407.0,624.0,405.0,604.0,423.0,605.0,423.0
420.jpg,0.495,590.5,360.5,540.0,332.0,553.0,350.0,634.0,337.0,643.0,317.0,595.0,402.0,571.0,394.0,614.0,385.0,595.0,402.0,594.0,402.0
426.jpg,0.515,597.5,345.0,545.0,324.0,560.0,340.0,640.0,324.0,649.0,303.0,611.0,385.0,586.0,380.0,628.0,369.0,610.0,386.0,608.0,386.0
432.jpg,0.525,604.0,342.5,553.0,322.0,567.0,337.0,647.0,318.0,655.0,297.0,624.0,386.0,600.0,378.0,640.0,367.0,624.0,385.0,623.0,385.0
438.jpg,0.52,615.0,331.0,564.0,321.0,579.0,334.0,658.0,308.0,664.0,287.0,643.0,375.0,607.0,370.0,658.0,353.0,642.0,375.0,641.0,375.0
444.jpg,0.51,610.0,338.0,560.0,321.0,574.0,334.0,655.0,309.0,661.0,288.0,633.0,385.0,613.0,378.0,648.0,366.0,633.0,384.0,633.0,384.0
450.jpg,0.51,612.0,340.0,562.0,324.0,577.0,337.0,656.0,311.0,662.0,289.0,638.0,388.0,613.0,380.0,649.0,367.0,636.0,387.0,635.0,386.0
456.jpg,0.515,613.5,341.5,563.0,324.0,579.0,338.0,657.0,312.0,663.0,289.0,639.0,392.0,608.0,381.0,651.0,369.0,638.0,389.0,636.0,387.0
462.jpg,0.515,614.5,344.5,564.0,326.0,581.0,341.0,659.0,314.0,664.0,292.0,640.0,397.0,614.0,387.0,652.0,374.0,639.0,395.0,637.0,389.0
468.jpg,0.52,611.0,357.0,559.0,327.0,576.0,346.0,656.0,323.0,662.0,302.0,632.0,413.0,592.0,396.0,649.0,388.0,631.0,413.0,630.0,402.0
474.jpg,0.54,596.5,378.0,543.0,332.0,557.0,354.0,641.0,343.0,650.0,321.0,604.0,445.0,573.0,418.0,625.0,419.0,604.0,439.0,604.0,434.0
480.jpg,0.54,597.0,380.0,543.0,335.0,558.0,357.0,644.0,344.0,653.0,323.0,613.0,443.0,576.0,418.0,639.0,412.0,611.0,434.0,611.0,435.0
486.jpg,0.545,604.0,380.5,552.0,340.0,566.0,358.0,650.0,344.0,658.0,322.0,625.0,443.0,593.0,424.0,643.0,420.0,625.0,439.0,624.0,437.0
492.jpg,0.545,602.5,379.0,550.0,335.0,565.0,357.0,647.0,343.0,656.0,320.0,617.0,442.0,581.0,416.0,643.0,410.0,617.0,436.0,616.0,435.0
498.jpg,0.54,600.0,380.0,548.0,336.0,563.0,357.0,645.0,345.0,655.0,323.0,615.0,443.0,581.0,420.0,637.0,417.0,614.0,440.0,613.0,436.0
504.jpg,0.545,607.5,381.5,555.0,340.0,571.0,359.0,652.0,345.0,661.0,322.0,630.0,449.0,595.0,427.0,654.0,414.0,629.0,442.0,629.0,438.0
510.jpg,0.55,609.0,382.0,556.0,341.0,572.0,360.0,654.0,344.0,662.0,322.0,630.0,450.0,590.0,424.0,655.0,413.0,630.0,450.0,629.0,439.0
516.jpg,0.55,611.0,384.0,560.0,343.0,576.0,362.0,656.0,344.0,665.0,322.0,634.0,452.0,601.0,430.0,657.0,417.0,632.0,440.0,632.0,440.0
522.jpg,0.555,614.5,384.5,565.0,345.0,581.0,367.0,661.0,348.0,668.0,325.0,642.0,447.0,607.0,431.0,662.0,417.0,640.0,443.0,639.0,443.0
528.jpg,0.555,621.5,380.5,569.0,349.0,588.0,367.0,667.0,345.0,673.0,321.0,653.0,449.0,616.0,432.0,670.0,419.0,651.0,449.0,650.0,438.0
534.jpg,0.57,616.5,385.0,566.0,346.0,583.0,366.0,663.0,345.0,670.0,321.0,645.0,456.0,610.0,436.0,667.0,424.0,644.0,445.0,643.0,444.0
540.jpg,0.565,604.0,391.5,551.0,342.0,566.0,362.0,649.0,348.0,659.0,326.0,623.0,462.0,588.0,441.0,645.0,439.0,621.0,462.0,621.0,452.0
546.jpg,0.56,586.0,393.0,530.0,336.0,544.0,357.0,630.0,354.0,642.0,334.0,583.0,459.0,559.0,432.0,615.0,432.0,585.0,456.0,586.0,452.0
552.jpg,0.545,576.5,387.5,523.0,332.0,535.0,352.0,621.0,352.0,633.0,333.0,570.0,450.0,545.0,422.0,601.0,427.0,571.0,449.0,572.0,445.0
558.jpg,0.545,574.5,384.5,521.0,332.0,533.0,354.0,618.0,355.0,630.0,334.0,567.0,445.0,544.0,417.0,597.0,423.0,567.0,445.0,567.0,444.0
564.jpg,0.535,574.5,387.5,522.0,332.0,533.0,354.0,618.0,357.0,631.0,336.0,566.0,454.0,540.0,423.0,600.0,426.0,566.0,449.0,566.0,444.0
570.jpg,0.555,575.0,392.5,521.0,334.0,534.0,353.0,618.0,357.0,631.0,336.0,568.0,461.0,536.0,428.0,596.0,437.0,567.0,454.0,568.0,450.0
576.jpg,0.57,580.0,395.0,524.0,331.0,538.0,353.0,622.0,354.0,636.0,334.0,575.0,466.0,550.0,445.0,603.0,443.0,575.0,457.0,575.0,455.0
582.jpg,0.57,583.0,393.0,528.0,334.0,542.0,355.0,626.0,353.0,639.0,331.0,586.0,462.0,554.0,436.0,614.0,435.0,587.0,452.0,587.0,452.0
588.jpg,0.575,586.5,391.5,533.0,334.0,545.0,354.0,631.0,351.0,643.0,330.0,593.0,459.0,562.0,434.0,619.0,433.0,594.0,450.0,593.0,450.0
594.jpg,0.57,585.5,391.0,532.0,334.0,545.0,354.0,630.0,351.0,641.0,330.0,590.0,457.0,560.0,431.0,622.0,423.0,591.0,452.0,590.0,451.0
600.jpg,0.555,584.5,389.5,530.0,332.0,543.0,354.0,628.0,352.0,640.0,331.0,586.0,453.0,555.0,424.0,613.0,428.0,587.0,449.0,586.0,448.0
606.jpg,0.555,582.5,387.5,528.0,331.0,540.0,353.0,627.0,351.0,638.0,330.0,581.0,451.0,554.0,425.0,605.0,431.0,582.0,448.0,581.0,446.0
612.jpg,0.56,584.0,388.0,529.0,331.0,541.0,352.0,628.0,351.0,639.0,329.0,587.0,451.0,558.0,426.0,616.0,424.0,587.0,447.0,587.0,446.0
618.jpg,0.57,589.5,389.0,536.0,334.0,549.0,356.0,634.0,350.0,645.0,328.0,598.0,456.0,564.0,429.0,624.0,428.0,598.0,448.0,598.0,448.0
624.jpg,0.565,594.5,391.0,540.0,335.0,555.0,357.0,640.0,348.0,651.0,327.0,610.0,458.0,575.0,436.0,628.0,440.0,608.0,449.0,608.0,449.0
630.jpg,0.57,592.0,391.5,537.0,335.0,552.0,355.0,636.0,349.0,648.0,327.0,602.0,457.0,570.0,433.0,622.0,437.0,602.0,452.0,602.0,450.0
636.jpg,0.565,591.5,392.5,537.0,335.0,552.0,356.0,637.0,348.0,648.0,327.0,600.0,459.0,567.0,432.0,621.0,439.0,601.0,453.0,600.0,451.0
642.jpg,0.565,591.5,391.5,537.0,335.0,552.0,355.0,637.0,348.0,648.0,327.0,601.0,458.0,568.0,432.0,622.0,437.0,601.0,451.0,601.0,450.0
648.jpg,0.565,593.5,390.5,539.0,335.0,555.0,357.0,639.0,347.0,649.0,326.0,608.0,456.0,572.0,433.0,627.0,437.0,607.0,450.0,607.0,449.0
654.jpg,0.565,594.5,390.5,540.0,335.0,556.0,356.0,640.0,347.0,650.0,325.0,607.0,457.0,573.0,432.0,626.0,433.0,607.0,449.0,607.0,449.0
660.jpg,0.56,596.0,390.0,541.0,335.0,558.0,357.0,642.0,347.0,652.0,325.0,609.0,459.0,577.0,433.0,629.0,436.0,608.0,452.0,608.0,448.0
666.jpg,0.555,601.5,386.5,547.0,339.0,562.0,359.0,647.0,346.0,656.0,325.0,619.0,453.0,584.0,432.0,647.0,419.0,618.0,447.0,617.0,444.0
672.jpg,0.57,611.0,384.0,558.0,342.0,574.0,362.0,658.0,343.0,665.0,319.0,639.0,455.0,599.0,433.0,661.0,421.0,637.0,442.0,637.0,443.0
678.jpg,0.575,615.5,380.5,563.0,341.0,578.0,360.0,663.0,339.0,669.0,315.0,649.0,452.0,605.0,432.0,672.0,415.0,646.0,452.0,646.0,442.0
684.jpg,0.585,612.5,381.0,559.0,336.0,578.0,357.0,660.0,336.0,667.0,312.0,646.0,453.0,607.0,439.0,665.0,427.0,642.0,445.0,642.0,443.0
690.jpg,0.575,590.5,391.5,535.0,333.0,550.0,353.0,635.0,348.0,648.0,326.0,594.0,463.0,566.0,435.0,623.0,435.0,595.0,455.0,596.0,451.0
696.jpg,0.565,578.5,390.5,523.0,330.0,537.0,350.0,623.0,351.0,635.0,331.0,569.0,461.0,543.0,429.0,594.0,441.0,571.0,454.0,572.0,450.0
702.jpg,0.555,569.0,387.5,515.0,329.0,526.0,347.0,611.0,355.0,625.0,334.0,549.0,456.0,529.0,426.0,583.0,434.0,549.0,456.0,552.0,450.0
708.jpg,0.56,567.5,389.0,514.0,324.0,526.0,347.0,610.0,356.0,624.0,334.0,549.0,458.0,528.0,434.0,581.0,438.0,549.0,458.0,551.0,452.0
714.jpg,0.565,571.0,390.5,518.0,330.0,530.0,350.0,614.0,354.0,627.0,334.0,562.0,461.0,538.0,433.0,585.0,441.0,561.0,459.0,562.0,453.0
720.jpg,0.555,571.5,390.5,518.0,332.0,530.0,353.0,615.0,356.0,628.0,335.0,560.0,459.0,535.0,432.0,593.0,434.0,560.0,459.0,561.0,452.0
726.jpg,0.55,554.0,384.0,505.0,325.0,512.0,349.0,595.0,362.0,610.0,343.0,525.0,452.0,507.0,419.0,561.0,431.0,528.0,452.0,528.0,447.0
732.jpg,0.56,544.0,382.0,496.0,322.0,503.0,345.0,584.0,363.0,601.0,344.0,513.0,451.0,495.0,420.0,545.0,431.0,515.0,451.0,516.0,442.0
738.jpg,0.565,543.0,382.5,494.0,320.0,501.0,342.0,584.0,363.0,600.0,343.0,511.0,453.0,492.0,420.0,551.0,431.0,511.0,453.0,514.0,442.0
744.jpg,0.585,542.0,380.5,493.0,313.0,500.0,337.0,583.0,359.0,600.0,340.0,507.0,453.0,489.0,427.0,540.0,439.0,511.0,446.0,511.0,442.0
750.jpg,0.59,539.0,371.0,492.0,308.0,497.0,329.0,579.0,355.0,598.0,336.0,502.0,439.0,488.0,412.0,541.0,426.0,507.0,437.0,507.0,432.0
756.jpg,0.575,544.0,375.5,493.0,311.0,501.0,334.0,584.0,355.0,601.0,336.0,512.0,447.0,492.0,414.0,548.0,429.0,514.0,447.0,516.0,436.0
762.jpg,0.575,553.5,380.5,501.0,314.0,510.0,338.0,594.0,353.0,611.0,334.0,530.0,452.0,507.0,425.0,564.0,433.0,530.0,452.0,532.0,446.0
768.jpg,0.575,555.0,382.5,503.0,315.0,511.0,336.0,595.0,353.0,611.0,334.0,532.0,454.0,512.0,431.0,563.0,435.0,532.0,451.0,534.0,443.0
774.jpg,0.58,556.0,382.0,504.0,314.0,513.0,335.0,597.0,352.0,614.0,332.0,533.0,454.0,508.0,431.0,565.0,441.0,535.0,454.0,533.0,452.0
780.jpg,0.58,557.5,384.0,505.0,315.0,514.0,337.0,598.0,352.0,615.0,332.0,536.0,456.0,512.0,432.0,565.0,442.0,536.0,456.0,536.0,453.0
786.jpg,0.58,556.5,383.0,504.0,314.0,515.0,336.0,597.0,351.0,614.0,330.0,533.0,455.0,509.0,431.0,563.0,444.0,535.0,455.0,534.0,452.0
792.jpg,0.58,558.5,382.0,505.0,313.0,517.0,334.0,599.0,348.0,616.0,326.0,535.0,454.0,509.0,434.0,565.0,447.0,535.0,454.0,537.0,454.0
798.jpg,0.575,560.5,382.5,505.0,314.0,518.0,334.0,602.0,345.0,619.0,325.0,537.0,454.0,512.0,433.0,565.0,448.0,542.0,454.0,542.0,454.0
804.jpg,0.585,559.5,380.5,507.0,311.0,517.0,332.0,601.0,345.0,618.0,323.0,536.0,453.0,511.0,433.0,567.0,444.0,538.0,453.0,538.0,453.0
810.jpg,0.59,560.0,378.0,506.0,308.0,518.0,328.0,601.0,340.0,618.0,319.0,539.0,451.0,516.0,437.0,569.0,444.0,541.0,451.0,541.0,451.0
816.jpg,0.595,561.0,381.5,506.0,311.0,518.0,330.0,602.0,343.0,619.0,321.0,542.0,455.0,513.0,433.0,574.0,442.0,544.0,455.0,544.0,455.0
822.jpg,0.595,561.0,381.5,506.0,311.0,518.0,330.0,603.0,343.0,620.0,321.0,542.0,455.0,517.0,436.0,574.0,444.0,544.0,455.0,546.0,455.0
828.jpg,0.585,561.5,383.5,507.0,314.0,519.0,333.0,603.0,345.0,619.0,323.0,540.0,456.0,517.0,435.0,575.0,443.0,545.0,456.0,545.0,456.0
834.jpg,0.575,561.5,384.5,505.0,314.0,519.0,334.0,603.0,345.0,620.0,324.0,543.0,456.0,515.0,430.0,575.0,445.0,547.0,456.0,547.0,456.0
840.jpg,0.58,562.0,381.0,508.0,312.0,520.0,333.0,605.0,344.0,621.0,322.0,548.0,453.0,520.0,436.0,578.0,444.0,548.0,453.0,550.0,453.0
846.jpg,0.585,561.5,382.5,508.0,313.0,519.0,333.0,603.0,345.0,620.0,323.0,545.0,455.0,519.0,436.0,574.0,445.0,547.0,455.0,547.0,455.0
852.jpg,0.585,562.5,383.5,509.0,314.0,520.0,333.0,604.0,345.0,621.0,323.0,546.0,456.0,520.0,436.0,576.0,445.0,548.0,456.0,548.0,456.0
858.jpg,0.58,562.0,384.0,509.0,315.0,520.0,334.0,604.0,345.0,621.0,324.0,543.0,456.0,520.0,436.0,578.0,443.0,548.0,456.0,548.0,456.0
864.jpg,0.58,562.0,385.0,507.0,314.0,519.0,334.0,604.0,346.0,621.0,325.0,546.0,457.0,518.0,433.0,573.0,447.0,548.0,457.0,548.0,457.0
870.jpg,0.58,561.5,385.0,506.0,314.0,518.0,335.0,603.0,346.0,619.0,325.0,543.0,457.0,515.0,429.0,572.0,447.0,545.0,457.0,547.0,457.0
876.jpg,0.59,561.5,383.0,507.0,313.0,519.0,335.0,604.0,345.0,620.0,323.0,549.0,456.0,520.0,435.0,578.0,442.0,549.0,456.0,548.0,453.0
882.jpg,0.58,562.0,385.0,509.0,316.0,520.0,335.0,604.0,345.0,621.0,325.0,546.0,457.0,520.0,435.0,576.0,446.0,548.0,457.0,548.0,457.0
888.jpg,0.58,562.0,384.0,509.0,315.0,520.0,335.0,604.0,345.0,621.0,324.0,543.0,456.0,519.0,432.0,571.0,449.0,548.0,456.0,548.0,456.0
894.jpg,0.58,561.5,385.0,506.0,314.0,518.0,335.0,603.0,345.0,620.0,325.0,545.0,457.0,520.0,433.0,574.0,445.0,547.0,457.0,547.0,457.0
900.jpg,0.58,562.0,385.0,508.0,316.0,519.0,334.0,604.0,345.0,621.0,325.0,543.0,457.0,519.0,431.0,574.0,445.0,548.0,457.0,548.0,457.0
906.jpg,0.585,561.5,382.5,508.0,313.0,519.0,334.0,604.0,345.0,620.0,323.0,547.0,455.0,519.0,433.0,577.0,442.0,549.0,455.0,549.0,455.0
912.jpg,0.58,562.0,385.0,508.0,316.0,519.0,335.0,604.0,345.0,621.0,325.0,546.0,457.0,520.0,435.0,574.0,446.0,548.0,457.0,548.0,457.0
918.jpg,0.58,562.0,384.5,508.0,315.0,520.0,335.0,604.0,345.0,621.0,324.0,546.0,456.0,519.0,432.0,574.0,444.0,548.0,456.0,548.0,455.0
924.jpg,0.58,562.0,385.0,509.0,314.0,520.0,335.0,604.0,345.0,621.0,325.0,546.0,457.0,520.0,433.0,574.0,445.0,548.0,457.0,548.0,457.0
930.jpg,0.585,561.5,383.5,508.0,314.0,519.0,334.0,604.0,345.0,620.0,324.0,547.0,456.0,519.0,431.0,576.0,442.0,547.0,456.0,549.0,456.0
936.jpg,0.58,561.5,384.0,507.0,315.0,518.0,334.0,603.0,345.0,620.0,324.0,547.0,456.0,518.0,432.0,577.0,443.0,547.0,456.0,550.0,456.0
942.jpg,0.58,562.0,384.5,508.0,315.0,520.0,335.0,604.0,345.0,621.0,324.0,546.0,456.0,520.0,432.0,577.0,442.0,548.0,456.0,550.0,456.0
948.jpg,0.58,562.0,382.0,509.0,313.0,520.0,334.0,604.0,346.0,621.0,323.0,548.0,454.0,520.0,433.0,578.0,442.0,550.0,454.0,550.0,454.0
954.jpg,0.575,562.5,383.5,507.0,315.0,519.0,334.0,604.0,344.0,621.0,324.0,548.0,455.0,520.0,432.0,577.0,443.0,551.0,455.0,551.0,455.0
960.jpg,0.565,569.5,386.5,513.0,320.0,525.0,338.0,612.0,343.0,628.0,322.0,562.0,457.0,533.0,428.0,592.0,439.0,564.0,457.0,565.0,453.0
966.jpg,0.575,599.5,372.5,542.0,328.0,560.0,347.0,644.0,329.0,656.0,306.0,626.0,444.0,579.0,422.0,652.0,416.0,624.0,444.0,624.0,438.0
972.jpg,0.565,616.0,368.5,561.0,334.0,576.0,349.0,661.0,323.0,667.0,302.0,653.0,439.0,613.0,424.0,671.0,406.0,648.0,426.0,648.0,426.0
978.jpg,0.57,617.0,366.5,562.0,333.0,578.0,348.0,664.0,323.0,669.0,301.0,654.0,437.0,610.0,423.0,675.0,409.0,650.0,430.0,649.0,427.0
984.jpg,0.585,606.5,368.0,552.0,325.0,568.0,343.0,653.0,322.0,661.0,299.0,636.0,440.0,603.0,426.0,657.0,417.0,636.0,440.0,635.0,433.0
990.jpg,0.57,598.5,372.0,543.0,319.0,561.0,340.0,644.0,325.0,653.0,304.0,618.0,443.0,586.0,429.0,646.0,420.0,618.0,443.0,618.0,443.0
996.jpg,0.565,596.5,372.5,541.0,319.0,557.0,339.0,643.0,327.0,653.0,306.0,611.0,443.0,577.0,423.0,642.0,422.0,613.0,441.0,612.0,441.0
1002.jpg,0.565,595.5,372.5,540.0,318.0,556.0,339.0,643.0,326.0,652.0,306.0,613.0,443.0,580.0,422.0,643.0,415.0,613.0,443.0,613.0,443.0
1008.jpg,0.57,595.0,374.0,540.0,319.0,555.0,338.0,642.0,327.0,652.0,306.0,612.0,445.0,577.0,422.0,635.0,428.0,610.0,445.0,610.0,445.0
1014.jpg,0.565,597.5,372.5,541.0,319.0,558.0,338.0,644.0,326.0,653.0,305.0,617.0,443.0,582.0,423.0,643.0,420.0,617.0,443.0,616.0,441.0
1020.jpg,0.585,605.5,367.5,551.0,323.0,568.0,340.0,652.0,322.0,660.0,299.0,637.0,440.0,589.0,417.0,663.0,410.0,635.0,440.0,634.0,434.0
1026.jpg,0.58,606.0,368.0,552.0,321.0,569.0,341.0,654.0,323.0,661.0,300.0,633.0,440.0,597.0,423.0,657.0,417.0,633.0,438.0,632.0,433.0
1032.jpg,0.585,606.5,370.5,552.0,324.0,569.0,341.0,653.0,322.0,661.0,302.0,631.0,443.0,596.0,424.0,656.0,418.0,631.0,443.0,630.0,436.0
1038.jpg,0.57,614.0,370.0,559.0,329.0,574.0,344.0,661.0,323.0,667.0,302.0,647.0,441.0,606.0,426.0,667.0,412.0,645.0,441.0,644.0,432.0
1044.jpg,0.58,626.5,365.0,571.0,332.0,588.0,348.0,671.0,321.0,676.0,297.0,667.0,435.0,625.0,426.0,684.0,407.0,664.0,437.0,660.0,428.0
1050.jpg,0.585,630.5,362.5,574.0,332.0,593.0,346.0,674.0,318.0,678.0,294.0,673.0,435.0,626.0,422.0,691.0,405.0,671.0,435.0,664.0,424.0
1056.jpg,0.605,630.5,360.5,571.0,326.0,591.0,344.0,672.0,313.0,676.0,290.0,672.0,435.0,636.0,429.0,692.0,405.0,669.0,434.0,665.0,423.0
1062.jpg,0.57,600.0,373.0,544.0,320.0,562.0,341.0,647.0,328.0,657.0,307.0,615.0,444.0,585.0,427.0,647.0,421.0,615.0,444.0,616.0,440.0
1068.jpg,0.59,588.5,375.0,533.0,317.0,548.0,338.0,636.0,331.0,646.0,310.0,595.0,448.0,567.0,426.0,622.0,427.0,595.0,448.0,595.0,437.0
1074.jpg,0.585,588.5,375.5,534.0,318.0,548.0,338.0,634.0,331.0,646.0,309.0,599.0,448.0,567.0,425.0,632.0,418.0,599.0,448.0,599.0,438.0
1080.jpg,0.58,589.0,374.0,536.0,318.0,549.0,337.0,637.0,329.0,647.0,308.0,602.0,446.0,567.0,423.0,632.0,418.0,600.0,446.0,603.0,436.0
1086.jpg,0.585,591.5,376.5,535.0,318.0,550.0,335.0,637.0,328.0,649.0,308.0,605.0,449.0,569.0,426.0,636.0,421.0,602.0,449.0,605.0,449.0
1092.jpg,0.625,588.5,376.5,540.0,330.0,546.0,336.0,630.0,341.0,641.0,318.0,597.0,447.0,569.0,424.0,626.0,420.0,599.0,446.0,599.0,446.0
1098.jpg,0.58,588.5,370.0,533.0,316.0,547.0,336.0,636.0,329.0,646.0,308.0,601.0,442.0,570.0,418.0,622.0,419.0,601.0,440.0,601.0,431.0
1104.jpg,0.57,595.5,371.0,541.0,320.0,555.0,338.0,642.0,328.0,652.0,305.0,615.0,442.0,581.0,423.0,641.0,413.0,610.0,442.0,610.0,434.0
1110.jpg,0.57,599.0,367.0,542.0,317.0,559.0,338.0,646.0,324.0,656.0,302.0,623.0,438.0,578.0,410.0,650.0,407.0,621.0,436.0,620.0,427.0
1116.jpg,0.57,596.5,370.0,541.0,317.0,557.0,335.0,642.0,324.0,653.0,303.0,614.0,441.0,576.0,418.0,642.0,417.0,611.0,441.0,612.0,439.0
1122.jpg,0.64,594.0,375.0,535.0,310.0,554.0,327.0,640.0,327.0,651.0,305.0,611.0,454.0,586.0,441.0,641.0,430.0,611.0,454.0,611.0,454.0
1128.jpg,0.59,594.5,367.0,538.0,310.0,556.0,327.0,642.0,312.0,654.0,295.0,607.0,438.0,575.0,425.0,649.0,415.0,611.0,438.0,611.0,438.0
1134.jpg,0.585,594.5,364.5,538.0,312.0,557.0,329.0,641.0,316.0,653.0,296.0,614.0,437.0,577.0,417.0,641.0,412.0,612.0,437.0,612.0,435.0
1140.jpg,0.58,606.0,358.0,550.0,315.0,569.0,333.0,654.0,314.0,663.0,291.0,639.0,430.0,599.0,416.0,661.0,402.0,637.0,430.0,638.0,424.0
1146.jpg,0.58,607.0,353.0,550.0,314.0,567.0,334.0,655.0,312.0,662.0,291.0,636.0,421.0,601.0,403.0,661.0,388.0,638.0,418.0,636.0,412.0
1152.jpg,0.56,589.0,358.5,535.0,311.0,548.0,332.0,636.0,322.0,646.0,302.0,596.0,419.0,571.0,400.0,620.0,398.0,597.0,419.0,596.0,407.0
1158.jpg,0.53,583.0,341.5,529.0,305.0,538.0,320.0,627.0,316.0,638.0,297.0,582.0,388.0,560.0,376.0,603.0,373.0,582.0,388.0,582.0,387.0
1164.jpg,0.545,586.5,334.5,533.0,301.0,543.0,320.0,630.0,313.0,639.0,296.0,593.0,376.0,567.0,364.0,611.0,362.0,593.0,378.0,593.0,377.0
1170.jpg,0.53,585.0,344.5,532.0,309.0,542.0,326.0,628.0,322.0,639.0,302.0,587.0,390.0,566.0,378.0,606.0,376.0,588.0,390.0,588.0,388.0
1176.jpg,0.525,584.5,344.5,532.0,308.0,541.0,326.0,629.0,321.0,639.0,300.0,588.0,392.0,565.0,377.0,607.0,375.0,589.0,391.0,589.0,388.0
1182.jpg,0.53,585.0,344.5,532.0,307.0,540.0,326.0,628.0,322.0,639.0,302.0,588.0,391.0,566.0,378.0,609.0,375.0,588.0,390.0,588.0,388.0
1188.jpg,0.53,585.0,344.5,532.0,307.0,543.0,327.0,629.0,322.0,639.0,302.0,588.0,392.0,567.0,380.0,608.0,377.0,588.0,391.0,589.0,388.0
1194.jpg,0.525,584.5,345.5,532.0,308.0,542.0,327.0,629.0,322.0,639.0,301.0,584.0,394.0,565.0,378.0,606.0,379.0,587.0,393.0,586.0,392.0
1200.jpg,0.545,553.5,344.5,503.0,291.0,510.0,313.0,597.0,329.0,611.0,314.0,528.0,400.0,514.0,375.0,558.0,389.0,528.0,401.0,529.0,401.0
1206.jpg,0.53,546.5,349.0,495.0,302.0,500.0,323.0,589.0,341.0,600.0,325.0,527.0,401.0,506.0,380.0,551.0,389.0,527.0,401.0,526.0,400.0
1212.jpg,0.52,539.0,338.0,491.0,293.0,496.0,316.0,579.0,336.0,593.0,321.0,512.0,382.0,496.0,364.0,541.0,375.0,512.0,384.0,512.0,382.0
1218.jpg,0.475,506.0,319.5,478.0,280.0,480.0,303.0,481.0,303.0,480.0,279.0,468.0,361.0,465.0,340.0,510.0,361.0,494.0,363.0,494.0,363.0
1224.jpg,0.495,513.5,315.5,483.0,279.0,485.0,302.0,562.0,330.0,485.0,278.0,481.0,358.0,471.0,340.0,518.0,356.0,486.0,361.0,502.0,359.0
1230.jpg,0.72,545.0,283.0,497.0,197.0,521.0,218.0,593.0,324.0,598.0,322.0,505.0,359.0,494.0,277.0,594.0,317.0,487.0,336.0,490.0,345.0
1236.jpg,0.53,577.0,312.5,523.0,289.0,529.0,300.0,621.0,302.0,631.0,288.0,575.0,357.0,547.0,343.0,597.0,343.0,575.0,356.0,574.0,355.0
1242.jpg,0.525,587.5,306.0,534.0,282.0,542.0,295.0,632.0,288.0,639.0,276.0,594.0,346.0,566.0,335.0,611.0,334.0,594.0,347.0,594.0,346.0
1254.jpg,0.54,584.0,305.5,530.0,273.0,540.0,285.0,629.0,281.0,639.0,268.0,578.0,347.0,562.0,331.0,601.0,336.0,580.0,349.0,579.0,349.0
1260.jpg,0.515,575.5,302.5,523.0,270.0,532.0,283.0,620.0,287.0,631.0,272.0,565.0,343.0,545.0,330.0,588.0,333.0,565.0,344.0,565.0,345.0
1266.jpg,0.52,582.0,307.0,528.0,274.0,537.0,288.0,626.0,289.0,636.0,270.0,581.0,349.0,562.0,334.0,602.0,335.0,581.0,348.0,580.0,348.0
1272.jpg,0.515,578.5,305.5,526.0,271.0,535.0,283.0,623.0,288.0,634.0,270.0,575.0,349.0,557.0,335.0,598.0,337.0,576.0,350.0,575.0,348.0
1278.jpg,0.52,579.0,306.0,527.0,271.0,537.0,287.0,624.0,288.0,634.0,270.0,579.0,349.0,558.0,336.0,601.0,336.0,579.0,349.0,579.0,348.0
1284.jpg,0.52,579.0,306.5,527.0,272.0,538.0,288.0,623.0,289.0,634.0,272.0,579.0,350.0,559.0,337.0,600.0,337.0,580.0,349.0,579.0,349.0
1290.jpg,0.52,579.0,306.0,527.0,271.0,538.0,288.0,623.0,289.0,634.0,271.0,579.0,349.0,558.0,335.0,600.0,336.0,579.0,349.0,578.0,348.0
1296.jpg,0.525,579.5,306.5,527.0,271.0,538.0,288.0,624.0,288.0,635.0,271.0,581.0,350.0,559.0,336.0,601.0,336.0,581.0,350.0,579.0,350.0
1302.jpg,0.525,579.5,307.0,527.0,272.0,538.0,289.0,624.0,289.0,635.0,271.0,582.0,350.0,560.0,337.0,603.0,336.0,582.0,349.0,581.0,349.0
1308.jpg,0.525,580.5,307.0,528.0,271.0,539.0,289.0,624.0,290.0,635.0,271.0,582.0,350.0,560.0,337.0,602.0,337.0,582.0,350.0,580.0,349.0
1314.jpg,0.525,580.5,307.0,528.0,272.0,539.0,289.0,624.0,290.0,635.0,271.0,582.0,350.0,560.0,336.0,602.0,337.0,583.0,350.0,580.0,349.0
1320.jpg,0.525,580.5,308.0,528.0,272.0,539.0,290.0,625.0,290.0,635.0,272.0,582.0,351.0,560.0,336.0,604.0,337.0,583.0,350.0,582.0,350.0
1326.jpg,0.53,581.0,308.0,528.0,272.0,540.0,289.0,624.0,290.0,636.0,272.0,582.0,351.0,561.0,338.0,605.0,337.0,583.0,351.0,582.0,350.0
1332.jpg,0.53,581.0,308.0,528.0,272.0,540.0,289.0,625.0,289.0,636.0,271.0,583.0,351.0,561.0,338.0,606.0,337.0,584.0,351.0,583.0,350.0
1338.jpg,0.525,581.5,308.0,529.0,272.0,539.0,290.0,625.0,291.0,636.0,271.0,583.0,351.0,561.0,338.0,605.0,337.0,584.0,351.0,583.0,350.0
1344.jpg,0.525,581.5,308.0,529.0,273.0,539.0,290.0,626.0,290.0,636.0,272.0,583.0,351.0,562.0,338.0,604.0,338.0,584.0,351.0,583.0,350.0
1350.jpg,0.525,581.5,308.5,529.0,273.0,539.0,290.0,626.0,290.0,636.0,272.0,583.0,353.0,562.0,338.0,605.0,337.0,585.0,352.0,584.0,351.0
1356.jpg,0.525,581.5,308.0,529.0,273.0,539.0,291.0,626.0,291.0,636.0,272.0,583.0,352.0,562.0,338.0,605.0,337.0,584.0,351.0,583.0,350.0
1362.jpg,0.53,582.0,308.5,529.0,273.0,540.0,290.0,626.0,290.0,637.0,271.0,584.0,352.0,562.0,339.0,606.0,337.0,585.0,351.0,584.0,351.0
1368.jpg,0.525,582.5,308.0,529.0,272.0,539.0,290.0,626.0,291.0,637.0,271.0,584.0,352.0,563.0,338.0,607.0,337.0,585.0,351.0,584.0,350.0
1374.jpg,0.525,582.5,309.0,529.0,273.0,540.0,291.0,627.0,291.0,637.0,272.0,585.0,352.0,564.0,339.0,606.0,338.0,585.0,352.0,584.0,351.0
1380.jpg,0.53,584.0,308.5,530.0,274.0,541.0,290.0,627.0,290.0,638.0,272.0,586.0,353.0,565.0,340.0,609.0,337.0,587.0,352.0,586.0,351.0
1386.jpg,0.525,582.5,309.0,529.0,274.0,540.0,291.0,627.0,291.0,637.0,273.0,585.0,353.0,563.0,339.0,607.0,338.0,586.0,352.0,585.0,352.0
1392.jpg,0.525,582.5,309.0,529.0,273.0,540.0,291.0,627.0,291.0,637.0,272.0,585.0,353.0,562.0,339.0,607.0,339.0,586.0,353.0,585.0,352.0
1398.jpg,0.53,583.0,309.0,529.0,273.0,540.0,290.0,626.0,290.0,638.0,272.0,585.0,353.0,563.0,340.0,608.0,338.0,586.0,353.0,585.0,352.0
1404.jpg,0.53,583.0,308.5,529.0,273.0,540.0,290.0,626.0,290.0,637.0,272.0,584.0,353.0,562.0,339.0,607.0,337.0,586.0,352.0,585.0,352.0
1410.jpg,0.545,583.5,304.5,529.0,270.0,536.0,281.0,627.0,282.0,637.0,267.0,585.0,349.0,562.0,334.0,606.0,335.0,586.0,349.0,585.0,348.0
1530.jpg,0.52,574.0,294.5,522.0,263.0,531.0,274.0,622.0,277.0,633.0,264.0,566.0,339.0,546.0,323.0,587.0,328.0,565.0,340.0,565.0,340.0
1536.jpg,0.53,572.0,312.0,518.0,267.0,527.0,289.0,615.0,293.0,626.0,278.0,554.0,362.0,537.0,341.0,578.0,349.0,554.0,362.0,555.0,362.0
1542.jpg,0.57,544.5,337.0,497.0,279.0,504.0,302.0,588.0,322.0,602.0,308.0,511.0,399.0,498.0,374.0,556.0,384.0,512.0,399.0,512.0,396.0
1548.jpg,0.58,538.0,371.5,487.0,311.0,495.0,332.0,581.0,352.0,596.0,337.0,508.0,435.0,490.0,409.0,545.0,421.0,510.0,435.0,511.0,433.0
1554.jpg,0.545,549.5,378.5,496.0,328.0,503.0,347.0,591.0,358.0,602.0,345.0,536.0,428.0,519.0,411.0,558.0,415.0,536.0,431.0,536.0,431.0
1560.jpg,0.54,552.0,361.0,500.0,319.0,508.0,336.0,594.0,345.0,605.0,330.0,547.0,406.0,530.0,393.0,567.0,393.0,546.0,405.0,546.0,404.0
1566.jpg,0.515,566.5,356.0,514.0,312.0,522.0,333.0,609.0,337.0,620.0,316.0,565.0,402.0,545.0,388.0,586.0,389.0,565.0,404.0,565.0,403.0
1572.jpg,0.535,568.5,355.5,514.0,304.0,525.0,326.0,611.0,329.0,624.0,310.0,559.0,411.0,543.0,390.0,588.0,395.0,560.0,412.0,561.0,412.0
1578.jpg,0.56,551.0,362.5,497.0,300.0,507.0,320.0,593.0,333.0,608.0,315.0,526.0,426.0,507.0,399.0,558.0,415.0,527.0,425.0,528.0,423.0
1584.jpg,0.575,576.5,357.5,523.0,291.0,535.0,311.0,618.0,323.0,635.0,301.0,553.0,429.0,534.0,408.0,597.0,414.0,558.0,429.0,558.0,427.0
1590.jpg,0.6,612.0,341.0,558.0,280.0,576.0,299.0,659.0,292.0,672.0,271.0,621.0,415.0,587.0,392.0,654.0,388.0,620.0,409.0,619.0,404.0
1596.jpg,0.55,594.0,330.0,542.0,267.0,554.0,287.0,635.0,292.0,649.0,272.0,581.0,398.0,555.0,372.0,617.0,376.0,581.0,398.0,581.0,393.0
1602.jpg,0.525,582.5,322.5,530.0,264.0,542.0,288.0,624.0,293.0,636.0,274.0,566.0,381.0,548.0,359.0,589.0,368.0,566.0,381.0,566.0,380.0
1608.jpg,0.525,603.5,315.5,554.0,281.0,566.0,294.0,649.0,282.0,657.0,263.0,614.0,364.0,588.0,351.0,633.0,346.0,613.0,363.0,613.0,363.0
1614.jpg,0.36,693.5,266.0,694.0,223.0,694.0,238.0,694.0,237.0,696.0,223.0,668.0,285.0,677.0,294.0,721.0,291.0,694.0,223.0,694.0,310.0
1620.jpg,0.395,733.0,249.5,702.0,203.0,715.0,224.0,710.0,217.0,703.0,203.0,776.0,289.0,728.0,294.0,737.0,286.0,768.0,297.0,750.0,299.0
1626.jpg,0.53,740.0,256.5,707.0,200.0,721.0,225.0,721.0,224.0,709.0,196.0,794.0,297.0,729.0,306.0,685.0,292.0,766.0,310.0,753.0,317.0
1632.jpg,0.515,737.5,258.5,706.0,202.0,720.0,229.0,721.0,224.0,708.0,200.0,791.0,303.0,684.0,294.0,684.0,294.0,760.0,314.0,749.0,318.0
1638.jpg,0.655,719.5,260.5,652.0,292.0,668.0,295.0,719.0,228.0,708.0,202.0,786.0,310.0,750.0,320.0,779.0,274.0,772.0,299.0,776.0,299.0
1644.jpg,0.655,719.5,259.5,652.0,290.0,672.0,294.0,722.0,227.0,709.0,202.0,786.0,304.0,732.0,317.0,778.0,273.0,776.0,294.0,782.0,295.0
1650.jpg,0.685,723.5,257.5,655.0,292.0,675.0,292.0,723.0,227.0,711.0,198.0,792.0,300.0,730.0,314.0,781.0,268.0,789.0,296.0,785.0,292.0
1656.jpg,0.655,728.5,256.5,659.0,292.0,677.0,291.0,723.0,226.0,710.0,198.0,796.0,299.0,758.0,315.0,786.0,268.0,791.0,292.0,783.0,290.0
1662.jpg,0.705,728.5,253.5,654.0,292.0,675.0,289.0,716.0,220.0,704.0,193.0,801.0,293.0,726.0,307.0,789.0,260.0,777.0,282.0,781.0,284.0
1668.jpg,0.625,750.5,241.5,705.0,189.0,724.0,215.0,722.0,213.0,705.0,189.0,816.0,268.0,741.0,294.0,695.0,285.0,765.0,302.0,752.0,305.0
1674.jpg,0.565,763.0,236.5,711.0,187.0,731.0,209.0,733.0,207.0,713.0,183.0,826.0,252.0,754.0,284.0,708.0,282.0,795.0,276.0,784.0,286.0
1680.jpg,0.535,766.0,237.5,718.0,185.0,739.0,208.0,741.0,206.0,720.0,183.0,827.0,255.0,717.0,278.0,718.0,278.0,783.0,283.0,768.0,290.0
1686.jpg,0.5,768.0,240.5,725.0,191.0,748.0,214.0,748.0,212.0,726.0,190.0,823.0,263.0,721.0,281.0,721.0,281.0,796.0,277.0,777.0,291.0
1692.jpg,0.56,759.0,244.0,692.0,290.0,708.0,286.0,744.0,217.0,724.0,190.0,821.0,271.0,756.0,293.0,805.0,238.0,818.0,278.0,790.0,290.0
1698.jpg,0.605,751.5,248.0,682.0,288.0,703.0,288.0,741.0,220.0,721.0,192.0,818.0,279.0,777.0,298.0,802.0,250.0,815.0,277.0,815.0,274.0
1704.jpg,0.645,743.5,251.5,679.0,290.0,699.0,288.0,737.0,219.0,719.0,192.0,810.0,283.0,775.0,301.0,799.0,244.0,808.0,279.0,800.0,275.0
1710.jpg,0.635,743.5,250.5,679.0,290.0,699.0,289.0,736.0,219.0,717.0,193.0,812.0,284.0,779.0,299.0,799.0,253.0,809.0,285.0,812.0,279.0
1716.jpg,0.635,742.5,251.0,678.0,292.0,696.0,289.0,735.0,220.0,718.0,194.0,812.0,286.0,777.0,299.0,798.0,255.0,807.0,283.0,809.0,281.0
1722.jpg,0.64,741.0,252.0,676.0,291.0,696.0,289.0,735.0,221.0,716.0,196.0,812.0,286.0,747.0,303.0,797.0,257.0,806.0,286.0,807.0,281.0
1728.jpg,0.665,737.5,253.5,674.0,292.0,694.0,291.0,735.0,222.0,718.0,196.0,809.0,288.0,746.0,300.0,796.0,260.0,797.0,287.0,793.0,285.0
1734.jpg,0.665,737.5,254.0,672.0,293.0,694.0,290.0,733.0,223.0,717.0,197.0,807.0,290.0,745.0,301.0,796.0,260.0,797.0,288.0,794.0,285.0
1740.jpg,0.665,737.5,254.5,672.0,293.0,693.0,292.0,733.0,224.0,717.0,199.0,807.0,291.0,745.0,301.0,796.0,260.0,801.0,289.0,794.0,288.0
1746.jpg,0.675,736.5,255.5,672.0,295.0,692.0,292.0,732.0,224.0,715.0,199.0,806.0,291.0,744.0,303.0,793.0,262.0,801.0,290.0,796.0,290.0
1752.jpg,0.68,736.0,256.0,669.0,294.0,691.0,293.0,733.0,225.0,716.0,199.0,806.0,293.0,744.0,304.0,793.0,260.0,801.0,290.0,802.0,288.0
1758.jpg,0.675,735.5,257.0,671.0,296.0,691.0,294.0,733.0,227.0,716.0,200.0,805.0,294.0,742.0,304.0,792.0,265.0,795.0,292.0,792.0,292.0
1764.jpg,0.675,734.5,257.0,670.0,296.0,690.0,295.0,732.0,228.0,716.0,200.0,803.0,295.0,757.0,312.0,792.0,261.0,792.0,292.0,792.0,291.0
1770.jpg,0.675,733.5,258.0,669.0,296.0,689.0,295.0,732.0,229.0,716.0,201.0,802.0,296.0,741.0,308.0,793.0,263.0,794.0,293.0,790.0,292.0
1776.jpg,0.665,732.5,257.5,667.0,296.0,688.0,295.0,732.0,229.0,717.0,202.0,802.0,296.0,753.0,313.0,792.0,263.0,789.0,291.0,788.0,291.0
1782.jpg,0.665,731.5,257.0,668.0,296.0,687.0,295.0,731.0,228.0,717.0,201.0,801.0,297.0,781.0,306.0,790.0,262.0,796.0,292.0,788.0,289.0
1788.jpg,0.67,732.0,258.0,666.0,296.0,687.0,294.0,731.0,229.0,716.0,202.0,800.0,297.0,780.0,306.0,791.0,263.0,789.0,292.0,797.0,291.0
1794.jpg,0.66,733.0,257.0,667.0,296.0,688.0,296.0,732.0,228.0,716.0,201.0,801.0,297.0,781.0,307.0,791.0,267.0,797.0,294.0,790.0,292.0
1800.jpg,0.66,733.0,257.0,667.0,296.0,688.0,296.0,732.0,228.0,716.0,201.0,800.0,299.0,778.0,306.0,791.0,266.0,792.0,292.0,791.0,292.0
1806.jpg,0.66,732.0,257.0,667.0,296.0,687.0,296.0,731.0,228.0,716.0,201.0,801.0,297.0,747.0,312.0,790.0,265.0,796.0,293.0,787.0,290.0
1812.jpg,0.67,731.0,257.0,667.0,296.0,686.0,295.0,731.0,228.0,716.0,201.0,799.0,297.0,748.0,312.0,790.0,265.0,788.0,292.0,784.0,291.0
1818.jpg,0.68,731.0,257.0,666.0,295.0,686.0,294.0,731.0,228.0,716.0,200.0,799.0,298.0,753.0,313.0,791.0,266.0,792.0,294.0,792.0,291.0
1824.jpg,0.675,730.5,258.0,664.0,295.0,686.0,295.0,730.0,229.0,716.0,201.0,799.0,299.0,746.0,313.0,790.0,266.0,792.0,295.0,790.0,292.0
1830.jpg,0.68,730.0,258.0,665.0,295.0,686.0,294.0,731.0,229.0,717.0,201.0,798.0,298.0,752.0,314.0,791.0,266.0,792.0,295.0,790.0,294.0
1836.jpg,0.675,730.5,257.5,666.0,296.0,686.0,294.0,730.0,227.0,716.0,201.0,798.0,297.0,747.0,313.0,790.0,265.0,791.0,294.0,788.0,292.0
1842.jpg,0.675,729.5,257.5,665.0,294.0,686.0,294.0,731.0,228.0,716.0,201.0,799.0,297.0,754.0,313.0,790.0,264.0,794.0,294.0,787.0,292.0
1848.jpg,0.675,730.5,257.5,666.0,296.0,686.0,294.0,730.0,227.0,716.0,201.0,798.0,298.0,753.0,313.0,790.0,264.0,792.0,296.0,791.0,293.0
1854.jpg,0.66,731.0,257.0,665.0,296.0,687.0,296.0,731.0,228.0,717.0,201.0,798.0,301.0,736.0,307.0,790.0,266.0,795.0,293.0,794.0,293.0
1860.jpg,0.67,730.0,257.5,664.0,295.0,685.0,294.0,731.0,227.0,715.0,200.0,798.0,298.0,744.0,314.0,789.0,265.0,794.0,294.0,794.0,293.0
1866.jpg,0.675,729.5,257.5,666.0,296.0,685.0,294.0,731.0,228.0,715.0,201.0,797.0,298.0,737.0,313.0,789.0,267.0,790.0,294.0,789.0,293.0
1872.jpg,0.665,728.5,257.5,663.0,295.0,685.0,295.0,731.0,227.0,715.0,202.0,797.0,299.0,753.0,314.0,789.0,266.0,792.0,294.0,785.0,290.0
1878.jpg,0.665,729.5,257.0,664.0,295.0,685.0,295.0,731.0,228.0,715.0,201.0,798.0,297.0,753.0,314.0,785.0,259.0,794.0,293.0,786.0,292.0
1884.jpg,0.665,729.5,257.5,664.0,295.0,685.0,295.0,731.0,229.0,715.0,202.0,799.0,298.0,745.0,313.0,788.0,265.0,794.0,295.0,786.0,292.0
1890.jpg,0.665,729.5,257.0,664.0,295.0,685.0,295.0,731.0,228.0,715.0,201.0,799.0,298.0,744.0,314.0,789.0,266.0,794.0,293.0,793.0,292.0
1896.jpg,0.665,729.5,257.5,664.0,296.0,685.0,295.0,731.0,229.0,715.0,202.0,797.0,300.0,775.0,308.0,789.0,266.0,794.0,294.0,793.0,292.0
1902.jpg,0.675,730.5,258.5,664.0,297.0,684.0,294.0,729.0,229.0,715.0,202.0,798.0,301.0,740.0,314.0,788.0,268.0,792.0,295.0,795.0,294.0
1908.jpg,0.435,749.5,258.5,712.0,208.0,727.0,230.0,729.0,228.0,713.0,207.0,796.0,299.0,743.0,308.0,744.0,307.0,772.0,310.0,771.0,313.0
1914.jpg,0.445,750.5,258.5,712.0,207.0,728.0,230.0,730.0,227.0,713.0,206.0,797.0,299.0,743.0,309.0,698.0,298.0,771.0,309.0,769.0,311.0
1920.jpg,0.465,744.5,258.0,712.0,205.0,728.0,230.0,734.0,226.0,713.0,204.0,796.0,300.0,696.0,296.0,696.0,297.0,766.0,311.0,765.0,312.0
1926.jpg,0.475,743.5,257.5,712.0,206.0,729.0,231.0,732.0,226.0,714.0,204.0,795.0,300.0,695.0,297.0,695.0,297.0,764.0,311.0,761.0,313.0
1932.jpg,0.47,745.0,258.0,712.0,207.0,730.0,233.0,734.0,227.0,713.0,205.0,796.0,298.0,736.0,309.0,695.0,297.0,766.0,311.0,762.0,312.0
1938.jpg,0.47,744.0,258.0,712.0,207.0,728.0,231.0,732.0,227.0,713.0,205.0,795.0,299.0,737.0,309.0,695.0,297.0,766.0,311.0,764.0,312.0
1944.jpg,0.47,744.0,258.0,712.0,207.0,728.0,231.0,733.0,226.0,713.0,205.0,794.0,300.0,695.0,296.0,695.0,297.0,765.0,311.0,763.0,312.0
1950.jpg,0.475,743.5,259.0,711.0,206.0,729.0,232.0,732.0,227.0,712.0,204.0,794.0,302.0,693.0,297.0,694.0,297.0,763.0,313.0,753.0,316.0
1956.jpg,0.575,731.5,260.0,663.0,298.0,679.0,298.0,727.0,232.0,712.0,205.0,791.0,307.0,735.0,319.0,780.0,268.0,781.0,303.0,780.0,301.0
1962.jpg,0.575,729.5,260.5,662.0,299.0,679.0,299.0,727.0,232.0,713.0,204.0,789.0,308.0,742.0,321.0,781.0,271.0,779.0,302.0,778.0,302.0
1968.jpg,0.585,728.5,260.5,661.0,296.0,678.0,298.0,726.0,232.0,714.0,204.0,788.0,308.0,749.0,319.0,781.0,272.0,778.0,302.0,778.0,303.0
1974.jpg,0.455,741.5,259.5,711.0,207.0,726.0,232.0,730.0,228.0,712.0,206.0,791.0,306.0,736.0,310.0,693.0,298.0,762.0,314.0,764.0,316.0
1980.jpg,0.595,725.5,261.0,659.0,297.0,678.0,298.0,727.0,232.0,713.0,205.0,787.0,310.0,747.0,319.0,781.0,275.0,778.0,303.0,777.0,303.0
1986.jpg,0.57,729.0,261.0,661.0,299.0,678.0,299.0,726.0,232.0,712.0,205.0,788.0,309.0,742.0,321.0,781.0,275.0,777.0,303.0,777.0,302.0
1992.jpg,0.585,727.5,261.0,659.0,296.0,678.0,299.0,726.0,232.0,713.0,205.0,787.0,309.0,754.0,319.0,779.0,272.0,777.0,302.0,777.0,302.0
1998.jpg,0.595,725.5,261.0,660.0,298.0,678.0,298.0,727.0,232.0,711.0,205.0,787.0,309.0,763.0,316.0,780.0,274.0,778.0,302.0,777.0,302.0
2004.jpg,0.585,728.5,261.0,660.0,296.0,679.0,299.0,726.0,232.0,712.0,205.0,788.0,309.0,763.0,315.0,780.0,275.0,780.0,302.0,780.0,302.0
2010.jpg,0.61,726.0,261.5,659.0,297.0,677.0,298.0,726.0,232.0,712.0,205.0,787.0,309.0,765.0,314.0,781.0,275.0,780.0,303.0,780.0,301.0
2016.jpg,0.59,726.0,261.0,659.0,297.0,678.0,299.0,726.0,232.0,712.0,206.0,787.0,309.0,763.0,315.0,779.0,274.0,777.0,302.0,777.0,302.0
2022.jpg,0.61,723.0,261.5,660.0,298.0,676.0,298.0,726.0,232.0,711.0,205.0,786.0,309.0,765.0,314.0,780.0,275.0,779.0,303.0,777.0,303.0
2028.jpg,0.595,725.5,261.0,659.0,298.0,677.0,298.0,725.0,232.0,713.0,205.0,787.0,309.0,747.0,320.0,779.0,274.0,777.0,303.0,777.0,303.0
2034.jpg,0.415,741.5,261.0,711.0,212.0,725.0,232.0,732.0,230.0,711.0,212.0,785.0,311.0,736.0,310.0,736.0,311.0,763.0,311.0,759.0,311.0
2040.jpg,0.43,746.5,265.0,714.0,214.0,722.0,227.0,726.0,226.0,715.0,214.0,794.0,302.0,739.0,316.0,739.0,315.0,768.0,316.0,763.0,317.0
2046.jpg,0.495,749.5,259.5,709.0,207.0,721.0,219.0,723.0,219.0,709.0,204.0,802.0,293.0,733.0,312.0,740.0,312.0,776.0,316.0,767.0,319.0
2052.jpg,0.53,755.0,247.0,708.0,195.0,727.0,220.0,733.0,212.0,709.0,192.0,815.0,278.0,743.0,299.0,745.0,299.0,784.0,299.0,781.0,302.0
2058.jpg,0.53,766.0,241.0,714.0,191.0,733.0,212.0,735.0,211.0,716.0,189.0,827.0,261.0,759.0,288.0,760.0,288.0,797.0,278.0,797.0,282.0
2064.jpg,0.515,770.5,239.0,721.0,192.0,740.0,212.0,742.0,210.0,723.0,189.0,826.0,256.0,760.0,282.0,761.0,282.0,793.0,276.0,790.0,281.0
2070.jpg,0.505,768.5,244.5,722.0,195.0,742.0,216.0,743.0,214.0,724.0,192.0,825.0,262.0,719.0,284.0,718.0,285.0,796.0,284.0,781.0,294.0
2076.jpg,0.545,761.5,249.0,719.0,195.0,739.0,219.0,740.0,217.0,720.0,194.0,820.0,277.0,752.0,294.0,709.0,288.0,787.0,295.0,756.0,304.0
2082.jpg,0.585,757.5,249.0,716.0,195.0,737.0,219.0,738.0,219.0,717.0,192.0,819.0,283.0,748.0,298.0,707.0,290.0,788.0,297.0,788.0,298.0
2088.jpg,0.6,750.0,254.5,680.0,297.0,696.0,294.0,736.0,224.0,718.0,199.0,813.0,297.0,785.0,306.0,798.0,247.0,809.0,300.0,803.0,290.0
2094.jpg,0.625,744.5,255.0,678.0,295.0,698.0,294.0,738.0,226.0,720.0,200.0,814.0,293.0,749.0,304.0,801.0,262.0,809.0,290.0,809.0,289.0
2100.jpg,0.465,760.5,253.5,721.0,204.0,739.0,228.0,741.0,223.0,721.0,202.0,812.0,294.0,749.0,303.0,754.0,301.0,783.0,303.0,771.0,306.0
2106.jpg,0.665,736.5,258.0,671.0,296.0,692.0,296.0,736.0,228.0,721.0,201.0,805.0,301.0,765.0,314.0,797.0,267.0,795.0,293.0,792.0,292.0
2112.jpg,0.465,756.5,256.5,718.0,205.0,737.0,230.0,737.0,226.0,719.0,203.0,806.0,297.0,750.0,305.0,751.0,304.0,778.0,308.0,776.0,308.0
2118.jpg,0.46,756.0,257.0,717.0,205.0,735.0,230.0,736.0,227.0,719.0,203.0,805.0,298.0,748.0,305.0,749.0,305.0,778.0,306.0,770.0,309.0
2124.jpg,0.65,737.0,258.0,670.0,296.0,690.0,296.0,734.0,230.0,718.0,201.0,804.0,301.0,742.0,309.0,795.0,269.0,793.0,293.0,791.0,292.0
2130.jpg,0.65,736.0,258.5,670.0,296.0,689.0,296.0,733.0,229.0,718.0,201.0,803.0,302.0,742.0,313.0,788.0,253.0,792.0,294.0,790.0,293.0
2136.jpg,0.675,733.5,258.5,667.0,297.0,689.0,295.0,733.0,229.0,718.0,202.0,802.0,303.0,743.0,314.0,795.0,270.0,794.0,294.0,790.0,291.0
2142.jpg,0.65,736.0,259.0,669.0,296.0,689.0,296.0,733.0,230.0,717.0,202.0,804.0,302.0,743.0,313.0,794.0,270.0,793.0,294.0,790.0,292.0
2148.jpg,0.465,754.5,256.0,716.0,205.0,734.0,230.0,735.0,224.0,717.0,203.0,803.0,302.0,745.0,307.0,701.0,296.0,775.0,309.0,773.0,310.0
2154.jpg,0.46,755.0,257.0,716.0,205.0,732.0,228.0,733.0,226.0,716.0,204.0,804.0,299.0,739.0,307.0,741.0,307.0,774.0,309.0,768.0,311.0
2160.jpg,0.66,733.0,258.5,667.0,297.0,686.0,297.0,732.0,230.0,716.0,202.0,801.0,303.0,739.0,314.0,784.0,251.0,790.0,297.0,788.0,294.0
2166.jpg,0.45,754.0,257.0,715.0,206.0,732.0,228.0,736.0,225.0,716.0,204.0,802.0,302.0,765.0,297.0,700.0,297.0,776.0,308.0,773.0,312.0
2172.jpg,0.6,737.0,259.0,667.0,298.0,685.0,298.0,730.0,228.0,715.0,204.0,800.0,305.0,776.0,313.0,791.0,271.0,797.0,303.0,790.0,300.0
2178.jpg,0.6,735.0,259.5,666.0,298.0,685.0,299.0,730.0,230.0,714.0,204.0,798.0,306.0,771.0,313.0,788.0,271.0,795.0,303.0,788.0,300.0
2184.jpg,0.595,734.5,259.5,666.0,297.0,683.0,298.0,730.0,229.0,715.0,205.0,797.0,307.0,738.0,319.0,789.0,273.0,786.0,300.0,786.0,300.0
2190.jpg,0.575,735.5,259.0,667.0,298.0,683.0,298.0,729.0,230.0,714.0,205.0,796.0,307.0,738.0,317.0,783.0,256.0,785.0,302.0,785.0,300.0
2196.jpg,0.485,745.5,259.5,713.0,207.0,728.0,230.0,730.0,227.0,714.0,206.0,797.0,306.0,734.0,311.0,695.0,297.0,767.0,314.0,763.0,315.0
2202.jpg,0.435,747.5,261.5,714.0,211.0,727.0,230.0,729.0,228.0,714.0,210.0,794.0,306.0,741.0,311.0,742.0,311.0,769.0,314.0,766.0,316.0
2208.jpg,0.43,742.5,271.0,707.0,220.0,733.0,246.0,722.0,220.0,707.0,220.0,788.0,315.0,725.0,317.0,735.0,316.0,763.0,322.0,759.0,324.0
2214.jpg,0.38,739.0,270.0,714.0,224.0,725.0,235.0,726.0,236.0,712.0,224.0,725.0,230.0,712.0,288.0,712.0,287.0,758.0,315.0,748.0,315.0
2220.jpg,0.36,738.0,271.0,712.0,227.0,723.0,236.0,723.0,236.0,712.0,227.0,721.0,227.0,709.0,289.0,710.0,289.0,720.0,235.0,748.0,314.0
2226.jpg,0.35,737.0,270.0,714.0,227.0,723.0,235.0,722.0,236.0,712.0,227.0,719.0,227.0,710.0,289.0,712.0,290.0,719.0,234.0,719.0,234.0
2232.jpg,0.355,736.0,268.5,712.0,225.0,722.0,235.0,722.0,235.0,712.0,225.0,722.0,230.0,710.0,289.0,711.0,289.0,749.0,312.0,739.0,310.0
2238.jpg,0.365,734.5,269.5,713.0,225.0,721.0,235.0,722.0,235.0,714.0,225.0,719.0,225.0,709.0,290.0,710.0,290.0,719.0,226.0,738.0,313.0
2244.jpg,0.355,735.0,268.5,711.0,225.0,721.0,237.0,721.0,236.0,713.0,225.0,722.0,232.0,709.0,289.0,709.0,289.0,718.0,233.0,731.0,310.0
2250.jpg,0.36,734.5,269.0,713.0,225.0,721.0,237.0,723.0,236.0,713.0,225.0,718.0,226.0,709.0,290.0,711.0,290.0,719.0,226.0,716.0,232.0
2256.jpg,0.365,733.5,268.5,713.0,224.0,722.0,237.0,722.0,236.0,715.0,224.0,774.0,311.0,709.0,289.0,710.0,290.0,717.0,226.0,738.0,312.0
2262.jpg,0.35,734.0,268.0,713.0,225.0,721.0,235.0,722.0,235.0,713.0,225.0,717.0,225.0,709.0,288.0,710.0,288.0,719.0,226.0,716.0,232.0
2268.jpg,0.355,733.5,267.5,713.0,224.0,721.0,234.0,723.0,235.0,714.0,224.0,720.0,227.0,710.0,289.0,711.0,290.0,719.0,225.0,716.0,231.0
2274.jpg,0.355,733.5,267.5,713.0,224.0,721.0,235.0,722.0,235.0,714.0,224.0,717.0,224.0,708.0,288.0,709.0,288.0,718.0,225.0,736.0,310.0
2280.jpg,0.355,733.0,267.5,712.0,224.0,721.0,234.0,722.0,234.0,712.0,224.0,719.0,227.0,707.0,286.0,707.0,286.0,743.0,310.0,741.0,311.0
2286.jpg,0.35,733.5,267.0,711.0,224.0,721.0,234.0,722.0,234.0,710.0,224.0,721.0,228.0,708.0,286.0,708.0,286.0,719.0,225.0,743.0,310.0
2292.jpg,0.355,733.0,266.5,711.0,223.0,721.0,233.0,722.0,234.0,712.0,223.0,716.0,223.0,707.0,286.0,708.0,286.0,718.0,231.0,741.0,310.0
2298.jpg,0.35,734.0,266.0,712.0,223.0,721.0,233.0,723.0,233.0,712.0,223.0,717.0,223.0,710.0,286.0,710.0,286.0,719.0,231.0,737.0,308.0
2304.jpg,0.35,734.0,266.0,712.0,223.0,721.0,233.0,723.0,233.0,712.0,223.0,722.0,228.0,709.0,285.0,710.0,285.0,718.0,224.0,737.0,308.0
2310.jpg,0.345,733.5,266.5,710.0,225.0,720.0,233.0,721.0,233.0,710.0,225.0,719.0,225.0,708.0,285.0,708.0,285.0,716.0,225.0,740.0,308.0
2316.jpg,0.355,734.5,266.5,711.0,223.0,721.0,235.0,723.0,234.0,712.0,223.0,718.0,223.0,710.0,286.0,709.0,285.0,718.0,223.0,742.0,309.0
2322.jpg,0.35,734.0,267.0,712.0,224.0,721.0,234.0,722.0,234.0,713.0,224.0,717.0,224.0,708.0,286.0,709.0,286.0,716.0,225.0,740.0,309.0
2328.jpg,0.345,734.0,266.5,711.0,226.0,721.0,234.0,722.0,234.0,714.0,225.0,718.0,225.0,709.0,286.0,711.0,286.0,715.0,226.0,740.0,308.0
2334.jpg,0.345,734.5,266.5,711.0,225.0,721.0,233.0,722.0,233.0,711.0,225.0,718.0,225.0,709.0,286.0,710.0,286.0,715.0,225.0,741.0,308.0
2340.jpg,0.35,733.0,267.0,712.0,224.0,722.0,235.0,723.0,235.0,714.0,224.0,716.0,224.0,708.0,286.0,709.0,286.0,715.0,226.0,741.0,310.0
2346.jpg,0.35,733.5,267.0,711.0,224.0,721.0,236.0,722.0,235.0,713.0,224.0,717.0,224.0,708.0,286.0,709.0,286.0,717.0,225.0,740.0,309.0
2352.jpg,0.345,734.0,267.5,711.0,226.0,721.0,234.0,722.0,234.0,711.0,226.0,719.0,227.0,709.0,286.0,709.0,287.0,716.0,226.0,742.0,309.0
2358.jpg,0.35,733.0,268.0,712.0,225.0,722.0,236.0,722.0,236.0,712.0,225.0,716.0,225.0,708.0,286.0,709.0,286.0,715.0,225.0,740.0,311.0
2364.jpg,0.345,733.5,267.5,710.0,226.0,720.0,235.0,722.0,235.0,712.0,226.0,717.0,227.0,708.0,286.0,709.0,287.0,716.0,226.0,741.0,309.0
2370.jpg,0.35,733.0,268.0,712.0,225.0,721.0,237.0,722.0,236.0,712.0,225.0,716.0,225.0,709.0,287.0,709.0,287.0,716.0,225.0,740.0,311.0
2376.jpg,0.35,733.0,268.0,712.0,225.0,721.0,237.0,722.0,237.0,712.0,225.0,716.0,225.0,708.0,287.0,709.0,287.0,716.0,225.0,736.0,310.0
2382.jpg,0.35,733.0,269.0,712.0,226.0,720.0,236.0,722.0,236.0,712.0,226.0,716.0,226.0,707.0,287.0,708.0,288.0,715.0,226.0,741.0,312.0
2388.jpg,0.35,733.5,268.0,711.0,225.0,721.0,237.0,721.0,235.0,713.0,225.0,720.0,229.0,707.0,287.0,708.0,287.0,716.0,225.0,740.0,311.0
2394.jpg,0.35,733.0,269.0,711.0,226.0,720.0,236.0,721.0,236.0,712.0,226.0,716.0,226.0,707.0,287.0,708.0,288.0,716.0,226.0,740.0,311.0
2400.jpg,0.345,733.5,268.5,710.0,227.0,720.0,235.0,720.0,235.0,710.0,227.0,717.0,227.0,706.0,286.0,707.0,287.0,716.0,228.0,740.0,310.0
2406.jpg,0.355,732.5,268.5,712.0,225.0,720.0,237.0,721.0,236.0,712.0,225.0,716.0,225.0,707.0,287.0,708.0,287.0,716.0,225.0,739.0,311.0
2412.jpg,0.345,732.5,269.5,709.0,228.0,719.0,235.0,719.0,235.0,711.0,228.0,716.0,228.0,706.0,288.0,707.0,288.0,715.0,228.0,739.0,311.0
2424.jpg,0.615,643.5,265.0,684.0,223.0,688.0,241.0,689.0,241.0,685.0,223.0,694.0,314.0,617.0,282.0,703.0,290.0,667.0,319.0,666.0,319.0
2430.jpg,0.515,641.5,290.0,588.0,291.0,602.0,300.0,684.0,256.0,683.0,241.0,675.0,340.0,638.0,333.0,686.0,318.0,672.0,335.0,668.0,332.0
2436.jpg,0.51,604.0,326.0,553.0,293.0,563.0,305.0,648.0,293.0,657.0,282.0,613.0,372.0,594.0,357.0,631.0,359.0,613.0,372.0,613.0,373.0
2442.jpg,0.51,574.0,336.5,526.0,292.0,533.0,310.0,619.0,315.0,631.0,302.0,562.0,388.0,540.0,363.0,585.0,375.0,562.0,389.0,561.0,390.0
2448.jpg,0.545,574.5,341.5,523.0,291.0,532.0,315.0,620.0,318.0,629.0,303.0,560.0,400.0,545.0,380.0,589.0,380.0,560.0,400.0,560.0,400.0
2454.jpg,0.545,573.5,348.0,521.0,293.0,530.0,316.0,618.0,322.0,628.0,306.0,561.0,411.0,532.0,380.0,588.0,391.0,560.0,409.0,561.0,405.0
2460.jpg,0.535,576.0,347.5,523.0,292.0,532.0,316.0,621.0,319.0,630.0,303.0,564.0,409.0,538.0,379.0,596.0,384.0,564.0,408.0,564.0,405.0
2466.jpg,0.54,571.5,351.0,519.0,294.0,528.0,317.0,615.0,325.0,625.0,307.0,551.0,412.0,535.0,391.0,586.0,392.0,552.0,412.0,552.0,409.0
2472.jpg,0.56,555.5,352.0,508.0,292.0,516.0,314.0,600.0,332.0,613.0,316.0,524.0,421.0,505.0,385.0,564.0,400.0,526.0,421.0,526.0,414.0
2478.jpg,0.56,554.5,357.0,505.0,295.0,513.0,316.0,597.0,335.0,610.0,319.0,523.0,426.0,510.0,399.0,552.0,409.0,525.0,426.0,528.0,415.0
2484.jpg,0.55,560.0,360.5,508.0,299.0,517.0,321.0,600.0,338.0,614.0,320.0,531.0,429.0,511.0,396.0,567.0,407.0,531.0,429.0,533.0,421.0
2490.jpg,0.545,563.5,364.5,512.0,304.0,521.0,326.0,605.0,339.0,618.0,320.0,540.0,430.0,519.0,402.0,567.0,411.0,541.0,425.0,542.0,421.0
2496.jpg,0.55,565.0,364.0,513.0,305.0,523.0,326.0,607.0,339.0,620.0,321.0,541.0,432.0,518.0,400.0,571.0,412.0,543.0,432.0,545.0,421.0
2502.jpg,0.555,560.5,366.0,510.0,302.0,518.0,325.0,602.0,341.0,616.0,323.0,532.0,435.0,512.0,414.0,566.0,421.0,534.0,435.0,534.0,435.0
2508.jpg,0.555,560.5,366.5,511.0,303.0,519.0,325.0,602.0,342.0,617.0,322.0,532.0,435.0,513.0,414.0,572.0,416.0,536.0,435.0,536.0,435.0
2514.jpg,0.55,560.0,367.5,511.0,304.0,519.0,327.0,601.0,342.0,615.0,322.0,534.0,436.0,512.0,408.0,564.0,419.0,534.0,436.0,536.0,432.0
2520.jpg,0.565,557.0,367.5,507.0,303.0,516.0,327.0,598.0,343.0,612.0,324.0,525.0,438.0,504.0,408.0,562.0,417.0,528.0,438.0,528.0,430.0
2526.jpg,0.6,546.5,361.0,503.0,289.0,510.0,316.0,590.0,337.0,606.0,320.0,511.0,435.0,488.0,405.0,549.0,421.0,513.0,435.0,511.0,434.0
2532.jpg,0.625,536.5,342.5,496.0,270.0,502.0,298.0,579.0,328.0,599.0,311.0,492.0,420.0,474.0,397.0,534.0,414.0,497.0,420.0,501.0,418.0
2538.jpg,0.66,523.0,335.0,491.0,263.0,493.0,292.0,568.0,328.0,590.0,314.0,471.0,417.0,457.0,383.0,538.0,399.0,476.0,417.0,488.0,415.0
2544.jpg,0.715,506.5,329.0,483.0,256.0,484.0,288.0,554.0,332.0,576.0,319.0,448.0,404.0,435.0,367.0,504.0,399.0,449.0,406.0,450.0,406.0
2550.jpg,0.7,490.0,331.0,475.0,261.0,471.0,298.0,540.0,342.0,561.0,331.0,428.0,402.0,426.0,370.0,475.0,399.0,430.0,405.0,434.0,405.0
2556.jpg,0.705,489.5,327.5,476.0,258.0,471.0,296.0,539.0,340.0,561.0,330.0,425.0,399.0,419.0,364.0,478.0,396.0,427.0,403.0,441.0,402.0
2562.jpg,0.7,493.5,314.0,482.0,244.0,478.0,280.0,540.0,330.0,563.0,322.0,425.0,382.0,422.0,343.0,466.0,392.0,426.0,388.0,437.0,389.0
2568.jpg,0.725,480.5,308.5,479.0,242.0,472.0,279.0,530.0,331.0,553.0,325.0,408.0,372.0,407.0,332.0,455.0,373.0,408.0,376.0,411.0,378.0
2574.jpg,0.705,467.5,309.5,476.0,250.0,466.0,285.0,522.0,337.0,544.0,331.0,404.0,373.0,409.0,329.0,449.0,377.0,403.0,374.0,398.0,370.0
2580.jpg,0.375,435.0,316.5,470.0,272.0,457.0,292.0,457.0,296.0,471.0,273.0,407.0,344.0,420.0,362.0,426.0,362.0,415.0,361.0,415.0,362.0
2586.jpg,0.31,436.0,324.0,463.0,287.0,414.0,302.0,454.0,313.0,465.0,290.0,417.0,355.0,410.0,343.0,466.0,289.0,422.0,361.0,422.0,362.0
2592.jpg,0.335,438.0,340.5,462.0,301.0,428.0,307.0,453.0,327.0,464.0,306.0,414.0,366.0,411.0,360.0,447.0,369.0,422.0,381.0,422.0,382.0
2598.jpg,0.435,450.5,355.0,461.0,308.0,455.0,336.0,456.0,337.0,462.0,310.0,420.0,409.0,447.0,408.0,463.0,309.0,458.0,408.0,462.0,409.0
2604.jpg,0.325,431.5,354.5,458.0,316.0,405.0,338.0,446.0,337.0,458.0,317.0,403.0,381.0,427.0,381.0,459.0,317.0,410.0,394.0,411.0,395.0
2610.jpg,0.375,422.5,340.5,445.0,300.0,435.0,325.0,437.0,325.0,448.0,303.0,389.0,368.0,387.0,359.0,431.0,377.0,449.0,303.0,405.0,386.0
2616.jpg,0.36,410.0,339.0,442.0,298.0,402.0,303.0,431.0,323.0,444.0,300.0,378.0,360.0,380.0,360.0,446.0,299.0,445.0,296.0,394.0,383.0
2622.jpg,0.345,410.5,338.5,441.0,298.0,388.0,321.0,429.0,325.0,442.0,301.0,381.0,365.0,382.0,364.0,444.0,300.0,395.0,380.0,396.0,380.0
2628.jpg,0.35,408.0,333.5,439.0,293.0,442.0,297.0,430.0,319.0,441.0,296.0,378.0,351.0,379.0,359.0,443.0,296.0,389.0,364.0,391.0,376.0
2634.jpg,0.355,405.5,330.5,438.0,290.0,404.0,311.0,424.0,318.0,441.0,293.0,371.0,375.0,375.0,353.0,443.0,293.0,371.0,375.0,372.0,375.0
2640.jpg,0.345,409.0,333.5,440.0,293.0,391.0,307.0,424.0,321.0,442.0,295.0,391.0,373.0,380.0,357.0,443.0,295.0,444.0,293.0,393.0,374.0
2646.jpg,0.32,409.0,330.5,437.0,293.0,390.0,307.0,425.0,319.0,440.0,296.0,381.0,367.0,382.0,343.0,410.0,368.0,394.0,369.0,394.0,369.0
2652.jpg,0.33,409.0,329.5,438.0,295.0,392.0,305.0,427.0,318.0,439.0,297.0,380.0,346.0,388.0,359.0,403.0,361.0,390.0,359.0,393.0,368.0
2658.jpg,0.34,406.0,331.0,433.0,293.0,419.0,317.0,423.0,318.0,436.0,295.0,372.0,372.0,376.0,350.0,393.0,373.0,373.0,373.0,372.0,372.0
2664.jpg,0.395,400.5,326.5,387.0,280.0,387.0,293.0,420.0,313.0,438.0,288.0,364.0,373.0,363.0,349.0,397.0,376.0,366.0,376.0,383.0,376.0
2670.jpg,0.43,394.5,303.0,431.0,267.0,435.0,271.0,417.0,295.0,437.0,272.0,352.0,334.0,389.0,345.0,388.0,345.0,376.0,346.0,372.0,348.0
2676.jpg,0.42,395.5,289.0,433.0,260.0,387.0,257.0,417.0,288.0,437.0,266.0,359.0,319.0,363.0,301.0,388.0,330.0,377.0,331.0,376.0,332.0
2682.jpg,0.47,396.0,293.0,437.0,258.0,386.0,255.0,420.0,286.0,442.0,262.0,351.0,320.0,359.0,299.0,402.0,340.0,374.0,335.0,384.0,340.0
2688.jpg,0.485,394.5,283.5,437.0,252.0,445.0,256.0,421.0,282.0,444.0,256.0,348.0,310.0,360.0,289.0,446.0,256.0,373.0,324.0,383.0,330.0
2694.jpg,0.445,403.5,283.5,446.0,257.0,391.0,249.0,428.0,284.0,449.0,261.0,364.0,311.0,370.0,291.0,402.0,326.0,382.0,323.0,385.0,324.0
2700.jpg,0.32,424.5,305.0,452.0,272.0,407.0,283.0,443.0,295.0,454.0,275.0,397.0,315.0,402.0,332.0,425.0,344.0,402.0,334.0,405.0,344.0
2706.jpg,0.49,485.0,333.5,468.0,290.0,467.0,317.0,534.0,356.0,471.0,290.0,451.0,381.0,435.0,341.0,489.0,376.0,473.0,381.0,473.0,380.0
2712.jpg,0.55,495.5,350.0,468.0,308.0,468.0,334.0,541.0,365.0,558.0,354.0,458.0,402.0,447.0,382.0,502.0,393.0,457.0,404.0,455.0,402.0
2718.jpg,0.565,497.5,355.0,472.0,307.0,472.0,335.0,545.0,366.0,561.0,353.0,460.0,406.0,451.0,385.0,493.0,401.0,462.0,409.0,460.0,409.0
2724.jpg,0.565,496.5,354.0,471.0,306.0,472.0,334.0,544.0,366.0,560.0,353.0,459.0,405.0,449.0,386.0,492.0,400.0,460.0,407.0,458.0,408.0
2730.jpg,0.57,497.0,353.0,472.0,305.0,472.0,334.0,544.0,365.0,559.0,355.0,459.0,405.0,449.0,385.0,494.0,400.0,459.0,407.0,457.0,407.0
2736.jpg,0.555,501.5,354.0,474.0,306.0,475.0,334.0,550.0,363.0,565.0,350.0,470.0,409.0,454.0,383.0,499.0,401.0,469.0,409.0,468.0,409.0
2742.jpg,0.545,593.5,357.5,541.0,327.0,539.0,354.0,638.0,331.0,646.0,311.0,608.0,406.0,575.0,394.0,625.0,387.0,608.0,406.0,607.0,406.0
2748.jpg,0.495,639.5,323.0,589.0,322.0,606.0,333.0,681.0,299.0,683.0,276.0,676.0,371.0,639.0,368.0,684.0,351.0,673.0,372.0,671.0,374.0
2754.jpg,0.535,674.5,318.0,621.0,328.0,638.0,337.0,708.0,291.0,705.0,266.0,723.0,371.0,681.0,371.0,727.0,345.0,714.0,365.0,713.0,364.0
2760.jpg,0.6,691.0,316.0,633.0,328.0,653.0,336.0,720.0,285.0,716.0,260.0,745.0,375.0,690.0,372.0,748.0,345.0,740.0,369.0,734.0,365.0
2766.jpg,0.6,689.5,322.0,630.0,330.0,648.0,339.0,718.0,289.0,714.0,263.0,743.0,382.0,719.0,382.0,749.0,352.0,736.0,372.0,734.0,372.0
2772.jpg,0.605,687.0,325.5,625.0,329.0,646.0,340.0,713.0,291.0,711.0,265.0,738.0,387.0,712.0,387.0,745.0,357.0,732.0,377.0,731.0,376.0
2778.jpg,0.595,679.5,322.5,621.0,328.0,640.0,338.0,710.0,292.0,706.0,265.0,733.0,382.0,710.0,381.0,739.0,354.0,728.0,375.0,724.0,372.0
2784.jpg,0.61,687.0,314.0,627.0,326.0,645.0,335.0,711.0,287.0,707.0,260.0,745.0,369.0,705.0,370.0,745.0,341.0,741.0,366.0,737.0,362.0
2790.jpg,0.47,729.0,293.0,720.0,244.0,730.0,270.0,730.0,269.0,720.0,244.0,778.0,342.0,672.0,327.0,685.0,327.0,749.0,348.0,750.0,350.0
2796.jpg,0.4,745.0,280.5,729.0,236.0,742.0,260.0,743.0,259.0,729.0,235.0,787.0,322.0,751.0,313.0,752.0,313.0,763.0,328.0,761.0,329.0
2802.jpg,0.495,732.5,281.0,674.0,315.0,691.0,319.0,742.0,259.0,731.0,234.0,785.0,325.0,733.0,337.0,782.0,290.0,781.0,320.0,781.0,318.0
2808.jpg,0.605,722.5,288.0,667.0,316.0,689.0,322.0,740.0,262.0,729.0,236.0,784.0,338.0,727.0,342.0,781.0,308.0,777.0,332.0,774.0,330.0
2814.jpg,0.595,721.5,290.5,664.0,317.0,687.0,323.0,739.0,263.0,728.0,237.0,784.0,340.0,731.0,349.0,782.0,309.0,775.0,333.0,773.0,333.0
2820.jpg,0.625,719.5,306.0,657.0,325.0,680.0,332.0,736.0,274.0,728.0,249.0,777.0,367.0,741.0,369.0,782.0,333.0,771.0,358.0,766.0,353.0
2826.jpg,0.615,705.5,321.5,644.0,330.0,668.0,339.0,729.0,287.0,722.0,260.0,761.0,389.0,722.0,390.0,769.0,356.0,756.0,383.0,751.0,374.0
2832.jpg,0.625,701.5,328.5,640.0,332.0,662.0,342.0,725.0,291.0,718.0,265.0,758.0,394.0,718.0,392.0,764.0,363.0,750.0,383.0,747.0,382.0
2838.jpg,0.635,701.0,328.5,639.0,331.0,662.0,341.0,724.0,290.0,719.0,264.0,757.0,393.0,719.0,392.0,763.0,362.0,753.0,384.0,748.0,382.0
2844.jpg,0.625,700.5,326.5,639.0,330.0,663.0,340.0,725.0,289.0,719.0,263.0,757.0,391.0,719.0,390.0,763.0,359.0,752.0,383.0,747.0,379.0
2850.jpg,0.625,701.5,325.5,640.0,330.0,662.0,339.0,725.0,289.0,720.0,263.0,758.0,389.0,721.0,390.0,764.0,358.0,753.0,380.0,748.0,378.0
2856.jpg,0.63,701.0,325.5,639.0,329.0,662.0,339.0,724.0,287.0,719.0,261.0,756.0,389.0,718.0,389.0,764.0,360.0,751.0,382.0,748.0,378.0
2862.jpg,0.63,701.0,325.5,639.0,329.0,662.0,340.0,724.0,288.0,719.0,263.0,755.0,391.0,717.0,391.0,764.0,360.0,750.0,381.0,746.0,380.0
2868.jpg,0.635,700.5,326.5,638.0,330.0,662.0,340.0,724.0,288.0,719.0,263.0,756.0,391.0,719.0,391.0,764.0,360.0,751.0,382.0,748.0,380.0
2874.jpg,0.63,700.0,327.0,638.0,329.0,662.0,339.0,724.0,289.0,720.0,263.0,756.0,391.0,720.0,391.0,763.0,359.0,752.0,382.0,747.0,380.0
2880.jpg,0.63,700.0,327.0,638.0,331.0,661.0,340.0,724.0,289.0,720.0,263.0,756.0,391.0,718.0,391.0,763.0,360.0,752.0,382.0,747.0,380.0
2886.jpg,0.63,700.0,326.0,638.0,330.0,661.0,339.0,724.0,289.0,718.0,262.0,755.0,392.0,721.0,391.0,763.0,359.0,750.0,382.0,747.0,380.0
2892.jpg,0.63,700.0,326.0,638.0,330.0,661.0,339.0,724.0,289.0,720.0,263.0,755.0,391.0,721.0,391.0,763.0,359.0,750.0,382.0,747.0,380.0
2898.jpg,0.63,699.5,326.0,638.0,330.0,660.0,339.0,724.0,289.0,719.0,263.0,756.0,392.0,730.0,392.0,762.0,359.0,751.0,384.0,746.0,380.0
2904.jpg,0.625,699.5,326.5,638.0,330.0,662.0,340.0,724.0,289.0,719.0,263.0,754.0,392.0,718.0,390.0,762.0,359.0,748.0,381.0,746.0,380.0
2910.jpg,0.625,699.0,325.5,638.0,329.0,661.0,340.0,725.0,289.0,720.0,263.0,755.0,391.0,720.0,390.0,762.0,358.0,750.0,383.0,745.0,379.0
2916.jpg,0.625,699.0,324.5,638.0,329.0,661.0,339.0,725.0,288.0,720.0,262.0,755.0,392.0,720.0,390.0,762.0,357.0,750.0,382.0,744.0,378.0
2922.jpg,0.625,699.5,325.5,638.0,329.0,662.0,339.0,724.0,288.0,719.0,262.0,754.0,391.0,716.0,390.0,762.0,357.0,749.0,382.0,746.0,379.0
2928.jpg,0.625,699.0,325.5,638.0,329.0,660.0,339.0,725.0,288.0,718.0,262.0,755.0,391.0,718.0,391.0,762.0,356.0,750.0,382.0,746.0,379.0
2934.jpg,0.625,698.5,325.5,637.0,329.0,661.0,339.0,724.0,288.0,719.0,262.0,755.0,391.0,730.0,391.0,762.0,357.0,750.0,383.0,745.0,379.0
2940.jpg,0.625,698.5,325.5,639.0,329.0,661.0,339.0,724.0,288.0,719.0,262.0,755.0,391.0,717.0,390.0,761.0,357.0,750.0,383.0,745.0,379.0
2946.jpg,0.625,698.5,324.5,637.0,329.0,661.0,339.0,724.0,288.0,719.0,262.0,755.0,390.0,718.0,389.0,761.0,357.0,750.0,383.0,745.0,378.0
2952.jpg,0.62,698.0,324.0,639.0,330.0,660.0,340.0,725.0,288.0,720.0,262.0,754.0,393.0,720.0,392.0,761.0,358.0,750.0,384.0,744.0,378.0
2958.jpg,0.62,698.5,325.0,638.0,330.0,661.0,339.0,725.0,287.0,719.0,262.0,754.0,393.0,714.0,390.0,761.0,358.0,749.0,385.0,744.0,379.0
2964.jpg,0.62,698.0,324.0,637.0,329.0,660.0,338.0,725.0,288.0,718.0,262.0,754.0,390.0,717.0,390.0,761.0,357.0,749.0,384.0,744.0,377.0
2970.jpg,0.625,697.5,326.0,636.0,330.0,658.0,339.0,723.0,287.0,718.0,261.0,752.0,392.0,717.0,392.0,760.0,359.0,746.0,382.0,743.0,380.0
2976.jpg,0.66,702.0,317.5,637.0,324.0,662.0,332.0,722.0,277.0,716.0,250.0,762.0,386.0,722.0,390.0,771.0,350.0,759.0,377.0,757.0,374.0
2982.jpg,0.7,718.0,292.5,648.0,313.0,671.0,317.0,726.0,257.0,715.0,225.0,790.0,351.0,751.0,363.0,788.0,307.0,785.0,344.0,779.0,342.0
2988.jpg,0.715,722.5,287.0,651.0,311.0,673.0,313.0,726.0,250.0,715.0,220.0,794.0,344.0,754.0,359.0,795.0,295.0,784.0,333.0,784.0,334.0
2994.jpg,0.74,708.0,297.0,634.0,311.0,659.0,316.0,716.0,256.0,708.0,226.0,773.0,363.0,740.0,375.0,784.0,307.0,770.0,355.0,768.0,353.0
3000.jpg,0.725,693.5,308.5,620.0,314.0,645.0,321.0,709.0,267.0,702.0,236.0,757.0,381.0,724.0,389.0,770.0,324.0,754.0,371.0,754.0,371.0
3006.jpg,0.725,711.0,284.5,639.0,308.0,663.0,311.0,714.0,246.0,704.0,218.0,787.0,342.0,746.0,361.0,784.0,300.0,783.0,338.0,776.0,334.0
3012.jpg,0.7,734.0,270.0,660.0,307.0,679.0,305.0,723.0,237.0,708.0,208.0,808.0,319.0,728.0,330.0,797.0,279.0,802.0,316.0,795.0,309.0
3018.jpg,0.68,760.0,254.5,683.0,301.0,700.0,298.0,736.0,228.0,716.0,200.0,832.0,288.0,756.0,313.0,805.0,241.0,828.0,288.0,826.0,289.0
3024.jpg,0.575,775.0,252.5,726.0,201.0,746.0,224.0,748.0,224.0,727.0,199.0,836.0,285.0,767.0,303.0,720.0,296.0,801.0,302.0,796.0,305.0
3030.jpg,0.665,760.5,261.5,690.0,307.0,707.0,303.0,749.0,235.0,729.0,207.0,828.0,306.0,805.0,316.0,817.0,264.0,820.0,298.0,819.0,296.0
3036.jpg,0.685,751.5,269.0,679.0,306.0,699.0,306.0,743.0,238.0,722.0,209.0,820.0,320.0,787.0,330.0,810.0,263.0,809.0,309.0,810.0,308.0
3042.jpg,0.695,747.5,270.0,675.0,306.0,697.0,306.0,742.0,240.0,723.0,210.0,819.0,320.0,751.0,331.0,811.0,282.0,810.0,312.0,807.0,309.0
3048.jpg,0.68,753.0,268.0,681.0,306.0,701.0,306.0,745.0,239.0,726.0,209.0,825.0,317.0,757.0,326.0,814.0,281.0,819.0,316.0,803.0,316.0
3054.jpg,0.68,757.0,266.0,685.0,304.0,706.0,306.0,748.0,238.0,730.0,209.0,827.0,314.0,806.0,322.0,815.0,268.0,815.0,303.0,815.0,303.0
3060.jpg,0.705,756.5,265.5,683.0,304.0,705.0,305.0,748.0,236.0,729.0,206.0,827.0,312.0,754.0,320.0,820.0,274.0,811.0,300.0,813.0,298.0
3066.jpg,0.705,748.5,270.5,677.0,306.0,697.0,306.0,743.0,239.0,725.0,208.0,821.0,320.0,780.0,335.0,816.0,284.0,812.0,314.0,809.0,310.0
3072.jpg,0.705,749.5,270.5,676.0,307.0,697.0,307.0,742.0,240.0,723.0,210.0,822.0,325.0,788.0,335.0,814.0,284.0,813.0,320.0,810.0,313.0
3078.jpg,0.685,745.5,274.0,674.0,309.0,694.0,309.0,741.0,242.0,724.0,212.0,815.0,331.0,772.0,341.0,812.0,291.0,806.0,323.0,804.0,323.0
3084.jpg,0.695,744.5,275.0,674.0,307.0,694.0,309.0,740.0,241.0,725.0,212.0,816.0,333.0,780.0,339.0,812.0,295.0,811.0,326.0,804.0,322.0
3090.jpg,0.68,742.0,276.5,673.0,308.0,693.0,310.0,739.0,240.0,725.0,215.0,814.0,332.0,776.0,341.0,803.0,275.0,803.0,324.0,800.0,323.0
3096.jpg,0.69,741.0,276.5,671.0,307.0,692.0,309.0,738.0,241.0,725.0,214.0,814.0,330.0,775.0,340.0,807.0,290.0,803.0,321.0,800.0,317.0
3102.jpg,0.69,740.0,277.5,670.0,307.0,691.0,310.0,738.0,242.0,724.0,214.0,813.0,333.0,769.0,342.0,807.0,293.0,809.0,327.0,800.0,318.0
3108.jpg,0.7,740.0,278.0,670.0,308.0,691.0,311.0,738.0,242.0,725.0,215.0,814.0,335.0,777.0,341.0,808.0,296.0,808.0,330.0,801.0,326.0
3114.jpg,0.69,739.0,278.0,669.0,307.0,690.0,310.0,737.0,243.0,724.0,214.0,812.0,332.0,775.0,340.0,806.0,293.0,808.0,328.0,799.0,318.0
3120.jpg,0.69,739.0,277.0,669.0,308.0,689.0,309.0,737.0,243.0,724.0,213.0,809.0,332.0,755.0,344.0,808.0,292.0,801.0,325.0,799.0,324.0
3126.jpg,0.685,735.5,280.5,667.0,310.0,687.0,311.0,737.0,244.0,723.0,217.0,809.0,339.0,782.0,342.0,804.0,292.0,805.0,335.0,805.0,330.0
3132.jpg,0.68,735.0,283.0,666.0,311.0,687.0,313.0,736.0,247.0,723.0,219.0,807.0,343.0,769.0,351.0,800.0,297.0,801.0,336.0,796.0,332.0
3138.jpg,0.68,732.0,285.5,664.0,313.0,685.0,316.0,737.0,249.0,724.0,223.0,802.0,345.0,761.0,352.0,798.0,301.0,792.0,336.0,790.0,333.0
3144.jpg,0.67,727.0,289.0,660.0,314.0,682.0,318.0,735.0,252.0,723.0,226.0,794.0,352.0,754.0,356.0,794.0,299.0,787.0,345.0,784.0,339.0
3150.jpg,0.67,721.0,297.0,654.0,316.0,676.0,322.0,731.0,259.0,722.0,233.0,788.0,361.0,761.0,362.0,788.0,307.0,782.0,354.0,781.0,352.0
3156.jpg,0.66,718.0,299.5,652.0,319.0,674.0,324.0,731.0,261.0,722.0,235.0,782.0,365.0,750.0,368.0,785.0,326.0,776.0,355.0,776.0,355.0
3162.jpg,0.665,713.5,303.0,648.0,318.0,670.0,324.0,729.0,264.0,721.0,238.0,774.0,370.0,734.0,372.0,781.0,334.0,770.0,361.0,768.0,359.0
3168.jpg,0.665,710.5,304.0,644.0,319.0,669.0,326.0,727.0,267.0,719.0,240.0,774.0,374.0,745.0,373.0,778.0,336.0,767.0,364.0,764.0,361.0
3174.jpg,0.64,707.0,310.0,644.0,322.0,667.0,330.0,726.0,271.0,718.0,246.0,771.0,379.0,731.0,377.0,773.0,337.0,763.0,369.0,761.0,365.0
3180.jpg,0.625,711.5,307.5,650.0,324.0,670.0,332.0,730.0,274.0,722.0,249.0,770.0,372.0,735.0,372.0,774.0,338.0,764.0,362.0,761.0,360.0
3186.jpg,0.635,714.5,306.0,652.0,323.0,673.0,331.0,733.0,271.0,726.0,245.0,776.0,369.0,727.0,369.0,778.0,337.0,770.0,360.0,768.0,359.0
3192.jpg,0.625,708.5,310.5,647.0,325.0,669.0,332.0,730.0,275.0,723.0,249.0,769.0,378.0,728.0,376.0,772.0,343.0,762.0,367.0,761.0,364.0
3198.jpg,0.65,724.0,300.0,660.0,323.0,681.0,327.0,737.0,264.0,728.0,239.0,792.0,362.0,768.0,365.0,787.0,316.0,787.0,356.0,781.0,353.0
3204.jpg,0.635,735.5,290.5,673.0,319.0,693.0,323.0,747.0,259.0,733.0,233.0,802.0,347.0,778.0,352.0,797.0,307.0,800.0,344.0,791.0,336.0
3210.jpg,0.5,753.5,281.0,735.0,228.0,750.0,253.0,751.0,252.0,736.0,227.0,806.0,330.0,712.0,317.0,712.0,317.0,768.0,339.0,763.0,340.0
3216.jpg,0.445,755.5,289.5,739.0,237.0,752.0,259.0,754.0,259.0,740.0,237.0,802.0,345.0,711.0,323.0,712.0,323.0,740.0,237.0,779.0,345.0
3222.jpg,0.62,738.0,299.5,682.0,326.0,703.0,331.0,756.0,269.0,744.0,244.0,802.0,355.0,756.0,361.0,800.0,313.0,792.0,347.0,791.0,345.0
3228.jpg,0.605,746.5,295.5,689.0,327.0,711.0,330.0,761.0,266.0,749.0,241.0,811.0,346.0,750.0,354.0,807.0,307.0,810.0,349.0,801.0,339.0
3234.jpg,0.6,762.0,288.5,700.0,322.0,719.0,325.0,767.0,260.0,753.0,236.0,825.0,338.0,799.0,343.0,818.0,302.0,813.0,322.0,815.0,327.0
3240.jpg,0.415,788.5,284.5,754.0,235.0,768.0,255.0,770.0,253.0,754.0,234.0,830.0,336.0,792.0,327.0,792.0,327.0,809.0,333.0,804.0,335.0
3246.jpg,0.42,791.5,270.0,754.0,223.0,772.0,243.0,773.0,241.0,755.0,221.0,840.0,306.0,798.0,309.0,800.0,308.0,811.0,318.0,810.0,320.0
3252.jpg,0.405,791.0,266.5,755.0,221.0,772.0,241.0,774.0,239.0,756.0,219.0,835.0,301.0,797.0,301.0,797.0,301.0,809.0,312.0,806.0,314.0
3258.jpg,0.41,791.0,264.0,754.0,218.0,772.0,239.0,775.0,236.0,756.0,217.0,838.0,300.0,796.0,299.0,797.0,299.0,809.0,311.0,802.0,314.0
3264.jpg,0.405,789.5,269.0,755.0,222.0,771.0,243.0,772.0,241.0,756.0,221.0,834.0,310.0,740.0,310.0,743.0,309.0,809.0,317.0,807.0,319.0
3270.jpg,0.505,770.5,274.0,710.0,314.0,728.0,315.0,771.0,247.0,757.0,224.0,825.0,318.0,813.0,328.0,815.0,278.0,815.0,312.0,816.0,311.0
3276.jpg,0.395,792.5,265.0,758.0,220.0,776.0,240.0,776.0,238.0,759.0,219.0,834.0,296.0,784.0,307.0,753.0,306.0,809.0,309.0,803.0,311.0
3282.jpg,0.43,796.5,254.0,760.0,211.0,778.0,232.0,779.0,231.0,760.0,210.0,844.0,282.0,788.0,300.0,753.0,299.0,819.0,292.0,814.0,297.0
3288.jpg,0.435,794.5,258.5,759.0,214.0,777.0,235.0,779.0,233.0,760.0,211.0,843.0,290.0,751.0,303.0,751.0,303.0,806.0,308.0,804.0,309.0
3294.jpg,0.48,797.0,257.0,759.0,209.0,778.0,233.0,778.0,231.0,760.0,208.0,848.0,286.0,786.0,304.0,788.0,305.0,815.0,303.0,807.0,307.0
3300.jpg,0.485,801.0,248.5,758.0,204.0,779.0,226.0,780.0,224.0,760.0,201.0,850.0,270.0,793.0,294.0,793.0,294.0,827.0,285.0,821.0,289.0
3306.jpg,0.525,795.5,254.5,758.0,205.0,778.0,228.0,779.0,228.0,759.0,203.0,851.0,282.0,753.0,298.0,752.0,299.0,815.0,302.0,807.0,307.0
3312.jpg,0.465,796.0,256.5,757.0,209.0,777.0,230.0,778.0,228.0,758.0,208.0,849.0,289.0,751.0,298.0,751.0,298.0,820.0,298.0,804.0,308.0
3318.jpg,0.41,793.5,261.0,759.0,215.0,778.0,235.0,779.0,234.0,760.0,213.0,841.0,296.0,750.0,303.0,752.0,303.0,811.0,308.0,811.0,309.0
3324.jpg,0.505,785.5,265.0,759.0,215.0,778.0,239.0,779.0,239.0,760.0,215.0,839.0,305.0,779.0,313.0,748.0,305.0,791.0,322.0,788.0,323.0
3330.jpg,0.575,777.5,268.0,713.0,309.0,735.0,309.0,775.0,240.0,756.0,215.0,838.0,309.0,818.0,318.0,828.0,279.0,836.0,307.0,836.0,302.0
3336.jpg,0.62,772.0,274.5,709.0,312.0,731.0,312.0,773.0,243.0,757.0,216.0,838.0,322.0,817.0,330.0,829.0,282.0,835.0,318.0,828.0,311.0
3342.jpg,0.655,758.5,289.0,696.0,317.0,719.0,321.0,769.0,256.0,755.0,229.0,826.0,344.0,770.0,352.0,820.0,303.0,817.0,336.0,815.0,335.0
3348.jpg,0.665,763.5,281.5,696.0,315.0,718.0,318.0,766.0,250.0,750.0,223.0,833.0,335.0,789.0,346.0,822.0,298.0,820.0,329.0,819.0,328.0
3354.jpg,0.665,767.5,277.0,700.0,312.0,722.0,313.0,766.0,244.0,753.0,217.0,837.0,326.0,773.0,334.0,830.0,289.0,824.0,313.0,826.0,315.0
3360.jpg,0.695,759.5,284.5,689.0,313.0,713.0,316.0,761.0,249.0,747.0,222.0,830.0,341.0,789.0,352.0,824.0,299.0,822.0,333.0,820.0,332.0
3366.jpg,0.685,756.5,286.5,687.0,313.0,712.0,317.0,760.0,252.0,746.0,223.0,829.0,345.0,784.0,353.0,822.0,309.0,819.0,337.0,815.0,336.0
3372.jpg,0.665,745.5,297.5,678.0,317.0,702.0,322.0,757.0,260.0,744.0,232.0,812.0,364.0,771.0,370.0,813.0,312.0,810.0,357.0,808.0,356.0
3378.jpg,0.705,739.5,300.0,670.0,315.0,697.0,322.0,752.0,260.0,742.0,232.0,808.0,367.0,768.0,373.0,808.0,309.0,801.0,358.0,801.0,356.0
3384.jpg,0.68,736.0,303.5,668.0,319.0,695.0,326.0,750.0,267.0,741.0,238.0,804.0,371.0,764.0,375.0,805.0,331.0,797.0,362.0,796.0,362.0
3390.jpg,0.68,739.0,300.0,672.0,318.0,696.0,324.0,751.0,263.0,741.0,235.0,807.0,365.0,768.0,372.0,807.0,314.0,801.0,358.0,800.0,357.0
3396.jpg,0.685,745.5,293.0,678.0,316.0,703.0,320.0,755.0,258.0,743.0,229.0,818.0,352.0,775.0,362.0,814.0,309.0,810.0,344.0,806.0,341.0
3402.jpg,0.68,744.0,291.0,675.0,312.0,700.0,316.0,752.0,252.0,740.0,226.0,814.0,349.0,773.0,360.0,812.0,307.0,806.0,341.0,805.0,340.0
3408.jpg,0.72,736.0,293.0,664.0,311.0,689.0,315.0,744.0,252.0,734.0,224.0,805.0,353.0,768.0,366.0,808.0,305.0,800.0,345.0,799.0,345.0
3414.jpg,0.73,718.0,298.0,645.0,308.0,672.0,313.0,731.0,255.0,723.0,225.0,788.0,363.0,748.0,375.0,792.0,309.0,781.0,353.0,781.0,353.0
3420.jpg,0.71,717.0,300.0,646.0,310.0,672.0,316.0,731.0,258.0,724.0,229.0,786.0,369.0,746.0,375.0,792.0,330.0,779.0,359.0,779.0,359.0
3426.jpg,0.7,713.0,303.0,644.0,311.0,669.0,318.0,729.0,259.0,722.0,232.0,780.0,373.0,742.0,379.0,789.0,334.0,776.0,363.0,774.0,363.0
3432.jpg,0.705,713.5,302.5,644.0,311.0,669.0,317.0,730.0,260.0,723.0,231.0,782.0,374.0,742.0,379.0,792.0,337.0,777.0,363.0,777.0,364.0
3438.jpg,0.71,715.0,301.5,645.0,310.0,670.0,317.0,730.0,258.0,723.0,229.0,784.0,372.0,743.0,376.0,790.0,333.0,779.0,361.0,779.0,362.0
3444.jpg,0.705,714.5,298.0,644.0,307.0,670.0,314.0,729.0,257.0,721.0,228.0,783.0,367.0,745.0,376.0,791.0,329.0,778.0,357.0,776.0,357.0
3450.jpg,0.67,713.0,283.5,653.0,311.0,668.0,313.0,717.0,243.0,708.0,218.0,781.0,341.0,730.0,359.0,778.0,312.0,768.0,347.0,763.0,353.0
3456.jpg,0.59,749.0,264.5,709.0,208.0,725.0,233.0,725.0,231.0,710.0,205.0,813.0,306.0,691.0,304.0,692.0,305.0,773.0,331.0,762.0,334.0
3462.jpg,0.575,775.0,245.5,723.0,195.0,742.0,216.0,743.0,215.0,724.0,192.0,838.0,267.0,723.0,290.0,723.0,289.0,804.0,287.0,801.0,294.0
3468.jpg,0.505,773.5,245.5,730.0,198.0,750.0,219.0,751.0,217.0,731.0,195.0,828.0,267.0,724.0,287.0,724.0,287.0,798.0,284.0,781.0,297.0
3474.jpg,0.535,751.5,258.0,689.0,296.0,709.0,297.0,747.0,227.0,731.0,206.0,809.0,288.0,755.0,306.0,798.0,256.0,803.0,287.0,798.0,282.0
3480.jpg,0.61,744.0,264.0,683.0,303.0,702.0,304.0,747.0,237.0,730.0,210.0,808.0,307.0,749.0,319.0,798.0,275.0,803.0,300.0,802.0,298.0
3486.jpg,0.6,743.0,266.0,681.0,305.0,702.0,305.0,746.0,238.0,730.0,211.0,807.0,310.0,776.0,320.0,796.0,278.0,805.0,308.0,803.0,301.0
3492.jpg,0.63,739.0,273.0,676.0,306.0,698.0,307.0,745.0,241.0,728.0,214.0,803.0,322.0,773.0,329.0,798.0,286.0,794.0,312.0,793.0,309.0
3498.jpg,0.64,736.0,270.0,673.0,305.0,697.0,306.0,743.0,240.0,728.0,214.0,803.0,319.0,767.0,329.0,796.0,286.0,797.0,315.0,792.0,311.0
3504.jpg,0.635,735.5,269.0,675.0,305.0,696.0,306.0,742.0,239.0,727.0,213.0,801.0,320.0,756.0,331.0,794.0,285.0,792.0,312.0,791.0,312.0
3510.jpg,0.655,735.5,268.0,674.0,304.0,696.0,305.0,743.0,238.0,729.0,213.0,804.0,313.0,766.0,328.0,794.0,282.0,802.0,308.0,793.0,305.0
3516.jpg,0.615,753.5,260.0,687.0,301.0,707.0,300.0,746.0,230.0,728.0,205.0,821.0,297.0,756.0,313.0,800.0,250.0,817.0,295.0,817.0,290.0
3522.jpg,0.645,752.5,260.5,687.0,299.0,708.0,298.0,747.0,228.0,730.0,202.0,819.0,298.0,796.0,310.0,809.0,265.0,814.0,291.0,808.0,288.0
3528.jpg,0.65,748.0,264.5,682.0,301.0,705.0,301.0,745.0,231.0,729.0,205.0,818.0,309.0,752.0,320.0,806.0,272.0,810.0,300.0,813.0,300.0
3534.jpg,0.655,748.5,262.0,683.0,300.0,705.0,300.0,746.0,230.0,728.0,204.0,820.0,303.0,753.0,317.0,803.0,270.0,817.0,298.0,819.0,295.0
3540.jpg,0.66,748.0,262.0,682.0,301.0,703.0,301.0,745.0,232.0,727.0,204.0,817.0,303.0,753.0,319.0,805.0,267.0,815.0,298.0,816.0,293.0
3546.jpg,0.645,744.5,263.0,680.0,301.0,700.0,301.0,743.0,231.0,727.0,205.0,815.0,307.0,749.0,320.0,802.0,273.0,810.0,298.0,811.0,297.0
3552.jpg,0.64,744.0,262.5,679.0,301.0,700.0,301.0,744.0,232.0,726.0,206.0,814.0,306.0,749.0,319.0,801.0,276.0,808.0,297.0,810.0,297.0
3558.jpg,0.625,745.5,262.5,681.0,300.0,700.0,300.0,743.0,232.0,726.0,205.0,814.0,305.0,750.0,317.0,799.0,273.0,810.0,300.0,810.0,298.0
3564.jpg,0.625,742.5,262.0,680.0,301.0,700.0,301.0,744.0,233.0,727.0,206.0,812.0,307.0,748.0,317.0,799.0,275.0,799.0,299.0,797.0,297.0
3570.jpg,0.595,753.5,256.5,686.0,297.0,706.0,297.0,746.0,227.0,728.0,202.0,818.0,288.0,752.0,309.0,796.0,246.0,815.0,288.0,815.0,281.0
3576.jpg,0.595,768.5,249.5,698.0,297.0,711.0,294.0,748.0,220.0,728.0,196.0,831.0,276.0,766.0,301.0,806.0,241.0,830.0,278.0,827.0,280.0
3582.jpg,0.685,758.5,250.5,687.0,293.0,707.0,292.0,744.0,220.0,725.0,193.0,829.0,280.0,766.0,305.0,812.0,248.0,824.0,285.0,808.0,290.0
3588.jpg,0.6,766.5,251.0,723.0,195.0,705.0,292.0,742.0,220.0,723.0,192.0,829.0,283.0,755.0,302.0,758.0,301.0,790.0,302.0,778.0,311.0
3594.jpg,0.56,767.0,248.0,722.0,195.0,743.0,220.0,744.0,217.0,723.0,192.0,829.0,272.0,760.0,297.0,717.0,290.0,791.0,297.0,787.0,302.0
3600.jpg,0.62,754.0,252.0,685.0,294.0,704.0,293.0,742.0,222.0,722.0,197.0,823.0,283.0,759.0,300.0,799.0,240.0,819.0,287.0,819.0,279.0
3606.jpg,0.46,763.0,251.0,722.0,203.0,741.0,223.0,743.0,221.0,724.0,200.0,816.0,284.0,754.0,300.0,755.0,300.0,787.0,297.0,786.0,299.0
3612.jpg,0.47,761.0,255.0,722.0,205.0,739.0,227.0,741.0,224.0,722.0,203.0,812.0,292.0,751.0,306.0,711.0,295.0,780.0,305.0,775.0,307.0
3618.jpg,0.605,742.5,261.5,674.0,299.0,694.0,300.0,738.0,231.0,720.0,202.0,807.0,304.0,740.0,316.0,793.0,268.0,801.0,309.0,794.0,297.0
3624.jpg,0.63,746.0,261.0,676.0,299.0,694.0,299.0,737.0,229.0,720.0,202.0,812.0,299.0,789.0,311.0,794.0,258.0,810.0,295.0,810.0,294.0
3630.jpg,0.48,761.5,258.0,721.0,205.0,738.0,228.0,739.0,226.0,722.0,203.0,815.0,293.0,748.0,308.0,751.0,307.0,780.0,309.0,771.0,313.0
3636.jpg,0.475,760.5,257.5,721.0,206.0,737.0,228.0,738.0,225.0,722.0,204.0,814.0,295.0,748.0,308.0,751.0,308.0,780.0,309.0,772.0,313.0
3642.jpg,0.465,759.0,259.5,719.0,206.0,737.0,230.0,737.0,228.0,721.0,205.0,812.0,300.0,754.0,309.0,755.0,308.0,784.0,312.0,783.0,313.0
3648.jpg,0.675,728.5,265.5,657.0,300.0,680.0,301.0,724.0,234.0,713.0,203.0,798.0,314.0,757.0,333.0,792.0,281.0,790.0,308.0,788.0,305.0
3654.jpg,0.63,745.0,254.0,707.0,197.0,724.0,224.0,724.0,223.0,708.0,195.0,810.0,290.0,692.0,293.0,692.0,292.0,768.0,315.0,742.0,318.0
3660.jpg,0.615,752.5,246.0,708.0,192.0,727.0,217.0,727.0,217.0,709.0,188.0,820.0,280.0,743.0,299.0,702.0,289.0,785.0,299.0,782.0,304.0
3666.jpg,0.64,742.0,252.0,667.0,296.0,682.0,292.0,721.0,221.0,706.0,193.0,809.0,296.0,729.0,309.0,801.0,261.0,789.0,309.0,788.0,313.0
3672.jpg,0.705,730.5,263.5,660.0,299.0,679.0,296.0,723.0,229.0,710.0,200.0,803.0,314.0,762.0,328.0,799.0,278.0,791.0,306.0,790.0,303.0
3678.jpg,0.7,712.5,273.0,641.0,297.0,666.0,300.0,715.0,236.0,705.0,207.0,783.0,332.0,744.0,344.0,783.0,284.0,775.0,323.0,774.0,323.0
3684.jpg,0.705,707.5,276.0,637.0,299.0,660.0,302.0,713.0,239.0,703.0,208.0,778.0,339.0,738.0,349.0,780.0,292.0,771.0,332.0,769.0,331.0
3690.jpg,0.69,707.0,276.0,637.0,299.0,660.0,301.0,712.0,238.0,703.0,208.0,778.0,338.0,741.0,350.0,780.0,292.0,774.0,336.0,767.0,332.0
3696.jpg,0.7,712.0,274.5,642.0,298.0,664.0,300.0,716.0,237.0,706.0,207.0,786.0,333.0,742.0,344.0,782.0,293.0,775.0,324.0,772.0,324.0
3702.jpg,0.715,716.5,270.5,644.0,297.0,667.0,298.0,716.0,234.0,705.0,206.0,789.0,328.0,751.0,339.0,783.0,286.0,769.0,311.0,778.0,316.0
3708.jpg,0.7,713.0,271.0,643.0,297.0,666.0,300.0,717.0,235.0,707.0,207.0,785.0,326.0,746.0,339.0,783.0,287.0,781.0,323.0,774.0,317.0
3714.jpg,0.7,714.0,270.0,644.0,297.0,666.0,300.0,718.0,236.0,707.0,206.0,788.0,327.0,744.0,338.0,784.0,289.0,777.0,319.0,775.0,318.0
3720.jpg,0.715,713.5,271.0,643.0,297.0,666.0,300.0,716.0,234.0,706.0,207.0,786.0,328.0,745.0,339.0,780.0,286.0,769.0,311.0,773.0,313.0
3726.jpg,0.705,713.0,270.5,643.0,296.0,666.0,299.0,717.0,235.0,706.0,207.0,786.0,330.0,744.0,338.0,779.0,284.0,776.0,320.0,773.0,317.0
3732.jpg,0.7,713.0,270.0,643.0,297.0,665.0,300.0,717.0,234.0,706.0,207.0,785.0,329.0,744.0,338.0,778.0,283.0,774.0,319.0,773.0,318.0
3738.jpg,0.695,712.0,270.5,643.0,296.0,666.0,300.0,717.0,235.0,706.0,207.0,785.0,329.0,744.0,338.0,778.0,285.0,773.0,319.0,773.0,319.0
3744.jpg,0.69,712.0,270.0,643.0,297.0,663.0,299.0,717.0,235.0,706.0,205.0,785.0,329.0,719.0,337.0,781.0,295.0,772.0,320.0,771.0,318.0
3750.jpg,0.69,712.0,270.0,642.0,295.0,663.0,299.0,717.0,233.0,706.0,205.0,785.0,329.0,723.0,337.0,781.0,291.0,774.0,320.0,772.0,318.0
3756.jpg,0.685,711.5,270.5,643.0,296.0,665.0,298.0,717.0,234.0,706.0,206.0,785.0,329.0,743.0,337.0,780.0,292.0,773.0,320.0,772.0,318.0
3762.jpg,0.685,711.5,269.5,643.0,297.0,663.0,299.0,717.0,233.0,706.0,206.0,785.0,330.0,742.0,336.0,780.0,291.0,772.0,319.0,772.0,319.0
3768.jpg,0.69,711.0,270.0,642.0,297.0,662.0,299.0,716.0,233.0,707.0,206.0,785.0,329.0,742.0,337.0,780.0,293.0,773.0,320.0,771.0,320.0
3774.jpg,0.69,711.0,270.5,642.0,296.0,664.0,300.0,716.0,235.0,707.0,207.0,784.0,330.0,743.0,338.0,778.0,293.0,771.0,319.0,770.0,317.0
3780.jpg,0.69,711.0,270.0,642.0,297.0,664.0,299.0,716.0,233.0,707.0,206.0,785.0,329.0,719.0,337.0,780.0,294.0,773.0,320.0,771.0,318.0
3786.jpg,0.685,709.0,270.5,642.0,297.0,663.0,300.0,717.0,234.0,706.0,206.0,781.0,328.0,741.0,337.0,777.0,288.0,769.0,318.0,768.0,318.0
3792.jpg,0.685,709.5,271.5,641.0,298.0,664.0,299.0,716.0,235.0,705.0,207.0,782.0,329.0,741.0,338.0,778.0,290.0,772.0,321.0,771.0,321.0
3798.jpg,0.68,709.0,272.0,642.0,297.0,662.0,300.0,717.0,236.0,706.0,207.0,779.0,329.0,737.0,340.0,777.0,289.0,771.0,322.0,770.0,321.0
3804.jpg,0.69,708.0,274.0,639.0,298.0,662.0,299.0,715.0,236.0,704.0,208.0,779.0,332.0,739.0,343.0,778.0,293.0,771.0,322.0,770.0,322.0
3810.jpg,0.685,708.5,275.5,640.0,298.0,662.0,301.0,715.0,238.0,704.0,208.0,777.0,336.0,740.0,344.0,778.0,290.0,770.0,326.0,770.0,325.0
3816.jpg,0.69,707.5,275.0,639.0,298.0,660.0,300.0,715.0,237.0,705.0,209.0,776.0,337.0,736.0,344.0,777.0,302.0,769.0,329.0,768.0,329.0
3822.jpg,0.69,708.0,274.0,639.0,298.0,661.0,301.0,716.0,237.0,705.0,208.0,778.0,337.0,737.0,344.0,775.0,285.0,768.0,328.0,767.0,325.0
3828.jpg,0.69,708.0,274.0,639.0,298.0,661.0,299.0,715.0,236.0,705.0,208.0,779.0,336.0,737.0,344.0,775.0,285.0,775.0,334.0,768.0,325.0
3834.jpg,0.685,707.5,273.5,639.0,297.0,661.0,300.0,715.0,236.0,706.0,208.0,778.0,335.0,738.0,344.0,774.0,284.0,769.0,326.0,768.0,324.0
3840.jpg,0.69,708.0,274.0,639.0,298.0,662.0,299.0,716.0,236.0,705.0,208.0,778.0,336.0,739.0,344.0,778.0,299.0,775.0,334.0,768.0,325.0
3846.jpg,0.695,708.5,274.5,639.0,299.0,662.0,300.0,716.0,238.0,706.0,209.0,779.0,337.0,740.0,344.0,778.0,300.0,769.0,329.0,768.0,326.0
3852.jpg,0.69,708.0,274.0,639.0,298.0,661.0,299.0,715.0,236.0,705.0,208.0,781.0,336.0,739.0,344.0,775.0,283.0,775.0,334.0,767.0,325.0
3858.jpg,0.695,707.5,274.5,639.0,299.0,661.0,300.0,715.0,238.0,706.0,209.0,779.0,337.0,739.0,344.0,775.0,284.0,775.0,335.0,767.0,325.0
3864.jpg,0.695,707.5,274.5,639.0,299.0,661.0,300.0,715.0,236.0,706.0,209.0,781.0,337.0,737.0,344.0,775.0,285.0,777.0,335.0,768.0,326.0
3870.jpg,0.695,707.5,274.0,639.0,297.0,661.0,300.0,715.0,236.0,706.0,209.0,779.0,335.0,739.0,343.0,775.0,285.0,770.0,325.0,767.0,323.0
3876.jpg,0.695,707.5,274.0,639.0,297.0,661.0,300.0,715.0,236.0,706.0,209.0,781.0,335.0,741.0,344.0,775.0,285.0,770.0,325.0,768.0,324.0
3882.jpg,0.695,707.5,274.5,639.0,299.0,661.0,300.0,715.0,236.0,706.0,209.0,778.0,337.0,739.0,344.0,774.0,285.0,770.0,327.0,767.0,325.0
3888.jpg,0.69,708.0,274.0,639.0,298.0,661.0,301.0,716.0,235.0,705.0,208.0,778.0,334.0,737.0,344.0,775.0,285.0,770.0,326.0,767.0,324.0
3894.jpg,0.695,707.5,274.0,639.0,297.0,661.0,300.0,715.0,236.0,706.0,209.0,781.0,336.0,739.0,343.0,775.0,289.0,777.0,335.0,768.0,325.0
3900.jpg,0.69,708.0,273.5,639.0,298.0,661.0,300.0,715.0,236.0,705.0,209.0,779.0,334.0,740.0,342.0,775.0,284.0,770.0,326.0,768.0,325.0
3906.jpg,0.695,707.0,275.5,636.0,297.0,659.0,301.0,714.0,237.0,704.0,209.0,776.0,335.0,739.0,346.0,777.0,286.0,769.0,326.0,768.0,326.0
3912.jpg,0.68,696.0,284.0,627.0,298.0,651.0,302.0,709.0,243.0,702.0,215.0,762.0,349.0,721.0,356.0,769.0,302.0,757.0,341.0,754.0,340.0
3918.jpg,0.695,681.0,299.5,613.0,305.0,636.0,312.0,703.0,259.0,700.0,230.0,743.0,371.0,698.0,371.0,754.0,335.0,739.0,362.0,739.0,360.0
3924.jpg,0.66,657.0,321.0,592.0,309.0,614.0,320.0,689.0,278.0,689.0,253.0,706.0,397.0,670.0,394.0,724.0,367.0,703.0,387.0,702.0,385.0
3930.jpg,0.595,646.0,326.5,588.0,309.0,605.0,322.0,685.0,283.0,687.0,261.0,691.0,396.0,651.0,386.0,706.0,365.0,687.0,387.0,687.0,386.0
3936.jpg,0.585,646.0,324.5,589.0,310.0,607.0,321.0,685.0,282.0,686.0,259.0,693.0,397.0,657.0,387.0,706.0,364.0,690.0,384.0,689.0,383.0
3942.jpg,0.6,648.0,323.0,589.0,308.0,609.0,321.0,685.0,282.0,687.0,258.0,695.0,393.0,655.0,385.0,710.0,364.0,691.0,384.0,691.0,383.0
3948.jpg,0.6,648.5,322.0,591.0,307.0,609.0,320.0,687.0,280.0,687.0,256.0,698.0,392.0,657.0,385.0,711.0,361.0,694.0,384.0,692.0,382.0
3954.jpg,0.6,650.0,320.0,591.0,307.0,609.0,319.0,686.0,279.0,687.0,255.0,699.0,394.0,658.0,384.0,711.0,363.0,693.0,381.0,692.0,380.0
3960.jpg,0.605,650.5,320.0,591.0,307.0,610.0,319.0,687.0,279.0,688.0,255.0,697.0,395.0,654.0,381.0,713.0,354.0,694.0,381.0,693.0,380.0
3966.jpg,0.6,652.0,319.0,593.0,306.0,610.0,318.0,688.0,278.0,689.0,254.0,701.0,393.0,661.0,385.0,713.0,361.0,695.0,381.0,693.0,379.0
3972.jpg,0.6,651.0,319.5,592.0,307.0,612.0,318.0,688.0,277.0,688.0,254.0,699.0,392.0,660.0,383.0,714.0,353.0,694.0,380.0,693.0,379.0
3978.jpg,0.595,651.5,319.5,592.0,304.0,612.0,318.0,687.0,278.0,689.0,254.0,697.0,393.0,657.0,382.0,712.0,361.0,693.0,380.0,692.0,380.0
3984.jpg,0.605,650.5,319.0,591.0,305.0,610.0,318.0,687.0,278.0,688.0,254.0,697.0,394.0,657.0,383.0,712.0,359.0,693.0,380.0,692.0,380.0
3990.jpg,0.61,655.5,318.0,596.0,305.0,614.0,318.0,690.0,276.0,690.0,252.0,705.0,394.0,664.0,381.0,716.0,355.0,699.0,379.0,697.0,373.0
3996.jpg,0.635,670.5,309.5,610.0,309.0,629.0,318.0,701.0,270.0,699.0,244.0,727.0,378.0,685.0,376.0,734.0,344.0,722.0,373.0,718.0,365.0
4002.jpg,0.67,689.0,301.0,625.0,310.0,646.0,317.0,714.0,266.0,708.0,234.0,749.0,368.0,714.0,372.0,757.0,335.0,745.0,358.0,744.0,357.0
4008.jpg,0.675,674.5,305.5,608.0,304.0,633.0,313.0,702.0,266.0,699.0,237.0,734.0,377.0,693.0,382.0,747.0,340.0,731.0,367.0,730.0,365.0
4014.jpg,0.66,667.0,315.0,601.0,305.0,627.0,317.0,699.0,277.0,697.0,247.0,718.0,390.0,680.0,387.0,731.0,356.0,715.0,379.0,712.0,374.0
4020.jpg,0.64,652.5,324.0,590.0,301.0,614.0,316.0,690.0,281.0,690.0,254.0,701.0,399.0,661.0,396.0,720.0,366.0,699.0,389.0,697.0,389.0
4026.jpg,0.65,643.0,325.0,579.0,294.0,602.0,312.0,681.0,278.0,681.0,251.0,687.0,400.0,649.0,398.0,708.0,376.0,683.0,392.0,682.0,390.0
4032.jpg,0.66,655.0,319.0,590.0,297.0,615.0,312.0,688.0,274.0,690.0,247.0,709.0,394.0,670.0,392.0,723.0,358.0,705.0,383.0,704.0,379.0
4038.jpg,0.66,655.0,319.0,590.0,297.0,616.0,314.0,688.0,274.0,690.0,247.0,708.0,392.0,669.0,394.0,724.0,361.0,705.0,385.0,704.0,383.0
4044.jpg,0.64,651.0,323.0,588.0,299.0,613.0,315.0,687.0,278.0,688.0,250.0,701.0,398.0,662.0,395.0,717.0,367.0,697.0,388.0,697.0,388.0
4050.jpg,0.645,646.5,324.5,583.0,298.0,607.0,314.0,684.0,278.0,684.0,251.0,694.0,400.0,659.0,396.0,712.0,371.0,692.0,390.0,690.0,390.0
4056.jpg,0.635,642.5,321.5,580.0,294.0,603.0,309.0,680.0,275.0,681.0,248.0,691.0,396.0,651.0,395.0,709.0,366.0,687.0,387.0,686.0,386.0
4062.jpg,0.68,664.0,306.0,597.0,295.0,623.0,306.0,694.0,262.0,692.0,234.0,725.0,378.0,682.0,383.0,738.0,340.0,720.0,367.0,720.0,366.0
4068.jpg,0.69,677.0,305.0,611.0,302.0,635.0,310.0,702.0,260.0,701.0,233.0,740.0,378.0,701.0,380.0,750.0,341.0,735.0,367.0,735.0,365.0
4074.jpg,0.69,675.0,305.0,609.0,301.0,633.0,312.0,702.0,263.0,699.0,235.0,735.0,379.0,695.0,382.0,745.0,343.0,733.0,370.0,730.0,365.0
4080.jpg,0.67,666.0,311.0,599.0,299.0,624.0,311.0,696.0,268.0,695.0,240.0,719.0,385.0,680.0,387.0,734.0,357.0,717.0,379.0,714.0,375.0
4086.jpg,0.665,664.0,313.5,598.0,300.0,622.0,312.0,694.0,270.0,694.0,243.0,717.0,391.0,677.0,389.0,731.0,360.0,713.0,381.0,712.0,380.0
4092.jpg,0.665,662.5,315.5,597.0,301.0,621.0,313.0,695.0,272.0,694.0,244.0,716.0,392.0,677.0,391.0,730.0,361.0,712.0,382.0,709.0,380.0
4098.jpg,0.67,662.0,315.5,596.0,298.0,621.0,313.0,692.0,270.0,692.0,243.0,715.0,393.0,676.0,390.0,730.0,362.0,712.0,382.0,709.0,376.0
4104.jpg,0.67,662.5,315.0,596.0,299.0,620.0,312.0,692.0,270.0,692.0,243.0,716.0,392.0,677.0,389.0,729.0,362.0,712.0,382.0,709.0,379.0
4110.jpg,0.675,663.0,313.5,597.0,299.0,622.0,312.0,693.0,270.0,693.0,242.0,716.0,390.0,677.0,388.0,730.0,358.0,712.0,381.0,709.0,374.0
4116.jpg,0.67,662.5,314.0,596.0,299.0,620.0,311.0,694.0,271.0,692.0,242.0,716.0,390.0,677.0,388.0,730.0,357.0,712.0,381.0,711.0,381.0
4122.jpg,0.67,662.5,313.0,596.0,298.0,620.0,312.0,694.0,271.0,692.0,242.0,716.0,387.0,677.0,387.0,729.0,357.0,711.0,378.0,709.0,373.0
4128.jpg,0.665,665.5,310.5,599.0,299.0,624.0,312.0,694.0,266.0,694.0,240.0,720.0,384.0,677.0,387.0,734.0,351.0,716.0,378.0,715.0,374.0
4134.jpg,0.685,667.5,306.0,600.0,298.0,626.0,309.0,695.0,262.0,695.0,234.0,726.0,378.0,685.0,383.0,741.0,338.0,725.0,367.0,722.0,366.0
4140.jpg,0.67,666.0,313.0,600.0,301.0,624.0,313.0,696.0,270.0,695.0,242.0,722.0,389.0,682.0,387.0,734.0,356.0,719.0,380.0,716.0,376.0
4146.jpg,0.69,686.0,303.5,618.0,305.0,643.0,314.0,710.0,264.0,705.0,233.0,753.0,376.0,711.0,379.0,757.0,340.0,746.0,367.0,745.0,364.0
4152.jpg,0.69,692.0,302.0,624.0,306.0,649.0,314.0,713.0,260.0,708.0,232.0,755.0,373.0,717.0,379.0,766.0,333.0,752.0,362.0,751.0,361.0
4158.jpg,0.7,687.0,304.5,620.0,306.0,644.0,314.0,711.0,263.0,705.0,233.0,750.0,375.0,714.0,382.0,762.0,336.0,747.0,366.0,746.0,366.0
4164.jpg,0.695,689.5,304.5,623.0,307.0,647.0,315.0,712.0,264.0,707.0,234.0,754.0,376.0,712.0,379.0,761.0,341.0,749.0,367.0,748.0,365.0
4170.jpg,0.69,691.5,303.0,624.0,307.0,648.0,315.0,712.0,260.0,707.0,233.0,756.0,376.0,717.0,377.0,763.0,339.0,751.0,365.0,749.0,363.0
4176.jpg,0.67,695.5,301.0,629.0,309.0,652.0,315.0,715.0,259.0,710.0,233.0,759.0,372.0,720.0,373.0,765.0,335.0,754.0,362.0,753.0,360.0
4182.jpg,0.7,700.5,294.0,632.0,306.0,658.0,313.0,717.0,251.0,710.0,225.0,771.0,359.0,730.0,368.0,773.0,323.0,763.0,351.0,763.0,353.0
4188.jpg,0.7,701.0,290.5,632.0,304.0,657.0,308.0,716.0,248.0,710.0,221.0,772.0,355.0,728.0,364.0,776.0,319.0,764.0,346.0,762.0,346.0
4194.jpg,0.705,698.0,289.5,628.0,302.0,652.0,306.0,713.0,249.0,706.0,219.0,767.0,353.0,732.0,366.0,772.0,303.0,761.0,344.0,761.0,344.0
4200.jpg,0.71,701.5,290.0,631.0,301.0,657.0,306.0,715.0,247.0,710.0,219.0,773.0,355.0,730.0,362.0,776.0,315.0,771.0,352.0,764.0,348.0
4206.jpg,0.705,697.5,292.5,628.0,302.0,653.0,307.0,714.0,248.0,708.0,222.0,769.0,360.0,726.0,367.0,773.0,323.0,762.0,353.0,761.0,352.0
4212.jpg,0.715,694.5,294.5,624.0,301.0,650.0,307.0,710.0,251.0,707.0,223.0,763.0,360.0,722.0,370.0,770.0,311.0,757.0,353.0,756.0,352.0
4218.jpg,0.715,697.5,293.0,627.0,303.0,653.0,308.0,713.0,251.0,708.0,223.0,770.0,360.0,724.0,367.0,773.0,324.0,762.0,353.0,760.0,353.0
4224.jpg,0.715,699.5,292.5,629.0,302.0,655.0,309.0,715.0,250.0,709.0,222.0,771.0,364.0,731.0,365.0,775.0,323.0,765.0,354.0,764.0,354.0
4230.jpg,0.715,700.5,293.5,632.0,303.0,656.0,309.0,716.0,251.0,710.0,222.0,772.0,360.0,728.0,365.0,776.0,323.0,766.0,355.0,765.0,353.0
4236.jpg,0.71,699.0,293.5,631.0,303.0,656.0,309.0,715.0,250.0,710.0,223.0,771.0,361.0,728.0,365.0,774.0,328.0,764.0,354.0,763.0,353.0
4242.jpg,0.7,699.0,293.0,630.0,304.0,655.0,309.0,715.0,250.0,708.0,223.0,770.0,360.0,728.0,365.0,774.0,320.0,766.0,353.0,762.0,352.0
4248.jpg,0.7,699.0,294.0,630.0,305.0,655.0,310.0,715.0,251.0,710.0,224.0,770.0,362.0,726.0,365.0,773.0,324.0,763.0,354.0,762.0,353.0
4254.jpg,0.7,699.0,295.0,630.0,303.0,655.0,310.0,717.0,254.0,710.0,224.0,770.0,362.0,729.0,366.0,773.0,324.0,763.0,355.0,762.0,354.0
4260.jpg,0.59,708.0,296.0,650.0,313.0,665.0,318.0,717.0,257.0,711.0,230.0,762.0,364.0,723.0,365.0,768.0,328.0,757.0,355.0,756.0,355.0
4266.jpg,0.64,689.0,300.0,625.0,306.0,645.0,314.0,715.0,266.0,711.0,241.0,746.0,361.0,709.0,361.0,753.0,330.0,743.0,355.0,736.0,349.0
4272.jpg,0.58,666.0,298.5,608.0,304.0,624.0,313.0,700.0,262.0,695.0,241.0,715.0,360.0,674.0,356.0,723.0,329.0,708.0,349.0,707.0,348.0
4278.jpg,0.52,652.0,295.0,599.0,299.0,615.0,311.0,693.0,266.0,690.0,244.0,697.0,347.0,657.0,347.0,704.0,323.0,690.0,340.0,688.0,339.0
4284.jpg,0.54,652.0,304.0,600.0,304.0,617.0,318.0,694.0,274.0,691.0,251.0,697.0,361.0,657.0,356.0,704.0,335.0,691.0,354.0,690.0,351.0
4290.jpg,0.56,655.5,307.0,602.0,305.0,619.0,319.0,696.0,275.0,693.0,251.0,702.0,367.0,663.0,361.0,710.0,339.0,697.0,358.0,695.0,355.0
4296.jpg,0.575,663.5,310.5,608.0,309.0,625.0,322.0,700.0,277.0,697.0,252.0,709.0,374.0,675.0,368.0,718.0,343.0,705.0,369.0,703.0,361.0
4302.jpg,0.565,659.0,313.5,605.0,309.0,624.0,323.0,699.0,279.0,695.0,256.0,702.0,380.0,674.0,372.0,713.0,345.0,699.0,371.0,693.0,364.0
4308.jpg,0.55,655.0,312.0,603.0,310.0,622.0,324.0,697.0,281.0,695.0,257.0,701.0,372.0,661.0,364.0,709.0,342.0,697.0,370.0,694.0,360.0
4314.jpg,0.545,670.5,299.0,618.0,312.0,635.0,321.0,708.0,269.0,702.0,247.0,724.0,352.0,670.0,353.0,725.0,326.0,713.0,346.0,711.0,346.0
4320.jpg,0.555,693.5,293.5,639.0,314.0,657.0,321.0,723.0,263.0,715.0,239.0,751.0,349.0,700.0,352.0,750.0,318.0,741.0,341.0,740.0,341.0
4326.jpg,0.585,692.5,303.0,638.0,318.0,658.0,326.0,723.0,270.0,715.0,245.0,746.0,366.0,702.0,365.0,751.0,331.0,739.0,355.0,735.0,353.0
4332.jpg,0.59,688.0,310.0,634.0,321.0,653.0,328.0,720.0,277.0,712.0,251.0,740.0,376.0,690.0,370.0,746.0,341.0,734.0,366.0,731.0,362.0
4338.jpg,0.57,682.5,315.0,629.0,324.0,648.0,332.0,716.0,280.0,709.0,257.0,734.0,380.0,694.0,375.0,739.0,346.0,726.0,371.0,724.0,366.0
4344.jpg,0.55,679.0,319.0,626.0,321.0,645.0,333.0,714.0,285.0,709.0,261.0,726.0,383.0,685.0,377.0,735.0,349.0,721.0,374.0,720.0,374.0
4350.jpg,0.54,665.0,330.0,616.0,326.0,634.0,337.0,706.0,294.0,704.0,271.0,711.0,397.0,671.0,387.0,722.0,357.0,707.0,397.0,704.0,387.0
4356.jpg,0.535,664.5,329.5,614.0,323.0,632.0,336.0,705.0,294.0,703.0,270.0,708.0,396.0,671.0,386.0,721.0,359.0,703.0,385.0,702.0,385.0
4362.jpg,0.545,664.5,329.0,613.0,323.0,631.0,335.0,704.0,294.0,702.0,269.0,707.0,397.0,671.0,385.0,720.0,359.0,704.0,384.0,703.0,383.0
4368.jpg,0.545,664.0,328.5,613.0,322.0,631.0,335.0,704.0,293.0,702.0,270.0,708.0,396.0,671.0,385.0,719.0,360.0,703.0,383.0,702.0,378.0
4374.jpg,0.54,665.0,327.0,614.0,322.0,632.0,335.0,705.0,292.0,703.0,269.0,711.0,394.0,669.0,384.0,722.0,359.0,706.0,392.0,703.0,383.0
4380.jpg,0.54,665.0,327.0,614.0,321.0,633.0,335.0,705.0,292.0,703.0,269.0,711.0,394.0,673.0,384.0,721.0,358.0,705.0,382.0,704.0,382.0
4386.jpg,0.545,665.5,325.5,615.0,321.0,632.0,334.0,705.0,291.0,703.0,268.0,711.0,389.0,676.0,383.0,721.0,357.0,706.0,381.0,705.0,380.0
4392.jpg,0.545,665.5,325.5,615.0,320.0,632.0,334.0,705.0,290.0,703.0,267.0,712.0,393.0,673.0,383.0,721.0,356.0,706.0,380.0,705.0,380.0
4398.jpg,0.55,667.0,322.5,615.0,319.0,634.0,332.0,707.0,287.0,703.0,264.0,714.0,391.0,677.0,382.0,723.0,357.0,708.0,378.0,707.0,378.0
4404.jpg,0.565,662.5,327.5,608.0,322.0,626.0,333.0,703.0,290.0,701.0,268.0,707.0,394.0,666.0,383.0,720.0,358.0,704.0,384.0,702.0,378.0
4410.jpg,0.53,638.0,339.0,587.0,319.0,603.0,334.0,685.0,301.0,686.0,280.0,673.0,405.0,631.0,387.0,690.0,371.0,669.0,393.0,668.0,392.0
4416.jpg,0.52,609.0,356.5,558.0,313.0,571.0,333.0,656.0,319.0,661.0,298.0,619.0,416.0,586.0,393.0,645.0,391.0,619.0,414.0,619.0,412.0
4422.jpg,0.52,600.0,357.0,548.0,311.0,561.0,335.0,644.0,323.0,651.0,303.0,600.0,413.0,566.0,387.0,623.0,393.0,600.0,414.0,600.0,413.0
4428.jpg,0.52,597.5,368.0,546.0,316.0,558.0,338.0,640.0,332.0,649.0,312.0,593.0,428.0,564.0,403.0,630.0,396.0,594.0,423.0,594.0,422.0
4434.jpg,0.545,591.5,371.5,538.0,313.0,552.0,334.0,634.0,333.0,645.0,314.0,585.0,439.0,558.0,414.0,619.0,410.0,585.0,433.0,586.0,429.0
4440.jpg,0.545,588.5,369.5,536.0,311.0,549.0,332.0,630.0,332.0,642.0,313.0,579.0,437.0,552.0,409.0,604.0,415.0,582.0,426.0,582.0,426.0
4446.jpg,0.555,588.5,370.0,536.0,311.0,547.0,331.0,631.0,332.0,642.0,313.0,579.0,439.0,554.0,412.0,612.0,411.0,580.0,432.0,580.0,430.0
4452.jpg,0.545,590.5,368.5,538.0,312.0,550.0,332.0,633.0,332.0,644.0,312.0,586.0,436.0,555.0,407.0,616.0,406.0,586.0,426.0,586.0,425.0
4458.jpg,0.54,592.0,367.0,539.0,311.0,551.0,332.0,634.0,332.0,645.0,311.0,587.0,434.0,558.0,408.0,609.0,414.0,587.0,429.0,587.0,425.0
4464.jpg,0.54,592.5,366.0,540.0,310.0,551.0,332.0,635.0,330.0,645.0,310.0,586.0,433.0,557.0,405.0,616.0,408.0,585.0,428.0,587.0,422.0
4470.jpg,0.54,593.0,366.0,540.0,310.0,552.0,331.0,635.0,331.0,646.0,310.0,586.0,433.0,558.0,406.0,617.0,407.0,587.0,427.0,588.0,422.0
4476.jpg,0.545,592.5,365.0,540.0,309.0,552.0,331.0,634.0,330.0,646.0,310.0,586.0,433.0,561.0,409.0,616.0,406.0,587.0,427.0,587.0,422.0
4482.jpg,0.54,592.5,364.0,541.0,309.0,552.0,331.0,636.0,329.0,646.0,309.0,588.0,431.0,558.0,404.0,619.0,403.0,588.0,429.0,588.0,424.0
4488.jpg,0.54,593.0,363.5,541.0,309.0,554.0,331.0,636.0,329.0,647.0,309.0,588.0,430.0,561.0,405.0,618.0,404.0,589.0,428.0,589.0,420.0
4494.jpg,0.535,593.0,363.5,541.0,309.0,553.0,330.0,636.0,328.0,646.0,308.0,588.0,430.0,557.0,400.0,617.0,402.0,589.0,424.0,589.0,420.0
4500.jpg,0.53,593.0,363.0,540.0,309.0,553.0,330.0,635.0,328.0,646.0,308.0,588.0,429.0,555.0,398.0,617.0,401.0,588.0,423.0,588.0,419.0
4506.jpg,0.515,577.5,348.5,526.0,295.0,536.0,320.0,618.0,327.0,630.0,309.0,557.0,412.0,534.0,385.0,584.0,393.0,557.0,412.0,556.0,406.0
4512.jpg,0.53,557.0,329.0,511.0,279.0,517.0,305.0,598.0,324.0,611.0,308.0,522.0,382.0,510.0,360.0,547.0,373.0,521.0,384.0,522.0,384.0
4518.jpg,0.58,519.0,322.5,491.0,276.0,492.0,303.0,567.0,335.0,579.0,324.0,472.0,375.0,469.0,352.0,505.0,371.0,477.0,376.0,493.0,371.0
4524.jpg,0.42,477.0,327.5,480.0,281.0,474.0,307.0,475.0,308.0,480.0,282.0,444.0,380.0,512.0,361.0,481.0,282.0,480.0,281.0,501.0,376.0
4530.jpg,0.42,464.0,331.5,475.0,282.0,466.0,309.0,467.0,308.0,476.0,284.0,430.0,357.0,475.0,285.0,476.0,283.0,476.0,283.0,494.0,381.0
4536.jpg,0.635,492.5,331.5,477.0,276.0,474.0,309.0,543.0,348.0,561.0,336.0,439.0,392.0,437.0,365.0,477.0,388.0,442.0,393.0,442.0,393.0
4542.jpg,0.6,520.0,345.0,489.0,287.0,491.0,317.0,564.0,347.0,581.0,333.0,481.0,407.0,466.0,379.0,508.0,395.0,481.0,409.0,486.0,398.0
4548.jpg,0.615,524.5,353.5,493.0,292.0,496.0,323.0,570.0,352.0,588.0,335.0,482.0,423.0,470.0,381.0,520.0,409.0,485.0,417.0,485.0,417.0
4554.jpg,0.63,516.0,349.5,489.0,288.0,490.0,320.0,563.0,352.0,580.0,337.0,465.0,420.0,462.0,378.0,510.0,406.0,469.0,416.0,468.0,416.0
4560.jpg,0.645,503.5,348.0,483.0,285.0,483.0,320.0,553.0,354.0,571.0,340.0,454.0,421.0,447.0,379.0,493.0,407.0,455.0,418.0,455.0,417.0
4566.jpg,0.645,504.5,349.0,483.0,287.0,483.0,324.0,552.0,356.0,571.0,341.0,456.0,419.0,450.0,384.0,494.0,409.0,456.0,421.0,455.0,421.0
4572.jpg,0.62,508.0,349.0,484.0,293.0,485.0,326.0,555.0,355.0,573.0,342.0,463.0,417.0,451.0,379.0,503.0,405.0,463.0,418.0,462.0,417.0
4578.jpg,0.61,513.0,349.0,484.0,293.0,487.0,324.0,559.0,354.0,577.0,339.0,468.0,418.0,456.0,382.0,505.0,405.0,469.0,418.0,468.0,418.0
4584.jpg,0.625,513.5,349.0,487.0,292.0,488.0,324.0,560.0,354.0,577.0,339.0,468.0,415.0,458.0,389.0,507.0,405.0,468.0,417.0,467.0,417.0
4590.jpg,0.615,515.5,348.5,485.0,293.0,489.0,323.0,561.0,353.0,579.0,339.0,470.0,418.0,465.0,380.0,509.0,405.0,471.0,418.0,471.0,418.0
4596.jpg,0.615,516.5,349.5,486.0,293.0,489.0,324.0,562.0,353.0,580.0,339.0,474.0,418.0,464.0,382.0,510.0,405.0,477.0,414.0,477.0,415.0
4602.jpg,0.615,519.5,352.5,488.0,295.0,491.0,326.0,565.0,354.0,582.0,339.0,479.0,420.0,468.0,384.0,513.0,406.0,481.0,418.0,480.0,418.0
4608.jpg,0.61,523.0,353.5,490.0,295.0,494.0,326.0,569.0,353.0,586.0,338.0,482.0,423.0,469.0,388.0,521.0,406.0,484.0,419.0,484.0,419.0
4614.jpg,0.605,541.0,365.5,498.0,304.0,507.0,331.0,587.0,350.0,602.0,335.0,511.0,430.0,489.0,401.0,544.0,416.0,511.0,430.0,513.0,429.0
4620.jpg,0.56,611.0,343.0,565.0,297.0,575.0,310.0,653.0,304.0,659.0,289.0,628.0,399.0,590.0,383.0,647.0,372.0,626.0,395.0,625.0,393.0
4626.jpg,0.54,644.0,292.5,591.0,297.0,605.0,304.0,685.0,261.0,686.0,243.0,690.0,344.0,650.0,344.0,694.0,321.0,687.0,344.0,682.0,338.0
4632.jpg,0.545,666.5,287.0,612.0,300.0,628.0,307.0,698.0,259.0,695.0,235.0,713.0,336.0,661.0,336.0,715.0,314.0,707.0,334.0,706.0,335.0
4638.jpg,0.345,724.5,271.0,709.0,230.0,717.0,245.0,718.0,244.0,710.0,229.0,754.0,295.0,700.0,289.0,700.0,289.0,710.0,230.0,729.0,312.0
4644.jpg,0.395,739.5,266.0,719.0,219.0,728.0,238.0,729.0,237.0,719.0,218.0,784.0,312.0,737.0,300.0,737.0,300.0,760.0,314.0,754.0,314.0
4650.jpg,0.39,749.5,263.0,719.0,217.0,732.0,236.0,733.0,235.0,721.0,217.0,789.0,307.0,752.0,301.0,752.0,302.0,768.0,310.0,759.0,310.0
4656.jpg,0.355,742.5,265.0,720.0,223.0,731.0,240.0,732.0,239.0,719.0,222.0,782.0,307.0,720.0,288.0,720.0,288.0,757.0,307.0,750.0,308.0
4662.jpg,0.36,743.0,262.5,719.0,220.0,730.0,237.0,734.0,235.0,719.0,219.0,781.0,305.0,719.0,283.0,720.0,284.0,752.0,306.0,747.0,306.0
4668.jpg,0.36,745.0,258.5,721.0,216.0,733.0,233.0,734.0,233.0,721.0,215.0,786.0,290.0,708.0,297.0,709.0,296.0,764.0,300.0,761.0,302.0
4674.jpg,0.375,757.0,251.5,726.0,211.0,739.0,230.0,740.0,229.0,726.0,210.0,797.0,280.0,749.0,290.0,751.0,290.0,773.0,292.0,767.0,295.0
4680.jpg,0.365,756.5,263.5,726.0,219.0,740.0,235.0,741.0,234.0,726.0,219.0,795.0,303.0,766.0,309.0,760.0,297.0,773.0,308.0,771.0,309.0
4686.jpg,0.355,755.5,265.5,727.0,223.0,740.0,239.0,740.0,237.0,726.0,222.0,794.0,308.0,758.0,302.0,758.0,302.0,767.0,308.0,762.0,309.0
4692.jpg,0.38,758.0,267.0,728.0,222.0,741.0,240.0,743.0,237.0,727.0,221.0,798.0,308.0,761.0,301.0,763.0,301.0,778.0,313.0,776.0,314.0
4698.jpg,0.42,762.5,265.0,730.0,216.0,745.0,236.0,745.0,235.0,731.0,215.0,807.0,303.0,768.0,300.0,718.0,303.0,782.0,314.0,780.0,316.0
4704.jpg,0.4,762.0,267.0,732.0,219.0,746.0,239.0,750.0,237.0,731.0,219.0,804.0,309.0,765.0,303.0,766.0,303.0,781.0,315.0,779.0,316.0
4710.jpg,0.39,761.5,269.0,730.0,223.0,745.0,242.0,746.0,241.0,731.0,222.0,803.0,310.0,762.0,303.0,765.0,303.0,783.0,316.0,781.0,317.0
4716.jpg,0.505,749.5,269.5,731.0,218.0,746.0,242.0,746.0,240.0,731.0,217.0,801.0,312.0,740.0,316.0,708.0,307.0,762.0,326.0,740.0,327.0
4722.jpg,0.395,760.5,268.5,731.0,222.0,745.0,241.0,751.0,239.0,731.0,222.0,803.0,310.0,763.0,304.0,764.0,304.0,796.0,316.0,779.0,318.0
4728.jpg,0.425,765.5,260.5,731.0,214.0,748.0,237.0,748.0,233.0,732.0,212.0,813.0,301.0,768.0,297.0,769.0,297.0,786.0,309.0,785.0,310.0
4734.jpg,0.575,755.5,262.5,689.0,303.0,708.0,303.0,750.0,233.0,734.0,210.0,814.0,303.0,797.0,307.0,803.0,256.0,813.0,295.0,813.0,294.0
4740.jpg,0.64,746.0,268.5,682.0,306.0,703.0,307.0,748.0,237.0,733.0,212.0,813.0,316.0,752.0,325.0,805.0,281.0,810.0,313.0,802.0,305.0
4746.jpg,0.605,745.5,266.5,682.0,304.0,703.0,307.0,748.0,237.0,731.0,212.0,813.0,312.0,778.0,321.0,800.0,279.0,809.0,312.0,807.0,308.0
4752.jpg,0.605,747.5,265.5,684.0,304.0,703.0,306.0,749.0,237.0,732.0,211.0,814.0,310.0,750.0,320.0,797.0,258.0,809.0,308.0,799.0,301.0
4758.jpg,0.565,747.5,264.5,682.0,303.0,701.0,305.0,745.0,236.0,731.0,210.0,808.0,312.0,728.0,211.0,798.0,274.0,798.0,305.0,796.0,305.0
4764.jpg,0.42,762.0,266.0,730.0,217.0,745.0,237.0,745.0,236.0,730.0,216.0,808.0,309.0,767.0,305.0,768.0,305.0,784.0,317.0,783.0,318.0
4770.jpg,0.6,747.0,263.0,682.0,303.0,702.0,303.0,745.0,235.0,731.0,210.0,813.0,304.0,745.0,322.0,801.0,271.0,809.0,298.0,810.0,296.0
4776.jpg,0.475,775.0,250.5,735.0,204.0,753.0,225.0,754.0,225.0,736.0,202.0,828.0,278.0,774.0,285.0,782.0,287.0,799.0,293.0,795.0,297.0
4782.jpg,0.57,775.0,248.0,734.0,197.0,755.0,220.0,756.0,219.0,735.0,193.0,837.0,271.0,727.0,292.0,727.0,292.0,784.0,304.0,770.0,305.0
4788.jpg,0.49,778.5,248.0,734.0,199.0,752.0,221.0,754.0,220.0,736.0,197.0,832.0,282.0,789.0,282.0,789.0,283.0,801.0,295.0,785.0,304.0
4794.jpg,0.51,770.5,251.0,734.0,201.0,753.0,224.0,755.0,224.0,735.0,200.0,826.0,286.0,762.0,300.0,764.0,300.0,793.0,299.0,789.0,302.0
4800.jpg,0.42,771.5,250.0,735.0,205.0,752.0,224.0,754.0,222.0,736.0,203.0,819.0,278.0,731.0,292.0,731.0,292.0,791.0,293.0,784.0,296.0
4806.jpg,0.5,755.0,252.5,733.0,204.0,748.0,225.0,749.0,224.0,734.0,203.0,812.0,279.0,730.0,290.0,731.0,290.0,766.0,301.0,760.0,303.0
4812.jpg,0.46,773.0,246.0,734.0,200.0,752.0,221.0,753.0,218.0,735.0,198.0,820.0,266.0,761.0,288.0,762.0,288.0,795.0,281.0,785.0,289.0
4818.jpg,0.415,777.0,245.5,739.0,202.0,758.0,222.0,758.0,220.0,740.0,201.0,825.0,260.0,770.0,285.0,767.0,286.0,801.0,276.0,792.0,282.0
4824.jpg,0.455,772.5,246.5,735.0,200.0,755.0,223.0,756.0,221.0,736.0,199.0,822.0,271.0,762.0,290.0,762.0,291.0,795.0,287.0,785.0,293.0
4830.jpg,0.515,764.5,250.0,735.0,200.0,752.0,223.0,753.0,222.0,736.0,199.0,820.0,275.0,755.0,294.0,722.0,292.0,775.0,298.0,752.0,301.0
4836.jpg,0.485,764.5,250.5,733.0,201.0,752.0,223.0,753.0,221.0,735.0,199.0,818.0,274.0,731.0,289.0,730.0,289.0,770.0,298.0,765.0,300.0
4842.jpg,0.425,771.5,246.5,735.0,203.0,752.0,223.0,753.0,221.0,736.0,202.0,814.0,263.0,780.0,274.0,782.0,272.0,792.0,278.0,788.0,278.0
4848.jpg,0.375,763.5,243.5,731.0,203.0,746.0,221.0,748.0,219.0,732.0,202.0,800.0,258.0,756.0,277.0,759.0,280.0,770.0,277.0,763.0,282.0
4854.jpg,0.405,764.5,242.5,730.0,201.0,748.0,220.0,750.0,218.0,731.0,201.0,811.0,251.0,748.0,273.0,747.0,272.0,769.0,282.0,761.0,285.0
4860.jpg,0.425,769.5,241.5,731.0,200.0,750.0,220.0,750.0,220.0,732.0,199.0,817.0,243.0,760.0,278.0,751.0,275.0,785.0,271.0,777.0,279.0
4866.jpg,0.46,778.0,241.0,734.0,198.0,756.0,219.0,756.0,217.0,736.0,196.0,828.0,246.0,775.0,281.0,770.0,280.0,801.0,271.0,796.0,275.0
4872.jpg,0.435,775.5,239.5,736.0,197.0,755.0,217.0,757.0,217.0,737.0,195.0,825.0,250.0,769.0,278.0,769.0,277.0,798.0,269.0,792.0,274.0
4878.jpg,0.41,769.0,240.0,734.0,200.0,752.0,219.0,759.0,218.0,735.0,198.0,812.0,257.0,763.0,277.0,765.0,280.0,784.0,275.0,774.0,283.0
4884.jpg,0.405,769.5,242.5,734.0,201.0,751.0,220.0,752.0,219.0,734.0,201.0,810.0,257.0,767.0,279.0,766.0,281.0,778.0,277.0,780.0,277.0
4890.jpg,0.39,769.5,245.0,735.0,205.0,754.0,224.0,756.0,222.0,736.0,203.0,812.0,263.0,764.0,283.0,762.0,285.0,787.0,278.0,780.0,282.0
4896.jpg,0.385,768.0,248.5,734.0,206.0,752.0,225.0,753.0,223.0,734.0,204.0,812.0,267.0,758.0,287.0,763.0,292.0,785.0,283.0,778.0,287.0
4902.jpg,0.445,777.5,241.5,736.0,200.0,758.0,222.0,759.0,218.0,738.0,198.0,828.0,257.0,767.0,282.0,766.0,282.0,803.0,272.0,795.0,280.0
4908.jpg,0.465,781.0,236.5,737.0,198.0,758.0,219.0,758.0,217.0,737.0,197.0,815.0,218.0,801.0,260.0,802.0,259.0,805.0,261.0,801.0,264.0
4914.jpg,0.405,770.5,239.0,736.0,201.0,755.0,222.0,757.0,221.0,737.0,200.0,814.0,246.0,786.0,263.0,789.0,263.0,790.0,267.0,776.0,279.0
4920.jpg,0.365,765.5,244.5,734.0,204.0,751.0,224.0,753.0,221.0,736.0,202.0,806.0,253.0,773.0,271.0,759.0,282.0,776.0,275.0,769.0,281.0
4926.jpg,0.375,769.5,246.5,734.0,207.0,752.0,225.0,754.0,224.0,735.0,206.0,808.0,261.0,785.0,272.0,786.0,272.0,788.0,274.0,775.0,285.0
4932.jpg,0.415,773.5,245.5,735.0,204.0,755.0,226.0,757.0,224.0,735.0,203.0,821.0,267.0,767.0,287.0,766.0,286.0,795.0,278.0,784.0,289.0
4938.jpg,0.415,771.5,240.0,734.0,203.0,755.0,223.0,755.0,221.0,736.0,200.0,819.0,247.0,763.0,273.0,765.0,277.0,778.0,277.0,773.0,282.0
4944.jpg,0.405,769.5,241.5,734.0,203.0,753.0,224.0,753.0,222.0,735.0,201.0,814.0,245.0,783.0,263.0,754.0,275.0,779.0,275.0,765.0,282.0
4950.jpg,0.365,764.5,241.5,731.0,205.0,749.0,225.0,750.0,223.0,732.0,205.0,801.0,245.0,775.0,259.0,776.0,258.0,791.0,261.0,782.0,264.0
4956.jpg,0.335,754.5,244.5,725.0,210.0,741.0,228.0,746.0,227.0,726.0,208.0,789.0,266.0,760.0,272.0,760.0,272.0,769.0,275.0,759.0,282.0
4962.jpg,0.335,741.0,250.5,714.0,211.0,727.0,228.0,750.0,223.0,713.0,210.0,775.0,285.0,750.0,292.0,751.0,292.0,760.0,291.0,754.0,292.0
4968.jpg,0.33,726.0,269.5,709.0,230.0,718.0,244.0,718.0,243.0,709.0,229.0,757.0,309.0,722.0,302.0,723.0,302.0,709.0,230.0,731.0,310.0
4974.jpg,0.33,726.0,263.5,703.0,224.0,711.0,238.0,712.0,237.0,704.0,223.0,752.0,288.0,715.0,291.0,728.0,298.0,734.0,302.0,731.0,303.0
4980.jpg,0.42,736.0,260.0,702.0,210.0,716.0,233.0,719.0,231.0,701.0,209.0,780.0,303.0,734.0,297.0,736.0,298.0,757.0,311.0,752.0,312.0
4986.jpg,0.46,740.0,260.0,704.0,206.0,720.0,230.0,721.0,229.0,705.0,205.0,789.0,305.0,733.0,309.0,735.0,309.0,763.0,314.0,759.0,317.0
4992.jpg,0.65,706.0,274.5,642.0,301.0,664.0,302.0,715.0,239.0,705.0,212.0,768.0,334.0,730.0,339.0,769.0,282.0,764.0,329.0,760.0,323.0
4998.jpg,0.67,704.5,280.0,636.0,299.0,660.0,305.0,714.0,242.0,704.0,213.0,771.0,340.0,731.0,345.0,771.0,296.0,763.0,331.0,762.0,328.0
5004.jpg,0.67,700.0,284.0,634.0,302.0,657.0,307.0,714.0,249.0,706.0,220.0,763.0,347.0,726.0,349.0,767.0,311.0,759.0,340.0,756.0,334.0
5010.jpg,0.665,698.5,284.0,635.0,303.0,655.0,309.0,714.0,246.0,706.0,220.0,763.0,346.0,723.0,350.0,763.0,293.0,758.0,340.0,754.0,333.0
5016.jpg,0.66,700.0,281.0,635.0,303.0,656.0,307.0,714.0,243.0,706.0,219.0,766.0,344.0,709.0,345.0,766.0,308.0,759.0,336.0,757.0,330.0
5022.jpg,0.65,701.0,280.0,636.0,303.0,655.0,305.0,714.0,243.0,706.0,216.0,767.0,341.0,712.0,343.0,766.0,305.0,759.0,334.0,757.0,329.0
5028.jpg,0.66,701.5,279.0,637.0,302.0,655.0,306.0,713.0,241.0,705.0,216.0,767.0,338.0,727.0,343.0,766.0,305.0,759.0,330.0,758.0,327.0
5034.jpg,0.655,700.5,278.5,636.0,301.0,656.0,305.0,714.0,241.0,705.0,216.0,767.0,338.0,712.0,342.0,766.0,304.0,758.0,330.0,757.0,326.0
5040.jpg,0.655,701.5,277.0,637.0,300.0,657.0,304.0,714.0,241.0,705.0,214.0,767.0,336.0,706.0,340.0,765.0,300.0,760.0,332.0,756.0,325.0
5046.jpg,0.66,701.0,277.5,636.0,299.0,656.0,304.0,714.0,240.0,706.0,214.0,768.0,337.0,729.0,341.0,765.0,294.0,760.0,329.0,758.0,325.0
5052.jpg,0.66,701.0,278.0,636.0,300.0,657.0,305.0,715.0,240.0,706.0,215.0,768.0,337.0,700.0,337.0,767.0,302.0,759.0,329.0,758.0,326.0
5058.jpg,0.655,702.5,276.0,637.0,299.0,658.0,303.0,715.0,240.0,706.0,213.0,770.0,331.0,727.0,341.0,766.0,289.0,760.0,322.0,759.0,321.0
5064.jpg,0.655,705.5,272.5,640.0,298.0,662.0,302.0,718.0,239.0,708.0,211.0,774.0,326.0,727.0,336.0,768.0,288.0,773.0,326.0,763.0,317.0
5070.jpg,0.64,726.0,266.5,657.0,301.0,675.0,301.0,725.0,233.0,712.0,205.0,793.0,318.0,723.0,325.0,783.0,281.0,782.0,310.0,781.0,305.0
5076.jpg,0.465,753.5,258.0,718.0,206.0,732.0,224.0,734.0,223.0,719.0,204.0,804.0,296.0,699.0,297.0,702.0,297.0,773.0,312.0,764.0,314.0
5082.jpg,0.42,758.5,252.0,720.0,204.0,736.0,221.0,739.0,217.0,722.0,202.0,805.0,287.0,763.0,289.0,764.0,289.0,779.0,299.0,776.0,300.0
5088.jpg,0.615,727.5,259.5,666.0,297.0,685.0,299.0,733.0,228.0,719.0,203.0,792.0,301.0,731.0,313.0,783.0,268.0,790.0,299.0,787.0,294.0
5094.jpg,0.625,723.5,263.0,661.0,297.0,682.0,300.0,731.0,231.0,717.0,206.0,789.0,309.0,729.0,318.0,781.0,276.0,784.0,309.0,777.0,300.0
5100.jpg,0.62,722.0,265.5,660.0,299.0,681.0,301.0,730.0,234.0,717.0,207.0,786.0,315.0,750.0,325.0,781.0,276.0,781.0,309.0,775.0,302.0
5106.jpg,0.61,721.0,265.0,659.0,299.0,679.0,301.0,728.0,233.0,716.0,207.0,785.0,316.0,724.0,324.0,777.0,273.0,775.0,309.0,773.0,309.0
5112.jpg,0.615,720.5,265.5,658.0,299.0,678.0,301.0,729.0,234.0,716.0,208.0,783.0,318.0,728.0,324.0,778.0,276.0,776.0,311.0,773.0,309.0
5118.jpg,0.61,721.0,266.0,658.0,299.0,677.0,300.0,728.0,234.0,714.0,206.0,784.0,317.0,728.0,325.0,777.0,279.0,775.0,310.0,773.0,309.0
5124.jpg,0.605,721.5,265.5,658.0,298.0,677.0,301.0,727.0,234.0,714.0,208.0,784.0,316.0,728.0,327.0,778.0,283.0,773.0,309.0,773.0,308.0
5130.jpg,0.605,721.5,265.5,658.0,298.0,677.0,301.0,726.0,232.0,713.0,206.0,783.0,316.0,733.0,326.0,778.0,281.0,773.0,308.0,773.0,308.0
5136.jpg,0.62,719.0,266.5,656.0,299.0,675.0,300.0,726.0,234.0,714.0,209.0,782.0,317.0,733.0,326.0,777.0,282.0,773.0,310.0,772.0,310.0
5142.jpg,0.57,722.0,266.5,655.0,299.0,673.0,302.0,725.0,234.0,713.0,211.0,781.0,317.0,730.0,327.0,774.0,285.0,770.0,310.0,770.0,309.0
5148.jpg,0.59,716.0,267.0,655.0,300.0,673.0,301.0,725.0,235.0,712.0,210.0,776.0,320.0,726.0,327.0,774.0,288.0,768.0,314.0,767.0,311.0
5154.jpg,0.59,717.0,267.0,654.0,299.0,671.0,303.0,725.0,236.0,712.0,210.0,776.0,320.0,728.0,327.0,772.0,289.0,768.0,313.0,766.0,311.0
5160.jpg,0.575,717.5,267.0,651.0,298.0,670.0,303.0,724.0,235.0,713.0,212.0,778.0,319.0,725.0,329.0,769.0,278.0,767.0,314.0,766.0,311.0
5166.jpg,0.57,717.0,269.0,650.0,299.0,668.0,303.0,724.0,236.0,712.0,212.0,777.0,319.0,725.0,330.0,768.0,282.0,765.0,317.0,765.0,316.0
5172.jpg,0.465,724.5,275.5,714.0,221.0,726.0,252.0,727.0,243.0,714.0,221.0,770.0,324.0,679.0,307.0,680.0,308.0,742.0,332.0,737.0,333.0
5178.jpg,0.58,690.0,282.5,632.0,303.0,648.0,308.0,716.0,246.0,711.0,228.0,744.0,335.0,700.0,340.0,745.0,299.0,733.0,327.0,733.0,325.0
5184.jpg,0.28,726.5,258.0,708.0,225.0,714.0,231.0,715.0,231.0,708.0,224.0,746.0,257.0,715.0,247.0,729.0,287.0,732.0,292.0,732.0,292.0
5190.jpg,0.375,710.5,269.5,703.0,226.0,709.0,245.0,711.0,244.0,704.0,226.0,704.0,228.0,692.0,295.0,692.0,284.0,719.0,316.0,715.0,316.0
5196.jpg,0.465,665.5,286.5,694.0,239.0,696.0,257.0,697.0,257.0,696.0,239.0,699.0,334.0,630.0,300.0,617.0,307.0,676.0,336.0,671.0,337.0
5202.jpg,0.535,616.5,293.0,561.0,280.0,572.0,290.0,660.0,262.0,663.0,245.0,635.0,338.0,610.0,331.0,652.0,318.0,635.0,338.0,634.0,337.0
5208.jpg,0.525,624.5,268.5,666.0,225.0,662.0,242.0,663.0,243.0,667.0,225.0,647.0,315.0,613.0,307.0,660.0,296.0,623.0,313.0,628.0,314.0
5220.jpg,0.46,587.0,302.5,540.0,268.0,549.0,279.0,636.0,272.0,643.0,263.0,586.0,341.0,569.0,327.0,604.0,329.0,586.0,341.0,585.0,341.0
5226.jpg,0.485,575.5,307.0,529.0,264.0,539.0,282.0,626.0,285.0,632.0,279.0,557.0,355.0,542.0,336.0,582.0,341.0,558.0,354.0,557.0,354.0
5232.jpg,0.535,553.5,318.5,514.0,266.0,520.0,292.0,606.0,308.0,614.0,300.0,523.0,378.0,512.0,355.0,563.0,359.0,524.0,379.0,523.0,378.0
5238.jpg,0.54,556.5,329.0,512.0,272.0,519.0,298.0,602.0,316.0,613.0,304.0,523.0,390.0,506.0,359.0,552.0,374.0,525.0,390.0,524.0,389.0
5244.jpg,0.6,530.0,321.5,503.0,263.0,505.0,294.0,583.0,323.0,597.0,311.0,485.0,386.0,478.0,355.0,532.0,373.0,487.0,385.0,483.0,385.0
5250.jpg,0.635,529.5,320.0,502.0,263.0,505.0,294.0,580.0,324.0,595.0,311.0,483.0,384.0,479.0,356.0,526.0,373.0,483.0,386.0,482.0,386.0
5256.jpg,0.595,527.5,323.0,503.0,265.0,504.0,296.0,579.0,326.0,594.0,312.0,480.0,386.0,476.0,357.0,529.0,372.0,481.0,387.0,481.0,387.0
5262.jpg,0.61,528.0,322.5,503.0,265.0,503.0,299.0,578.0,326.0,595.0,313.0,483.0,384.0,474.0,357.0,522.0,374.0,483.0,386.0,481.0,386.0
5268.jpg,0.65,519.0,318.5,501.0,259.0,500.0,292.0,571.0,326.0,587.0,316.0,466.0,384.0,469.0,342.0,510.0,377.0,467.0,387.0,467.0,387.0
5274.jpg,0.645,513.5,317.5,497.0,261.0,496.0,296.0,565.0,330.0,581.0,319.0,459.0,383.0,460.0,354.0,502.0,375.0,460.0,384.0,481.0,380.0
5280.jpg,0.58,511.0,327.0,498.0,271.0,498.0,305.0,570.0,336.0,583.0,324.0,470.0,393.0,461.0,354.0,514.0,379.0,475.0,394.0,475.0,389.0
5286.jpg,0.595,522.5,337.5,500.0,279.0,503.0,311.0,576.0,340.0,591.0,326.0,483.0,401.0,471.0,364.0,517.0,390.0,484.0,400.0,484.0,400.0
5292.jpg,0.625,523.5,340.0,499.0,280.0,500.0,314.0,572.0,342.0,591.0,328.0,481.0,407.0,468.0,374.0,509.0,396.0,481.0,408.0,482.0,406.0
5298.jpg,0.61,514.0,333.5,495.0,275.0,495.0,308.0,568.0,341.0,585.0,326.0,464.0,398.0,463.0,368.0,502.0,388.0,465.0,397.0,465.0,397.0
5304.jpg,0.58,510.0,330.0,495.0,274.0,495.0,310.0,568.0,339.0,582.0,327.0,466.0,395.0,461.0,356.0,507.0,382.0,466.0,395.0,466.0,391.0
5310.jpg,0.535,507.5,331.5,494.0,278.0,493.0,312.0,566.0,341.0,496.0,277.0,464.0,389.0,460.0,358.0,513.0,377.0,465.0,391.0,463.0,390.0
5316.jpg,0.555,514.5,340.0,494.0,290.0,498.0,319.0,571.0,346.0,583.0,335.0,482.0,403.0,469.0,368.0,510.0,390.0,483.0,403.0,482.0,402.0
5322.jpg,0.565,520.5,342.0,497.0,290.0,501.0,321.0,577.0,345.0,591.0,335.0,485.0,406.0,471.0,367.0,522.0,391.0,485.0,407.0,485.0,406.0
5328.jpg,0.585,511.5,338.0,497.0,281.0,495.0,317.0,569.0,345.0,581.0,336.0,466.0,402.0,470.0,366.0,510.0,392.0,469.0,402.0,486.0,398.0
5334.jpg,0.36,465.5,330.0,489.0,287.0,446.0,306.0,475.0,315.0,489.0,287.0,435.0,358.0,434.0,348.0,490.0,288.0,447.0,373.0,438.0,374.0
5340.jpg,0.35,456.0,323.0,475.0,281.0,431.0,305.0,474.0,306.0,481.0,283.0,428.0,367.0,429.0,350.0,461.0,367.0,458.0,366.0,459.0,367.0
5346.jpg,0.35,455.0,324.0,478.0,282.0,431.0,304.0,468.0,308.0,479.0,283.0,429.0,368.0,459.0,368.0,460.0,367.0,444.0,366.0,423.0,368.0
5352.jpg,0.37,457.0,326.0,479.0,282.0,461.0,310.0,470.0,308.0,480.0,283.0,425.0,346.0,452.0,372.0,482.0,284.0,428.0,371.0,460.0,372.0
5358.jpg,0.41,461.0,330.0,477.0,282.0,472.0,309.0,472.0,310.0,479.0,282.0,426.0,358.0,422.0,328.0,464.0,380.0,476.0,281.0,462.0,381.0
5364.jpg,0.39,443.5,323.0,479.0,277.0,418.0,303.0,466.0,304.0,479.0,277.0,412.0,346.0,408.0,354.0,481.0,277.0,425.0,369.0,425.0,370.0
5370.jpg,0.415,431.0,320.5,468.0,271.0,412.0,293.0,455.0,300.0,470.0,272.0,397.0,347.0,391.0,349.0,421.0,349.0,404.0,356.0,410.0,368.0
5376.jpg,0.41,432.5,320.0,469.0,271.0,449.0,299.0,453.0,302.0,470.0,272.0,399.0,351.0,397.0,339.0,473.0,272.0,405.0,359.0,411.0,370.0
5382.jpg,0.425,438.5,323.5,471.0,274.0,454.0,304.0,456.0,304.0,473.0,275.0,403.0,353.0,404.0,344.0,473.0,275.0,412.0,360.0,425.0,374.0
5388.jpg,0.38,439.5,321.0,473.0,276.0,418.0,298.0,460.0,302.0,473.0,276.0,407.0,349.0,408.0,353.0,477.0,277.0,416.0,359.0,416.0,363.0
5394.jpg,0.395,441.0,320.5,475.0,274.0,420.0,296.0,463.0,301.0,476.0,272.0,408.0,349.0,403.0,344.0,480.0,274.0,419.0,364.0,419.0,368.0
5400.jpg,0.435,437.0,318.5,479.0,267.0,415.0,292.0,462.0,295.0,480.0,268.0,398.0,345.0,398.0,373.0,443.0,371.0,401.0,373.0,401.0,373.0
5406.jpg,0.475,444.5,313.5,483.0,257.0,467.0,288.0,469.0,289.0,484.0,258.0,400.0,348.0,397.0,343.0,451.0,372.0,405.0,372.0,405.0,372.0
5412.jpg,0.435,446.5,314.5,484.0,263.0,473.0,289.0,471.0,291.0,484.0,263.0,408.0,341.0,403.0,344.0,441.0,366.0,410.0,369.0,424.0,369.0
5418.jpg,0.43,448.0,316.0,478.0,265.0,472.0,292.0,473.0,293.0,485.0,265.0,407.0,369.0,408.0,336.0,456.0,368.0,413.0,368.0,411.0,369.0
5424.jpg,0.45,450.5,320.0,481.0,267.0,471.0,297.0,470.0,299.0,483.0,270.0,410.0,376.0,445.0,376.0,458.0,369.0,434.0,376.0,443.0,376.0
5430.jpg,0.37,451.0,321.0,484.0,277.0,467.0,300.0,471.0,302.0,485.0,277.0,419.0,346.0,414.0,352.0,488.0,277.0,426.0,366.0,424.0,366.0
5436.jpg,0.38,454.5,323.0,487.0,278.0,477.0,299.0,472.0,303.0,487.0,278.0,422.0,349.0,446.0,369.0,448.0,368.0,434.0,369.0,425.0,370.0
5442.jpg,0.39,455.5,325.0,488.0,279.0,471.0,304.0,474.0,305.0,489.0,279.0,427.0,353.0,446.0,372.0,478.0,372.0,435.0,360.0,430.0,372.0
5448.jpg,0.365,460.0,324.5,492.0,281.0,444.0,300.0,477.0,304.0,491.0,280.0,430.0,355.0,454.0,368.0,454.0,368.0,434.0,368.0,432.0,369.0
5454.jpg,0.4,456.5,325.0,487.0,277.0,479.0,303.0,479.0,304.0,489.0,277.0,429.0,354.0,433.0,359.0,449.0,359.0,440.0,363.0,444.0,373.0
5460.jpg,0.39,461.0,324.0,489.0,278.0,477.0,304.0,479.0,304.0,490.0,278.0,432.0,356.0,454.0,371.0,469.0,359.0,441.0,365.0,436.0,371.0
5466.jpg,0.555,480.5,324.0,486.0,269.0,482.0,302.0,482.0,303.0,487.0,269.0,435.0,388.0,433.0,348.0,484.0,378.0,469.0,384.0,467.0,386.0
5472.jpg,0.585,484.5,323.0,489.0,267.0,482.0,302.0,547.0,343.0,490.0,266.0,436.0,387.0,440.0,345.0,487.0,380.0,463.0,383.0,462.0,385.0
5478.jpg,0.635,491.5,323.5,488.0,269.0,483.0,304.0,548.0,342.0,566.0,336.0,439.0,388.0,441.0,346.0,485.0,380.0,442.0,389.0,436.0,378.0
5484.jpg,0.645,493.5,323.5,487.0,268.0,483.0,302.0,549.0,342.0,568.0,335.0,439.0,389.0,442.0,347.0,486.0,381.0,443.0,384.0,437.0,379.0
5490.jpg,0.635,494.5,323.5,488.0,269.0,483.0,301.0,549.0,342.0,568.0,335.0,441.0,389.0,442.0,348.0,486.0,380.0,444.0,389.0,466.0,384.0
5496.jpg,0.635,496.5,323.0,490.0,266.0,483.0,302.0,550.0,343.0,568.0,335.0,441.0,389.0,443.0,348.0,484.0,381.0,442.0,390.0,463.0,385.0
5502.jpg,0.625,494.5,323.5,488.0,268.0,483.0,301.0,549.0,342.0,568.0,334.0,442.0,388.0,442.0,356.0,487.0,381.0,447.0,388.0,466.0,384.0
5508.jpg,0.635,496.5,323.5,489.0,268.0,483.0,304.0,550.0,342.0,568.0,333.0,443.0,389.0,444.0,348.0,488.0,382.0,447.0,389.0,469.0,385.0
5514.jpg,0.635,497.5,324.0,489.0,267.0,484.0,303.0,551.0,341.0,569.0,334.0,444.0,390.0,445.0,349.0,487.0,383.0,450.0,388.0,469.0,386.0
5520.jpg,0.635,499.5,325.0,488.0,268.0,484.0,303.0,551.0,342.0,570.0,335.0,445.0,391.0,444.0,361.0,488.0,383.0,447.0,392.0,465.0,387.0
5526.jpg,0.625,499.5,325.0,488.0,269.0,485.0,304.0,552.0,342.0,570.0,333.0,446.0,390.0,448.0,353.0,490.0,382.0,449.0,392.0,466.0,387.0
5532.jpg,0.62,500.0,325.0,489.0,270.0,485.0,303.0,552.0,343.0,571.0,333.0,448.0,390.0,448.0,352.0,493.0,383.0,455.0,389.0,466.0,388.0
5538.jpg,0.625,501.5,325.0,489.0,270.0,486.0,303.0,553.0,342.0,571.0,332.0,449.0,391.0,449.0,355.0,492.0,382.0,454.0,390.0,468.0,387.0
5544.jpg,0.635,502.5,325.0,490.0,269.0,485.0,304.0,553.0,342.0,572.0,334.0,449.0,392.0,450.0,355.0,492.0,383.0,453.0,388.0,473.0,386.0
5550.jpg,0.625,501.5,325.5,489.0,270.0,486.0,303.0,553.0,342.0,571.0,333.0,449.0,391.0,450.0,355.0,492.0,383.0,455.0,388.0,471.0,386.0
5556.jpg,0.615,502.5,328.0,490.0,271.0,487.0,304.0,556.0,342.0,574.0,333.0,452.0,392.0,451.0,363.0,496.0,383.0,454.0,392.0,450.0,381.0
5562.jpg,0.62,503.0,327.0,491.0,271.0,487.0,305.0,556.0,343.0,574.0,333.0,452.0,392.0,450.0,354.0,496.0,384.0,457.0,392.0,450.0,380.0
5568.jpg,0.62,503.0,328.0,490.0,272.0,486.0,309.0,556.0,342.0,576.0,333.0,456.0,393.0,451.0,363.0,498.0,385.0,457.0,394.0,457.0,394.0
5574.jpg,0.62,504.0,329.0,491.0,272.0,487.0,307.0,556.0,342.0,575.0,333.0,453.0,393.0,452.0,364.0,498.0,385.0,455.0,394.0,478.0,389.0
5580.jpg,0.63,505.0,328.0,490.0,271.0,486.0,307.0,557.0,343.0,575.0,332.0,457.0,392.0,452.0,364.0,499.0,384.0,458.0,393.0,478.0,386.0
5586.jpg,0.625,505.5,328.0,490.0,273.0,487.0,306.0,557.0,343.0,574.0,333.0,454.0,393.0,454.0,363.0,497.0,385.0,457.0,394.0,479.0,388.0
5592.jpg,0.645,506.5,329.0,490.0,272.0,486.0,307.0,557.0,344.0,576.0,334.0,457.0,396.0,453.0,367.0,496.0,387.0,460.0,397.0,474.0,386.0
5598.jpg,0.64,507.0,329.5,489.0,274.0,488.0,308.0,558.0,343.0,577.0,334.0,454.0,396.0,454.0,367.0,498.0,387.0,457.0,398.0,457.0,398.0
5604.jpg,0.65,507.0,332.5,489.0,274.0,487.0,308.0,556.0,345.0,574.0,334.0,454.0,398.0,452.0,369.0,497.0,391.0,456.0,400.0,473.0,389.0
5610.jpg,0.645,506.5,337.5,491.0,274.0,486.0,313.0,558.0,346.0,577.0,336.0,455.0,405.0,443.0,354.0,499.0,395.0,455.0,407.0,458.0,394.0
5616.jpg,0.65,508.0,335.5,490.0,276.0,488.0,313.0,559.0,346.0,579.0,335.0,455.0,404.0,452.0,371.0,500.0,394.0,457.0,404.0,461.0,392.0
5622.jpg,0.645,507.5,338.0,491.0,276.0,488.0,313.0,559.0,347.0,579.0,335.0,458.0,407.0,452.0,368.0,501.0,396.0,459.0,406.0,458.0,406.0
5628.jpg,0.65,513.0,340.0,493.0,276.0,491.0,312.0,561.0,346.0,581.0,335.0,466.0,408.0,454.0,378.0,505.0,396.0,465.0,407.0,466.0,396.0
5634.jpg,0.645,513.5,339.5,492.0,275.0,491.0,313.0,561.0,347.0,580.0,334.0,462.0,407.0,458.0,376.0,501.0,397.0,467.0,404.0,468.0,397.0
5640.jpg,0.655,514.0,338.5,492.0,276.0,490.0,314.0,561.0,346.0,580.0,335.0,460.0,407.0,459.0,377.0,501.0,396.0,464.0,407.0,468.0,397.0
5646.jpg,0.65,513.0,338.5,491.0,276.0,491.0,314.0,562.0,346.0,581.0,335.0,461.0,407.0,457.0,376.0,500.0,395.0,463.0,407.0,462.0,408.0
5652.jpg,0.655,513.5,338.0,493.0,275.0,492.0,311.0,562.0,346.0,581.0,333.0,463.0,406.0,458.0,376.0,502.0,397.0,465.0,407.0,465.0,408.0
5658.jpg,0.655,513.5,337.0,493.0,275.0,492.0,310.0,562.0,346.0,581.0,333.0,462.0,406.0,460.0,375.0,502.0,396.0,466.0,405.0,479.0,400.0
5664.jpg,0.65,514.0,338.0,492.0,274.0,491.0,310.0,562.0,345.0,581.0,333.0,461.0,406.0,459.0,376.0,500.0,396.0,464.0,405.0,467.0,396.0
5670.jpg,0.655,514.0,337.5,492.0,276.0,491.0,310.0,562.0,345.0,580.0,334.0,461.0,406.0,459.0,380.0,501.0,396.0,467.0,406.0,464.0,408.0
5676.jpg,0.645,515.5,337.5,491.0,276.0,491.0,311.0,562.0,345.0,581.0,334.0,462.0,407.0,459.0,380.0,503.0,395.0,469.0,402.0,469.0,399.0
5682.jpg,0.65,515.5,338.0,493.0,277.0,491.0,310.0,562.0,344.0,581.0,333.0,462.0,406.0,462.0,376.0,506.0,395.0,468.0,403.0,470.0,396.0
5688.jpg,0.65,515.5,338.0,493.0,277.0,491.0,310.0,562.0,344.0,581.0,333.0,466.0,406.0,462.0,376.0,504.0,396.0,468.0,406.0,467.0,406.0
5694.jpg,0.65,515.5,337.0,493.0,276.0,491.0,310.0,562.0,344.0,581.0,333.0,463.0,407.0,461.0,380.0,506.0,394.0,467.0,405.0,466.0,405.0
5700.jpg,0.645,515.5,337.5,491.0,276.0,491.0,310.0,562.0,345.0,581.0,332.0,462.0,405.0,460.0,380.0,503.0,395.0,465.0,407.0,465.0,407.0
5706.jpg,0.655,515.5,337.5,492.0,275.0,492.0,309.0,563.0,345.0,582.0,334.0,463.0,406.0,462.0,376.0,508.0,394.0,467.0,408.0,465.0,408.0
5712.jpg,0.655,515.5,337.5,492.0,276.0,492.0,310.0,563.0,345.0,582.0,332.0,463.0,406.0,462.0,376.0,506.0,395.0,467.0,408.0,467.0,406.0
5718.jpg,0.655,515.5,338.0,492.0,276.0,491.0,311.0,563.0,344.0,582.0,333.0,465.0,407.0,460.0,376.0,506.0,394.0,468.0,404.0,471.0,397.0
5724.jpg,0.655,515.5,338.0,492.0,276.0,491.0,311.0,563.0,346.0,582.0,333.0,463.0,407.0,462.0,376.0,508.0,394.0,467.0,406.0,465.0,406.0
5730.jpg,0.65,515.5,339.0,493.0,275.0,491.0,312.0,562.0,344.0,581.0,331.0,463.0,406.0,461.0,377.0,508.0,393.0,465.0,409.0,465.0,407.0
5736.jpg,0.65,515.0,338.0,492.0,274.0,492.0,310.0,563.0,344.0,582.0,333.0,463.0,406.0,460.0,380.0,506.0,395.0,465.0,408.0,464.0,406.0
5742.jpg,0.65,516.0,337.5,493.0,276.0,493.0,311.0,563.0,344.0,582.0,332.0,465.0,406.0,461.0,379.0,508.0,393.0,468.0,406.0,466.0,406.0
5748.jpg,0.645,516.5,338.5,491.0,277.0,492.0,311.0,564.0,345.0,582.0,332.0,465.0,406.0,462.0,380.0,508.0,395.0,466.0,408.0,466.0,408.0
5754.jpg,0.65,516.5,339.0,492.0,275.0,492.0,311.0,565.0,344.0,582.0,331.0,464.0,407.0,462.0,378.0,509.0,393.0,467.0,406.0,466.0,406.0
5760.jpg,0.65,517.0,339.0,493.0,278.0,493.0,312.0,565.0,344.0,583.0,331.0,465.0,406.0,461.0,381.0,508.0,393.0,466.0,407.0,466.0,407.0
5766.jpg,0.65,518.0,338.0,492.0,277.0,492.0,310.0,565.0,344.0,584.0,332.0,466.0,406.0,462.0,381.0,509.0,395.0,468.0,406.0,468.0,406.0
5772.jpg,0.645,517.5,338.5,492.0,278.0,492.0,311.0,565.0,345.0,583.0,332.0,468.0,408.0,464.0,380.0,511.0,394.0,471.0,405.0,471.0,403.0
5778.jpg,0.65,518.5,339.0,493.0,277.0,493.0,312.0,565.0,344.0,583.0,331.0,466.0,407.0,464.0,381.0,511.0,393.0,469.0,409.0,469.0,407.0
5784.jpg,0.64,518.0,338.0,493.0,277.0,493.0,309.0,565.0,344.0,583.0,332.0,467.0,407.0,464.0,374.0,509.0,394.0,470.0,404.0,474.0,395.0
5790.jpg,0.645,517.5,338.5,493.0,277.0,493.0,311.0,565.0,345.0,583.0,332.0,468.0,406.0,462.0,376.0,511.0,394.0,469.0,408.0,468.0,408.0
5796.jpg,0.64,518.0,339.0,493.0,278.0,493.0,310.0,565.0,344.0,584.0,331.0,468.0,408.0,463.0,380.0,510.0,394.0,470.0,406.0,474.0,395.0
5802.jpg,0.645,518.0,338.5,494.0,277.0,493.0,309.0,566.0,345.0,585.0,331.0,469.0,408.0,464.0,380.0,509.0,395.0,471.0,406.0,470.0,406.0
5808.jpg,0.645,518.0,338.5,494.0,275.0,494.0,312.0,566.0,345.0,583.0,332.0,469.0,406.0,462.0,380.0,509.0,395.0,470.0,408.0,469.0,408.0
5814.jpg,0.64,518.0,338.5,493.0,278.0,493.0,312.0,564.0,345.0,583.0,332.0,468.0,408.0,462.0,380.0,509.0,395.0,470.0,406.0,469.0,405.0
5820.jpg,0.635,518.5,338.5,494.0,275.0,494.0,310.0,566.0,343.0,583.0,332.0,468.0,407.0,464.0,381.0,507.0,395.0,469.0,408.0,469.0,407.0
5826.jpg,0.635,518.5,338.5,492.0,278.0,494.0,310.0,564.0,345.0,583.0,332.0,468.0,407.0,464.0,381.0,508.0,395.0,471.0,405.0,474.0,394.0
5832.jpg,0.635,518.5,338.5,492.0,278.0,494.0,311.0,566.0,345.0,583.0,332.0,468.0,407.0,465.0,369.0,511.0,394.0,469.0,409.0,469.0,407.0
5838.jpg,0.63,518.0,339.0,493.0,277.0,493.0,312.0,566.0,344.0,583.0,332.0,469.0,407.0,465.0,372.0,509.0,394.0,471.0,405.0,482.0,395.0
5844.jpg,0.635,518.5,338.5,494.0,278.0,494.0,310.0,566.0,343.0,584.0,331.0,468.0,407.0,464.0,381.0,510.0,394.0,470.0,407.0,469.0,405.0
5850.jpg,0.635,518.5,339.0,492.0,278.0,494.0,312.0,566.0,344.0,584.0,331.0,469.0,407.0,464.0,381.0,510.0,395.0,471.0,407.0,469.0,406.0
5856.jpg,0.635,518.5,338.5,492.0,278.0,494.0,311.0,566.0,345.0,584.0,332.0,469.0,407.0,464.0,382.0,511.0,393.0,470.0,408.0,470.0,407.0
5862.jpg,0.64,519.0,339.0,493.0,278.0,494.0,311.0,566.0,344.0,584.0,330.0,470.0,408.0,464.0,380.0,511.0,394.0,470.0,408.0,469.0,406.0
5868.jpg,0.64,519.5,339.0,493.0,278.0,494.0,311.0,567.0,344.0,584.0,330.0,471.0,408.0,464.0,381.0,512.0,394.0,472.0,408.0,471.0,408.0
5874.jpg,0.64,519.0,338.5,493.0,278.0,494.0,312.0,566.0,345.0,584.0,331.0,471.0,408.0,465.0,381.0,510.0,395.0,473.0,407.0,471.0,407.0
5880.jpg,0.635,519.5,338.5,493.0,278.0,493.0,312.0,567.0,343.0,584.0,331.0,470.0,408.0,465.0,381.0,511.0,394.0,471.0,407.0,470.0,407.0
5886.jpg,0.635,519.0,338.5,493.0,278.0,493.0,312.0,567.0,343.0,585.0,330.0,469.0,407.0,464.0,381.0,510.0,394.0,472.0,405.0,471.0,405.0
5892.jpg,0.64,519.0,338.0,493.0,277.0,494.0,312.0,566.0,344.0,584.0,330.0,470.0,408.0,465.0,380.0,511.0,394.0,471.0,409.0,470.0,407.0
5898.jpg,0.64,519.0,338.0,494.0,277.0,494.0,312.0,565.0,344.0,584.0,330.0,470.0,407.0,465.0,380.0,510.0,394.0,473.0,405.0,471.0,405.0
5904.jpg,0.64,519.0,338.5,493.0,278.0,494.0,315.0,566.0,345.0,584.0,331.0,470.0,408.0,466.0,381.0,510.0,395.0,473.0,406.0,471.0,406.0
5910.jpg,0.635,519.5,338.0,493.0,277.0,493.0,311.0,565.0,344.0,584.0,330.0,470.0,409.0,466.0,381.0,511.0,395.0,472.0,406.0,472.0,405.0
5916.jpg,0.635,519.5,338.5,493.0,278.0,493.0,312.0,567.0,343.0,584.0,331.0,471.0,407.0,467.0,381.0,511.0,394.0,473.0,405.0,473.0,405.0
5922.jpg,0.635,519.5,338.5,493.0,278.0,493.0,312.0,567.0,343.0,584.0,331.0,471.0,408.0,466.0,381.0,509.0,395.0,472.0,408.0,472.0,407.0
5928.jpg,0.64,519.5,339.0,493.0,278.0,494.0,311.0,567.0,344.0,584.0,330.0,471.0,408.0,466.0,381.0,508.0,395.0,472.0,408.0,472.0,406.0
5934.jpg,0.635,519.5,338.5,493.0,276.0,493.0,311.0,567.0,343.0,584.0,330.0,471.0,408.0,465.0,368.0,509.0,394.0,472.0,405.0,470.0,404.0
5940.jpg,0.635,519.5,338.5,493.0,276.0,493.0,312.0,567.0,343.0,584.0,331.0,471.0,408.0,470.0,369.0,511.0,394.0,473.0,404.0,472.0,404.0
5946.jpg,0.63,519.0,338.0,493.0,278.0,494.0,312.0,566.0,344.0,584.0,331.0,471.0,408.0,465.0,381.0,510.0,394.0,473.0,404.0,473.0,404.0
5952.jpg,0.64,519.0,338.0,493.0,277.0,494.0,310.0,565.0,344.0,584.0,330.0,470.0,407.0,466.0,380.0,510.0,394.0,473.0,405.0,471.0,405.0
5958.jpg,0.635,519.5,339.0,493.0,278.0,493.0,312.0,565.0,344.0,584.0,330.0,470.0,407.0,466.0,381.0,511.0,395.0,473.0,405.0,472.0,406.0
5964.jpg,0.63,519.0,339.0,493.0,277.0,493.0,311.0,566.0,344.0,584.0,330.0,470.0,407.0,465.0,381.0,510.0,394.0,471.0,407.0,470.0,405.0
5970.jpg,0.635,519.0,338.5,493.0,276.0,494.0,310.0,566.0,343.0,585.0,331.0,469.0,407.0,466.0,379.0,510.0,394.0,473.0,404.0,483.0,395.0
5976.jpg,0.635,519.5,338.5,492.0,278.0,493.0,311.0,567.0,343.0,584.0,331.0,469.0,407.0,465.0,381.0,511.0,394.0,472.0,405.0,471.0,404.0
5982.jpg,0.635,519.5,338.5,493.0,276.0,493.0,311.0,567.0,343.0,584.0,330.0,470.0,407.0,465.0,379.0,511.0,394.0,471.0,407.0,470.0,405.0
5988.jpg,0.635,519.0,338.5,493.0,278.0,493.0,310.0,566.0,343.0,585.0,330.0,471.0,407.0,464.0,381.0,510.0,394.0,472.0,405.0,471.0,405.0
5994.jpg,0.635,519.0,338.5,493.0,278.0,494.0,310.0,566.0,343.0,585.0,330.0,471.0,405.0,464.0,379.0,510.0,394.0,471.0,407.0,469.0,405.0
6000.jpg,0.635,519.5,338.5,493.0,276.0,495.0,310.0,567.0,343.0,584.0,330.0,472.0,405.0,466.0,379.0,508.0,394.0,473.0,407.0,472.0,407.0
6006.jpg,0.63,520.0,338.0,494.0,279.0,494.0,310.0,567.0,343.0,585.0,331.0,472.0,407.0,467.0,381.0,510.0,394.0,474.0,404.0,474.0,404.0
6012.jpg,0.635,520.0,338.5,494.0,278.0,494.0,310.0,567.0,343.0,586.0,330.0,473.0,407.0,467.0,381.0,511.0,394.0,473.0,407.0,473.0,407.0
6018.jpg,0.625,520.5,338.0,495.0,278.0,496.0,311.0,567.0,343.0,586.0,329.0,475.0,406.0,467.0,379.0,514.0,393.0,475.0,405.0,474.0,404.0
6024.jpg,0.54,576.0,351.0,539.0,312.0,546.0,319.0,634.0,330.0,643.0,325.0,573.0,402.0,540.0,375.0,594.0,386.0,572.0,402.0,572.0,402.0
6030.jpg,0.505,626.5,329.5,573.0,315.0,583.0,324.0,671.0,296.0,673.0,279.0,649.0,378.0,614.0,371.0,661.0,357.0,648.0,378.0,638.0,372.0
6036.jpg,0.545,665.5,306.5,612.0,317.0,625.0,323.0,703.0,278.0,700.0,256.0,713.0,358.0,670.0,359.0,717.0,334.0,705.0,353.0,704.0,352.0
6042.jpg,0.56,692.0,296.5,637.0,317.0,651.0,324.0,723.0,269.0,716.0,246.0,748.0,354.0,699.0,356.0,749.0,326.0,739.0,347.0,736.0,346.0
6048.jpg,0.595,697.5,301.5,639.0,317.0,657.0,323.0,725.0,268.0,718.0,243.0,757.0,361.0,702.0,360.0,758.0,333.0,746.0,351.0,745.0,351.0
6054.jpg,0.59,697.0,298.5,639.0,316.0,658.0,323.0,726.0,266.0,719.0,242.0,753.0,361.0,704.0,358.0,757.0,330.0,745.0,350.0,743.0,349.0
6060.jpg,0.595,699.5,300.0,642.0,316.0,661.0,323.0,728.0,266.0,720.0,242.0,756.0,360.0,715.0,360.0,760.0,331.0,748.0,351.0,748.0,350.0
6066.jpg,0.585,698.5,299.5,641.0,315.0,660.0,323.0,727.0,267.0,720.0,242.0,757.0,359.0,714.0,360.0,758.0,330.0,749.0,351.0,748.0,350.0
6072.jpg,0.58,698.0,299.0,641.0,315.0,659.0,324.0,726.0,267.0,719.0,241.0,755.0,360.0,702.0,357.0,758.0,330.0,748.0,352.0,744.0,350.0
6078.jpg,0.575,696.5,298.0,639.0,313.0,658.0,322.0,726.0,266.0,718.0,241.0,753.0,357.0,708.0,357.0,756.0,327.0,745.0,350.0,741.0,347.0
6084.jpg,0.57,695.0,296.5,638.0,312.0,657.0,321.0,724.0,266.0,717.0,240.0,752.0,357.0,705.0,355.0,754.0,324.0,744.0,349.0,741.0,347.0
6090.jpg,0.565,694.5,297.0,638.0,312.0,657.0,321.0,723.0,266.0,718.0,241.0,751.0,355.0,704.0,354.0,753.0,326.0,743.0,348.0,742.0,346.0
6096.jpg,0.56,694.0,297.0,639.0,313.0,657.0,321.0,723.0,265.0,717.0,241.0,748.0,356.0,706.0,356.0,752.0,326.0,741.0,348.0,740.0,346.0
6102.jpg,0.56,694.0,297.0,638.0,312.0,657.0,321.0,723.0,265.0,717.0,241.0,749.0,356.0,705.0,355.0,752.0,326.0,740.0,347.0,738.0,345.0
6108.jpg,0.565,694.5,297.0,638.0,312.0,657.0,320.0,724.0,265.0,718.0,241.0,750.0,355.0,703.0,354.0,752.0,325.0,741.0,348.0,739.0,346.0
6114.jpg,0.56,695.0,297.0,639.0,312.0,658.0,321.0,724.0,265.0,718.0,240.0,750.0,356.0,703.0,356.0,753.0,325.0,742.0,349.0,740.0,346.0
6120.jpg,0.56,695.0,296.0,639.0,312.0,658.0,321.0,724.0,265.0,718.0,240.0,750.0,356.0,704.0,355.0,753.0,325.0,742.0,348.0,739.0,345.0
6126.jpg,0.56,695.0,297.0,639.0,312.0,658.0,321.0,724.0,265.0,718.0,240.0,750.0,356.0,705.0,355.0,753.0,325.0,743.0,348.0,742.0,346.0
6132.jpg,0.565,695.5,296.5,639.0,312.0,658.0,321.0,724.0,264.0,718.0,240.0,751.0,356.0,703.0,355.0,754.0,324.0,743.0,348.0,742.0,346.0
6138.jpg,0.57,695.0,296.5,638.0,312.0,658.0,321.0,725.0,264.0,718.0,240.0,752.0,355.0,706.0,355.0,754.0,324.0,743.0,347.0,741.0,345.0
6144.jpg,0.565,695.5,296.0,639.0,311.0,658.0,320.0,724.0,264.0,718.0,240.0,752.0,356.0,706.0,356.0,754.0,325.0,744.0,348.0,743.0,346.0
6150.jpg,0.56,696.0,296.5,639.0,312.0,658.0,322.0,724.0,265.0,718.0,240.0,751.0,357.0,706.0,356.0,753.0,325.0,743.0,349.0,740.0,346.0
6156.jpg,0.565,695.5,296.5,639.0,312.0,658.0,321.0,725.0,264.0,718.0,239.0,752.0,356.0,695.0,353.0,754.0,324.0,744.0,348.0,742.0,346.0
6162.jpg,0.565,695.5,296.0,639.0,311.0,658.0,320.0,725.0,264.0,718.0,240.0,751.0,356.0,705.0,354.0,754.0,325.0,743.0,348.0,742.0,346.0
6168.jpg,0.56,696.0,297.0,640.0,312.0,659.0,321.0,725.0,264.0,718.0,240.0,752.0,356.0,696.0,353.0,754.0,324.0,743.0,347.0,742.0,345.0
6174.jpg,0.565,695.5,296.5,639.0,312.0,658.0,321.0,725.0,264.0,718.0,239.0,751.0,357.0,705.0,355.0,754.0,324.0,743.0,349.0,742.0,346.0
6180.jpg,0.565,695.5,296.5,639.0,312.0,658.0,321.0,725.0,264.0,718.0,239.0,750.0,357.0,706.0,355.0,754.0,325.0,743.0,348.0,743.0,346.0
6186.jpg,0.565,695.5,297.0,639.0,312.0,658.0,320.0,725.0,264.0,718.0,240.0,751.0,357.0,705.0,354.0,754.0,325.0,744.0,348.0,743.0,347.0
6192.jpg,0.565,695.5,296.5,639.0,312.0,658.0,321.0,725.0,264.0,718.0,239.0,751.0,357.0,706.0,355.0,754.0,325.0,743.0,348.0,743.0,346.0
6198.jpg,0.565,695.5,296.0,639.0,311.0,658.0,320.0,724.0,264.0,718.0,240.0,750.0,357.0,695.0,352.0,754.0,325.0,744.0,348.0,743.0,346.0
6204.jpg,0.565,695.5,295.5,639.0,311.0,658.0,321.0,725.0,263.0,718.0,239.0,748.0,356.0,700.0,355.0,753.0,324.0,742.0,347.0,741.0,345.0
6210.jpg,0.565,695.5,296.0,639.0,311.0,658.0,320.0,725.0,264.0,718.0,240.0,750.0,357.0,706.0,354.0,754.0,325.0,743.0,347.0,741.0,345.0
6216.jpg,0.565,695.5,295.5,639.0,311.0,658.0,321.0,725.0,263.0,718.0,238.0,750.0,356.0,705.0,355.0,754.0,325.0,743.0,347.0,741.0,345.0
6222.jpg,0.565,695.5,297.0,639.0,311.0,659.0,320.0,725.0,264.0,718.0,240.0,748.0,357.0,702.0,354.0,753.0,325.0,742.0,348.0,740.0,346.0
6228.jpg,0.565,694.5,296.0,638.0,310.0,658.0,320.0,725.0,264.0,718.0,240.0,749.0,356.0,701.0,354.0,753.0,325.0,742.0,347.0,741.0,346.0
6234.jpg,0.57,695.0,298.0,639.0,312.0,658.0,321.0,725.0,265.0,718.0,240.0,748.0,358.0,701.0,356.0,753.0,327.0,741.0,349.0,737.0,347.0
6240.jpg,0.605,695.5,301.5,638.0,314.0,656.0,324.0,725.0,267.0,718.0,242.0,752.0,364.0,702.0,362.0,756.0,333.0,745.0,355.0,740.0,352.0
6246.jpg,0.625,702.0,306.5,641.0,320.0,659.0,327.0,728.0,270.0,721.0,245.0,759.0,369.0,714.0,369.0,764.0,337.0,754.0,361.0,752.0,360.0
6252.jpg,0.62,702.0,307.0,643.0,320.0,661.0,327.0,729.0,272.0,722.0,246.0,759.0,372.0,721.0,371.0,765.0,340.0,753.0,363.0,748.0,359.0
6258.jpg,0.6,698.0,307.5,640.0,320.0,658.0,329.0,727.0,273.0,720.0,248.0,755.0,371.0,703.0,366.0,759.0,339.0,748.0,361.0,744.0,359.0
6264.jpg,0.595,695.5,309.5,638.0,320.0,656.0,328.0,726.0,276.0,719.0,249.0,749.0,377.0,700.0,369.0,756.0,342.0,744.0,369.0,738.0,362.0
6270.jpg,0.605,690.0,317.5,632.0,323.0,651.0,330.0,722.0,280.0,716.0,255.0,741.0,387.0,703.0,380.0,751.0,350.0,737.0,378.0,734.0,372.0
6276.jpg,0.605,688.5,318.5,631.0,323.0,648.0,331.0,719.0,279.0,716.0,256.0,740.0,387.0,699.0,380.0,750.0,353.0,738.0,380.0,732.0,373.0
6282.jpg,0.605,689.5,317.5,632.0,322.0,650.0,330.0,721.0,280.0,715.0,255.0,743.0,386.0,705.0,381.0,751.0,352.0,739.0,379.0,734.0,372.0
6288.jpg,0.605,690.0,316.5,632.0,322.0,650.0,329.0,721.0,280.0,716.0,255.0,743.0,386.0,696.0,378.0,751.0,349.0,738.0,378.0,734.0,371.0
6294.jpg,0.61,690.5,318.0,632.0,323.0,651.0,331.0,721.0,280.0,717.0,255.0,745.0,387.0,693.0,377.0,752.0,349.0,740.0,380.0,736.0,372.0
6300.jpg,0.61,692.5,315.0,634.0,322.0,653.0,330.0,723.0,279.0,717.0,253.0,747.0,384.0,708.0,380.0,754.0,349.0,742.0,378.0,736.0,370.0
6306.jpg,0.605,692.5,314.5,633.0,321.0,652.0,331.0,723.0,279.0,717.0,253.0,747.0,384.0,705.0,379.0,754.0,353.0,742.0,376.0,736.0,369.0
6312.jpg,0.615,694.0,316.5,634.0,321.0,653.0,331.0,724.0,278.0,718.0,254.0,748.0,386.0,708.0,382.0,756.0,350.0,744.0,380.0,738.0,372.0
6318.jpg,0.62,693.0,317.0,632.0,319.0,653.0,330.0,723.0,277.0,718.0,254.0,747.0,387.0,705.0,383.0,756.0,351.0,743.0,380.0,738.0,373.0
6324.jpg,0.605,688.5,323.5,629.0,321.0,648.0,332.0,719.0,282.0,717.0,258.0,742.0,393.0,698.0,386.0,752.0,355.0,737.0,385.0,732.0,377.0
6330.jpg,0.6,685.0,327.0,626.0,322.0,646.0,333.0,719.0,284.0,715.0,261.0,734.0,401.0,692.0,388.0,748.0,361.0,731.0,388.0,729.0,387.0
6336.jpg,0.6,684.5,326.0,627.0,322.0,646.0,333.0,717.0,285.0,716.0,261.0,736.0,396.0,697.0,389.0,747.0,365.0,731.0,386.0,728.0,380.0
6342.jpg,0.6,685.5,326.0,628.0,324.0,646.0,333.0,718.0,285.0,716.0,261.0,738.0,394.0,696.0,387.0,746.0,359.0,733.0,387.0,729.0,379.0
6348.jpg,0.595,685.5,323.5,627.0,322.0,645.0,332.0,718.0,284.0,716.0,261.0,738.0,393.0,697.0,385.0,746.0,356.0,733.0,384.0,728.0,377.0
6354.jpg,0.595,685.5,323.5,627.0,322.0,646.0,332.0,718.0,283.0,716.0,260.0,739.0,392.0,698.0,385.0,746.0,356.0,733.0,384.0,728.0,376.0
6360.jpg,0.595,686.0,322.5,628.0,321.0,645.0,331.0,718.0,283.0,716.0,259.0,739.0,391.0,696.0,383.0,746.0,355.0,734.0,383.0,730.0,376.0
6366.jpg,0.595,686.5,322.5,628.0,321.0,646.0,331.0,719.0,282.0,715.0,259.0,740.0,391.0,698.0,384.0,747.0,355.0,734.0,382.0,731.0,376.0
6372.jpg,0.6,686.5,322.0,629.0,321.0,647.0,330.0,720.0,281.0,717.0,259.0,740.0,391.0,700.0,384.0,749.0,356.0,736.0,383.0,731.0,376.0
6378.jpg,0.595,686.5,322.5,628.0,321.0,647.0,331.0,719.0,282.0,717.0,259.0,740.0,390.0,700.0,384.0,747.0,354.0,735.0,382.0,731.0,375.0
6384.jpg,0.6,686.5,322.0,629.0,321.0,648.0,331.0,720.0,281.0,717.0,259.0,740.0,390.0,702.0,384.0,749.0,356.0,736.0,382.0,731.0,375.0
6390.jpg,0.595,686.5,321.5,628.0,320.0,647.0,330.0,719.0,282.0,715.0,259.0,740.0,390.0,702.0,383.0,747.0,354.0,735.0,382.0,731.0,375.0
6396.jpg,0.595,686.5,321.5,628.0,320.0,647.0,331.0,720.0,282.0,715.0,259.0,740.0,390.0,702.0,383.0,747.0,354.0,735.0,381.0,731.0,375.0
6402.jpg,0.6,687.5,322.0,630.0,321.0,648.0,330.0,720.0,281.0,717.0,257.0,741.0,390.0,701.0,383.0,748.0,355.0,737.0,382.0,732.0,375.0
6408.jpg,0.595,687.5,321.5,629.0,320.0,647.0,330.0,720.0,281.0,716.0,258.0,741.0,389.0,699.0,382.0,748.0,354.0,736.0,381.0,732.0,374.0
6414.jpg,0.6,687.5,322.0,630.0,321.0,648.0,330.0,720.0,281.0,717.0,257.0,741.0,390.0,703.0,383.0,748.0,355.0,737.0,382.0,732.0,375.0
6420.jpg,0.6,687.5,321.0,630.0,320.0,649.0,330.0,720.0,281.0,717.0,258.0,741.0,389.0,703.0,383.0,750.0,354.0,738.0,382.0,732.0,374.0
6426.jpg,0.61,687.5,321.0,629.0,321.0,648.0,330.0,720.0,280.0,716.0,257.0,741.0,390.0,703.0,384.0,749.0,355.0,737.0,383.0,736.0,382.0
6432.jpg,0.6,687.5,321.0,630.0,321.0,649.0,330.0,720.0,281.0,717.0,258.0,741.0,389.0,701.0,382.0,750.0,355.0,738.0,382.0,733.0,375.0
6438.jpg,0.6,687.5,321.0,630.0,320.0,649.0,330.0,720.0,281.0,717.0,258.0,741.0,389.0,703.0,383.0,750.0,354.0,738.0,382.0,732.0,375.0
6444.jpg,0.6,687.0,320.5,629.0,320.0,647.0,331.0,720.0,282.0,716.0,257.0,740.0,390.0,699.0,383.0,748.0,353.0,736.0,381.0,731.0,373.0
6450.jpg,0.595,687.5,321.5,629.0,320.0,648.0,331.0,720.0,281.0,715.0,258.0,741.0,389.0,701.0,383.0,749.0,355.0,736.0,382.0,732.0,375.0
6456.jpg,0.605,687.0,320.5,629.0,320.0,648.0,330.0,719.0,281.0,715.0,257.0,740.0,389.0,702.0,383.0,748.0,355.0,737.0,382.0,732.0,375.0
6462.jpg,0.595,687.5,321.5,629.0,320.0,648.0,330.0,720.0,281.0,716.0,258.0,741.0,389.0,703.0,383.0,748.0,354.0,736.0,382.0,732.0,375.0
6468.jpg,0.6,687.5,321.0,630.0,320.0,649.0,330.0,720.0,281.0,717.0,258.0,741.0,389.0,703.0,383.0,748.0,355.0,737.0,382.0,732.0,374.0
6474.jpg,0.6,687.5,321.0,630.0,320.0,649.0,330.0,720.0,281.0,717.0,258.0,741.0,389.0,703.0,382.0,748.0,355.0,738.0,382.0,732.0,374.0
6480.jpg,0.6,687.0,320.0,629.0,320.0,648.0,330.0,720.0,280.0,716.0,257.0,741.0,389.0,702.0,382.0,749.0,355.0,736.0,381.0,731.0,374.0
6486.jpg,0.605,687.0,320.5,629.0,319.0,648.0,330.0,719.0,280.0,715.0,257.0,740.0,389.0,702.0,383.0,748.0,355.0,737.0,382.0,732.0,375.0
6492.jpg,0.595,687.5,321.5,629.0,320.0,648.0,331.0,719.0,281.0,715.0,258.0,741.0,389.0,703.0,383.0,748.0,354.0,736.0,382.0,732.0,374.0
6498.jpg,0.595,687.5,321.5,629.0,320.0,647.0,331.0,719.0,281.0,715.0,258.0,741.0,389.0,701.0,382.0,748.0,355.0,736.0,382.0,732.0,375.0
6504.jpg,0.6,687.0,320.0,628.0,320.0,647.0,330.0,720.0,280.0,716.0,257.0,740.0,389.0,702.0,382.0,748.0,354.0,735.0,381.0,731.0,374.0
6510.jpg,0.595,687.5,320.5,629.0,319.0,648.0,330.0,719.0,281.0,715.0,257.0,737.0,388.0,694.0,381.0,747.0,352.0,733.0,381.0,730.0,373.0
6516.jpg,0.595,687.5,321.5,629.0,320.0,647.0,330.0,719.0,281.0,715.0,258.0,739.0,389.0,699.0,382.0,748.0,354.0,734.0,381.0,730.0,374.0
6522.jpg,0.6,687.5,321.0,630.0,320.0,648.0,330.0,719.0,280.0,717.0,258.0,739.0,389.0,698.0,382.0,748.0,355.0,735.0,383.0,731.0,374.0
6528.jpg,0.595,686.5,320.5,628.0,319.0,647.0,330.0,720.0,281.0,715.0,258.0,740.0,389.0,699.0,382.0,748.0,353.0,735.0,381.0,731.0,373.0
6534.jpg,0.6,687.5,321.0,630.0,320.0,648.0,330.0,720.0,281.0,717.0,258.0,740.0,388.0,698.0,382.0,748.0,351.0,737.0,383.0,732.0,374.0
6540.jpg,0.6,687.0,319.0,628.0,320.0,647.0,329.0,720.0,280.0,716.0,257.0,741.0,387.0,693.0,379.0,748.0,353.0,736.0,380.0,731.0,372.0
6546.jpg,0.6,688.0,321.0,629.0,320.0,648.0,330.0,720.0,281.0,716.0,258.0,739.0,387.0,703.0,384.0,749.0,354.0,737.0,383.0,732.0,374.0
6552.jpg,0.62,688.5,322.0,628.0,319.0,648.0,330.0,720.0,280.0,716.0,257.0,742.0,391.0,699.0,387.0,754.0,355.0,738.0,385.0,734.0,378.0
6558.jpg,0.615,688.5,322.0,628.0,319.0,649.0,330.0,720.0,281.0,717.0,257.0,744.0,393.0,698.0,386.0,751.0,363.0,739.0,384.0,733.0,377.0
6564.jpg,0.615,691.0,321.5,632.0,321.0,651.0,331.0,722.0,279.0,717.0,257.0,747.0,392.0,707.0,386.0,755.0,356.0,741.0,384.0,737.0,377.0
6570.jpg,0.63,698.0,315.0,639.0,322.0,657.0,331.0,726.0,278.0,721.0,253.0,754.0,383.0,718.0,380.0,761.0,347.0,750.0,373.0,745.0,369.0
6576.jpg,0.63,700.0,314.0,638.0,320.0,658.0,329.0,727.0,275.0,722.0,251.0,756.0,380.0,710.0,377.0,761.0,346.0,750.0,370.0,745.0,367.0
6582.jpg,0.635,697.5,315.5,637.0,320.0,656.0,329.0,726.0,276.0,721.0,252.0,753.0,385.0,714.0,381.0,761.0,351.0,748.0,379.0,743.0,371.0
6588.jpg,0.615,686.5,328.5,625.0,320.0,648.0,332.0,718.0,284.0,716.0,261.0,737.0,400.0,691.0,391.0,749.0,364.0,732.0,391.0,728.0,382.0
6594.jpg,0.59,678.0,332.0,620.0,320.0,640.0,334.0,714.0,289.0,711.0,265.0,723.0,405.0,686.0,394.0,737.0,373.0,721.0,405.0,719.0,393.0
6600.jpg,0.58,678.0,332.0,621.0,323.0,641.0,335.0,714.0,290.0,712.0,267.0,729.0,404.0,685.0,393.0,737.0,374.0,721.0,392.0,720.0,391.0
6606.jpg,0.59,684.5,327.0,627.0,323.0,644.0,333.0,719.0,285.0,716.0,264.0,736.0,395.0,697.0,389.0,744.0,359.0,732.0,387.0,727.0,380.0
6612.jpg,0.595,685.5,325.5,627.0,322.0,645.0,331.0,719.0,282.0,717.0,262.0,738.0,394.0,691.0,385.0,746.0,360.0,733.0,386.0,728.0,379.0
6618.jpg,0.605,686.0,327.5,627.0,322.0,646.0,332.0,718.0,284.0,715.0,261.0,736.0,397.0,694.0,389.0,746.0,360.0,732.0,389.0,728.0,381.0
6624.jpg,0.615,683.0,327.5,623.0,319.0,643.0,331.0,717.0,283.0,714.0,260.0,735.0,399.0,693.0,392.0,745.0,362.0,729.0,389.0,726.0,381.0
6630.jpg,0.605,681.5,328.5,621.0,320.0,642.0,333.0,716.0,285.0,713.0,262.0,733.0,399.0,691.0,393.0,744.0,361.0,727.0,390.0,724.0,383.0
6636.jpg,0.615,684.0,329.5,624.0,320.0,644.0,333.0,716.0,285.0,714.0,262.0,734.0,401.0,696.0,393.0,746.0,364.0,731.0,391.0,727.0,383.0
6642.jpg,0.59,683.0,326.5,624.0,321.0,644.0,332.0,716.0,285.0,714.0,262.0,735.0,400.0,694.0,390.0,743.0,368.0,728.0,389.0,726.0,386.0
6648.jpg,0.59,682.5,327.0,624.0,321.0,643.0,333.0,717.0,287.0,715.0,262.0,735.0,400.0,695.0,391.0,742.0,365.0,729.0,387.0,726.0,386.0
6654.jpg,0.6,683.5,326.0,625.0,320.0,645.0,332.0,717.0,284.0,715.0,260.0,735.0,396.0,694.0,390.0,744.0,359.0,730.0,387.0,726.0,380.0
6660.jpg,0.61,684.5,327.0,624.0,320.0,644.0,330.0,717.0,283.0,714.0,260.0,734.0,397.0,692.0,389.0,745.0,359.0,731.0,389.0,727.0,381.0
6666.jpg,0.605,685.5,324.5,625.0,320.0,645.0,330.0,717.0,282.0,715.0,258.0,739.0,393.0,701.0,389.0,747.0,359.0,734.0,386.0,729.0,378.0
6672.jpg,0.605,688.5,317.5,629.0,321.0,648.0,329.0,720.0,278.0,714.0,254.0,743.0,386.0,698.0,381.0,750.0,350.0,738.0,379.0,732.0,371.0
6678.jpg,0.6,693.0,284.0,634.0,303.0,653.0,310.0,719.0,249.0,713.0,228.0,753.0,337.0,698.0,338.0,750.0,306.0,742.0,330.0,742.0,328.0
6684.jpg,0.335,726.5,266.0,714.0,226.0,721.0,239.0,723.0,238.0,715.0,225.0,760.0,308.0,706.0,277.0,706.0,277.0,714.0,227.0,731.0,307.0
6690.jpg,0.305,734.5,252.5,713.0,216.0,722.0,231.0,725.0,228.0,714.0,215.0,763.0,288.0,730.0,284.0,738.0,285.0,745.0,290.0,739.0,290.0
6696.jpg,0.345,748.5,251.0,720.0,215.0,732.0,230.0,732.0,230.0,720.0,213.0,785.0,287.0,743.0,285.0,746.0,285.0,765.0,293.0,758.0,294.0
6702.jpg,0.395,758.5,252.5,725.0,212.0,738.0,229.0,739.0,228.0,725.0,209.0,800.0,294.0,756.0,291.0,761.0,292.0,777.0,300.0,772.0,302.0
6708.jpg,0.385,757.0,257.5,724.0,214.0,739.0,231.0,742.0,228.0,726.0,213.0,796.0,301.0,752.0,293.0,753.0,294.0,770.0,304.0,764.0,304.0
6714.jpg,0.395,752.0,264.5,725.0,219.0,740.0,236.0,741.0,235.0,727.0,218.0,792.0,312.0,713.0,305.0,714.0,305.0,771.0,312.0,766.0,314.0
6720.jpg,0.39,746.0,267.5,726.0,221.0,740.0,239.0,741.0,239.0,727.0,220.0,790.0,313.0,706.0,307.0,715.0,308.0,784.0,316.0,759.0,316.0
6726.jpg,0.385,757.0,261.5,726.0,217.0,741.0,235.0,742.0,233.0,727.0,216.0,796.0,298.0,754.0,294.0,756.0,296.0,776.0,308.0,772.0,309.0
6732.jpg,0.4,764.5,258.0,729.0,214.0,744.0,231.0,746.0,228.0,731.0,212.0,808.0,289.0,763.0,290.0,769.0,292.0,781.0,303.0,779.0,303.0
6738.jpg,0.395,765.0,260.5,730.0,214.0,747.0,232.0,750.0,228.0,732.0,214.0,808.0,297.0,770.0,295.0,772.0,295.0,784.0,306.0,781.0,307.0
6744.jpg,0.38,764.0,260.0,731.0,216.0,746.0,233.0,749.0,229.0,732.0,215.0,803.0,297.0,767.0,293.0,769.0,294.0,798.0,304.0,779.0,307.0
6750.jpg,0.385,761.5,262.5,731.0,217.0,745.0,235.0,746.0,233.0,731.0,217.0,801.0,298.0,766.0,295.0,768.0,295.0,780.0,307.0,777.0,308.0
6756.jpg,0.36,759.0,259.0,729.0,216.0,743.0,234.0,744.0,232.0,729.0,215.0,799.0,287.0,769.0,304.0,769.0,304.0,789.0,302.0,773.0,304.0
6762.jpg,0.375,759.5,259.5,729.0,216.0,743.0,233.0,744.0,232.0,729.0,215.0,798.0,298.0,768.0,306.0,765.0,293.0,776.0,305.0,771.0,306.0
6768.jpg,0.38,759.0,261.0,728.0,216.0,742.0,234.0,744.0,232.0,729.0,216.0,797.0,301.0,759.0,296.0,764.0,297.0,779.0,307.0,774.0,308.0
6774.jpg,0.41,762.5,265.0,730.0,216.0,745.0,235.0,745.0,234.0,730.0,216.0,803.0,312.0,761.0,304.0,755.0,315.0,779.0,315.0,775.0,316.0
6780.jpg,0.4,760.0,262.5,728.0,217.0,741.0,234.0,741.0,233.0,729.0,215.0,801.0,303.0,758.0,299.0,759.0,300.0,777.0,310.0,775.0,312.0
6786.jpg,0.36,752.0,265.0,729.0,222.0,738.0,236.0,741.0,235.0,731.0,221.0,789.0,309.0,750.0,300.0,749.0,301.0,770.0,309.0,759.0,309.0
6792.jpg,0.335,738.0,270.5,699.0,231.0,729.0,238.0,728.0,239.0,730.0,231.0,772.0,310.0,719.0,292.0,749.0,306.0,755.0,311.0,747.0,311.0
6798.jpg,0.325,735.5,266.5,719.0,228.0,728.0,240.0,728.0,239.0,719.0,227.0,769.0,306.0,717.0,290.0,717.0,290.0,722.0,228.0,729.0,233.0
6804.jpg,0.325,742.0,260.5,717.0,222.0,726.0,235.0,728.0,233.0,718.0,221.0,762.0,264.0,730.0,286.0,744.0,294.0,753.0,299.0,747.0,300.0
6810.jpg,0.405,761.0,249.5,726.0,207.0,739.0,224.0,740.0,224.0,727.0,205.0,807.0,279.0,769.0,284.0,771.0,284.0,782.0,292.0,779.0,293.0
6816.jpg,0.395,766.5,250.5,730.0,209.0,744.0,224.0,746.0,223.0,731.0,207.0,811.0,271.0,774.0,282.0,773.0,282.0,784.0,289.0,783.0,290.0
6822.jpg,0.385,761.5,258.5,729.0,213.0,744.0,229.0,745.0,228.0,730.0,212.0,801.0,297.0,765.0,289.0,768.0,291.0,777.0,303.0,775.0,306.0
6828.jpg,0.4,763.5,258.0,728.0,212.0,743.0,229.0,747.0,225.0,729.0,210.0,807.0,292.0,762.0,292.0,767.0,292.0,799.0,306.0,779.0,308.0
6834.jpg,0.42,769.0,254.0,731.0,207.0,747.0,224.0,749.0,222.0,733.0,205.0,817.0,284.0,753.0,301.0,754.0,298.0,788.0,298.0,785.0,301.0
6840.jpg,0.445,778.5,250.0,737.0,206.0,754.0,225.0,756.0,223.0,739.0,204.0,829.0,271.0,767.0,294.0,768.0,295.0,799.0,289.0,794.0,294.0
6846.jpg,0.4,772.0,252.0,736.0,208.0,753.0,226.0,753.0,225.0,737.0,207.0,817.0,279.0,771.0,294.0,733.0,294.0,792.0,292.0,786.0,294.0
6852.jpg,0.42,769.5,255.0,734.0,209.0,752.0,228.0,752.0,226.0,736.0,207.0,816.0,290.0,779.0,287.0,779.0,288.0,788.0,299.0,780.0,301.0
6858.jpg,0.42,770.5,258.0,734.0,210.0,751.0,229.0,752.0,228.0,735.0,208.0,818.0,296.0,780.0,293.0,779.0,293.0,790.0,306.0,788.0,307.0
6864.jpg,0.575,758.5,264.0,691.0,307.0,706.0,304.0,749.0,234.0,734.0,207.0,820.0,309.0,753.0,316.0,808.0,262.0,788.0,320.0,789.0,320.0
6870.jpg,0.665,745.5,271.5,677.0,306.0,697.0,306.0,741.0,238.0,728.0,209.0,813.0,326.0,773.0,335.0,809.0,287.0,808.0,318.0,802.0,310.0
6876.jpg,0.66,741.0,274.0,674.0,307.0,696.0,309.0,742.0,243.0,728.0,212.0,810.0,327.0,777.0,333.0,805.0,289.0,805.0,320.0,799.0,313.0
6882.jpg,0.685,731.5,281.0,663.0,310.0,686.0,312.0,735.0,246.0,725.0,218.0,798.0,338.0,762.0,346.0,800.0,297.0,793.0,330.0,792.0,329.0
6888.jpg,0.7,720.0,288.0,650.0,311.0,673.0,314.0,728.0,252.0,718.0,221.0,788.0,349.0,750.0,359.0,791.0,301.0,781.0,340.0,781.0,340.0
6894.jpg,0.725,719.5,279.5,647.0,306.0,670.0,308.0,719.0,240.0,712.0,213.0,789.0,339.0,752.0,352.0,790.0,285.0,784.0,332.0,783.0,330.0
6900.jpg,0.685,739.5,267.0,668.0,306.0,687.0,303.0,730.0,233.0,718.0,204.0,810.0,316.0,773.0,334.0,804.0,282.0,806.0,316.0,798.0,307.0
6906.jpg,0.555,762.5,255.5,718.0,200.0,736.0,226.0,736.0,215.0,719.0,198.0,822.0,291.0,751.0,307.0,706.0,298.0,786.0,313.0,778.0,317.0
6912.jpg,0.545,775.5,247.5,727.0,197.0,745.0,218.0,748.0,212.0,729.0,194.0,835.0,269.0,721.0,291.0,721.0,291.0,789.0,297.0,783.0,302.0
6918.jpg,0.485,779.5,246.5,732.0,200.0,752.0,220.0,753.0,219.0,734.0,198.0,834.0,265.0,767.0,295.0,769.0,295.0,801.0,289.0,795.0,295.0
6924.jpg,0.445,766.0,258.5,730.0,210.0,748.0,229.0,748.0,227.0,730.0,208.0,816.0,292.0,755.0,306.0,757.0,305.0,776.0,309.0,772.0,310.0
6930.jpg,0.43,764.5,263.0,728.0,214.0,744.0,234.0,744.0,233.0,729.0,212.0,813.0,308.0,772.0,300.0,772.0,301.0,787.0,315.0,786.0,316.0
6936.jpg,0.43,762.5,263.0,725.0,214.0,740.0,234.0,742.0,233.0,726.0,213.0,810.0,301.0,769.0,301.0,771.0,301.0,784.0,313.0,782.0,316.0
6942.jpg,0.425,760.5,265.5,724.0,216.0,739.0,236.0,741.0,234.0,725.0,215.0,804.0,285.0,765.0,302.0,766.0,303.0,798.0,317.0,780.0,318.0
6948.jpg,0.42,759.5,265.0,724.0,216.0,737.0,235.0,739.0,234.0,725.0,215.0,806.0,305.0,767.0,301.0,768.0,301.0,797.0,316.0,779.0,317.0
6954.jpg,0.405,757.5,267.5,724.0,219.0,735.0,237.0,738.0,236.0,724.0,219.0,797.0,287.0,762.0,306.0,763.0,306.0,777.0,316.0,771.0,317.0
6960.jpg,0.4,753.0,270.5,723.0,222.0,735.0,239.0,736.0,238.0,723.0,222.0,793.0,320.0,759.0,308.0,759.0,308.0,789.0,320.0,767.0,320.0
6966.jpg,0.53,738.0,270.0,719.0,216.0,734.0,241.0,735.0,241.0,721.0,215.0,794.0,318.0,732.0,318.0,698.0,307.0,764.0,325.0,760.0,326.0
6972.jpg,0.53,737.0,270.0,720.0,216.0,684.0,306.0,734.0,240.0,721.0,215.0,793.0,318.0,731.0,321.0,785.0,277.0,762.0,325.0,762.0,326.0
6978.jpg,0.595,730.5,269.0,668.0,306.0,684.0,306.0,734.0,240.0,720.0,214.0,791.0,319.0,758.0,327.0,784.0,281.0,780.0,312.0,780.0,311.0
6984.jpg,0.495,740.0,268.5,720.0,216.0,733.0,240.0,734.0,237.0,721.0,214.0,791.0,317.0,696.0,306.0,697.0,305.0,760.0,325.0,758.0,326.0
6990.jpg,0.57,730.0,268.5,664.0,304.0,682.0,306.0,733.0,239.0,721.0,215.0,789.0,319.0,728.0,322.0,781.0,277.0,778.0,313.0,779.0,311.0
6996.jpg,0.48,740.0,269.0,720.0,217.0,733.0,239.0,733.0,237.0,721.0,216.0,790.0,318.0,692.0,304.0,693.0,305.0,762.0,323.0,758.0,326.0
7002.jpg,0.5,739.0,269.0,719.0,216.0,732.0,239.0,733.0,237.0,720.0,214.0,790.0,317.0,728.0,318.0,695.0,305.0,759.0,325.0,728.0,326.0
7008.jpg,0.48,741.0,269.0,719.0,217.0,733.0,238.0,734.0,237.0,720.0,216.0,790.0,318.0,693.0,305.0,694.0,305.0,761.0,323.0,752.0,326.0
7014.jpg,0.495,737.5,268.5,718.0,216.0,733.0,240.0,733.0,239.0,719.0,214.0,790.0,318.0,692.0,305.0,694.0,305.0,760.0,325.0,757.0,326.0
7020.jpg,0.61,724.0,269.5,663.0,305.0,681.0,306.0,732.0,240.0,719.0,216.0,786.0,321.0,729.0,328.0,780.0,281.0,776.0,312.0,776.0,312.0
7026.jpg,0.57,727.0,269.5,661.0,304.0,679.0,307.0,731.0,240.0,719.0,216.0,787.0,320.0,735.0,328.0,780.0,287.0,774.0,315.0,774.0,314.0
7032.jpg,0.57,727.0,269.5,661.0,304.0,679.0,307.0,731.0,240.0,719.0,216.0,786.0,320.0,733.0,327.0,779.0,283.0,774.0,314.0,771.0,316.0
7038.jpg,0.545,730.5,268.0,666.0,306.0,682.0,306.0,732.0,240.0,720.0,216.0,785.0,320.0,724.0,322.0,776.0,274.0,773.0,315.0,774.0,314.0
7044.jpg,0.55,728.0,269.5,664.0,305.0,680.0,307.0,731.0,240.0,718.0,216.0,785.0,320.0,732.0,331.0,775.0,276.0,774.0,317.0,772.0,316.0
7050.jpg,0.55,685.0,295.5,709.0,247.0,710.0,268.0,713.0,271.0,710.0,247.0,731.0,352.0,650.0,316.0,651.0,315.0,723.0,346.0,724.0,344.0
7056.jpg,0.53,614.0,307.5,562.0,288.0,571.0,296.0,660.0,275.0,665.0,258.0,633.0,358.0,610.0,348.0,650.0,338.0,633.0,355.0,631.0,354.0
7062.jpg,0.51,591.0,329.0,539.0,294.0,550.0,309.0,638.0,301.0,644.0,286.0,589.0,376.0,571.0,360.0,611.0,361.0,590.0,376.0,590.0,376.0
7068.jpg,0.53,576.5,343.0,524.0,300.0,533.0,320.0,621.0,322.0,628.0,307.0,563.0,395.0,539.0,373.0,588.0,379.0,563.0,396.0,563.0,395.0
7074.jpg,0.535,565.0,355.5,516.0,301.0,522.0,325.0,607.0,338.0,618.0,321.0,541.0,416.0,524.0,393.0,568.0,400.0,541.0,415.0,541.0,413.0
7080.jpg,0.575,555.5,355.5,509.0,295.0,515.0,318.0,598.0,340.0,613.0,324.0,523.0,427.0,499.0,394.0,568.0,399.0,525.0,419.0,526.0,415.0
7086.jpg,0.56,553.5,355.0,509.0,294.0,515.0,318.0,597.0,339.0,610.0,322.0,521.0,421.0,504.0,397.0,555.0,405.0,522.0,419.0,524.0,413.0
7092.jpg,0.54,561.5,355.0,513.0,293.0,519.0,318.0,602.0,336.0,615.0,318.0,533.0,419.0,514.0,394.0,564.0,401.0,534.0,420.0,534.0,416.0
7098.jpg,0.535,565.5,352.5,515.0,292.0,523.0,318.0,606.0,333.0,620.0,315.0,540.0,419.0,520.0,390.0,571.0,397.0,541.0,417.0,544.0,408.0
7104.jpg,0.53,567.0,351.0,516.0,294.0,525.0,318.0,607.0,332.0,621.0,314.0,542.0,417.0,522.0,389.0,573.0,394.0,543.0,413.0,545.0,406.0
7110.jpg,0.53,567.5,351.0,517.0,291.0,525.0,318.0,608.0,331.0,621.0,313.0,544.0,413.0,524.0,387.0,574.0,394.0,544.0,412.0,545.0,407.0
7116.jpg,0.53,567.5,352.0,518.0,293.0,525.0,318.0,609.0,331.0,621.0,313.0,546.0,413.0,526.0,390.0,573.0,395.0,546.0,412.0,546.0,409.0
7122.jpg,0.53,568.0,349.5,517.0,294.0,526.0,317.0,608.0,331.0,622.0,313.0,544.0,412.0,526.0,389.0,574.0,394.0,544.0,412.0,544.0,410.0
7128.jpg,0.53,568.0,351.0,518.0,293.0,526.0,318.0,608.0,331.0,622.0,313.0,542.0,411.0,523.0,386.0,578.0,391.0,543.0,411.0,543.0,410.0
7134.jpg,0.53,568.0,350.0,518.0,293.0,527.0,318.0,609.0,330.0,623.0,312.0,544.0,411.0,525.0,386.0,573.0,394.0,544.0,412.0,543.0,410.0
7140.jpg,0.535,568.5,351.5,518.0,293.0,526.0,318.0,610.0,331.0,624.0,312.0,547.0,413.0,528.0,389.0,574.0,395.0,547.0,412.0,547.0,410.0
7146.jpg,0.535,569.0,351.5,519.0,295.0,527.0,318.0,610.0,331.0,623.0,312.0,547.0,413.0,528.0,389.0,574.0,395.0,547.0,412.0,547.0,409.0
7152.jpg,0.535,569.5,350.5,519.0,293.0,528.0,318.0,610.0,331.0,624.0,312.0,548.0,412.0,521.0,378.0,575.0,395.0,548.0,411.0,548.0,407.0
7158.jpg,0.53,569.0,351.0,519.0,294.0,527.0,318.0,610.0,331.0,624.0,312.0,547.0,412.0,520.0,378.0,574.0,395.0,547.0,411.0,547.0,407.0
7164.jpg,0.53,569.0,351.0,518.0,294.0,527.0,318.0,610.0,330.0,624.0,312.0,548.0,412.0,529.0,389.0,575.0,395.0,547.0,412.0,548.0,407.0
7170.jpg,0.535,569.5,350.5,518.0,293.0,528.0,318.0,610.0,331.0,624.0,312.0,549.0,412.0,529.0,389.0,575.0,395.0,548.0,412.0,548.0,408.0
7176.jpg,0.535,569.0,350.5,520.0,293.0,527.0,318.0,611.0,331.0,623.0,312.0,548.0,412.0,528.0,388.0,574.0,395.0,547.0,411.0,548.0,408.0
7182.jpg,0.535,569.5,350.5,518.0,293.0,528.0,318.0,610.0,331.0,624.0,312.0,548.0,412.0,530.0,389.0,575.0,395.0,548.0,411.0,548.0,407.0
7188.jpg,0.535,569.5,350.5,519.0,294.0,527.0,318.0,610.0,331.0,624.0,312.0,548.0,412.0,524.0,379.0,577.0,393.0,546.0,412.0,546.0,409.0
7194.jpg,0.54,569.5,351.0,519.0,294.0,527.0,318.0,611.0,331.0,624.0,312.0,548.0,412.0,530.0,390.0,576.0,395.0,547.0,412.0,547.0,409.0
7200.jpg,0.535,570.5,350.5,518.0,294.0,528.0,318.0,611.0,331.0,625.0,311.0,549.0,412.0,525.0,380.0,579.0,392.0,549.0,411.0,547.0,408.0
7206.jpg,0.535,570.5,350.5,519.0,294.0,528.0,318.0,611.0,331.0,625.0,312.0,550.0,411.0,525.0,381.0,577.0,394.0,549.0,411.0,547.0,409.0
7212.jpg,0.54,570.5,350.0,521.0,294.0,528.0,319.0,612.0,331.0,624.0,312.0,550.0,411.0,524.0,378.0,577.0,395.0,549.0,411.0,549.0,408.0
7218.jpg,0.54,571.0,350.0,521.0,294.0,529.0,319.0,612.0,331.0,626.0,312.0,551.0,412.0,532.0,389.0,578.0,393.0,551.0,411.0,551.0,409.0
7224.jpg,0.54,571.5,351.0,520.0,295.0,528.0,318.0,612.0,331.0,625.0,312.0,551.0,411.0,534.0,390.0,578.0,394.0,551.0,411.0,550.0,409.0
7230.jpg,0.535,571.5,350.5,520.0,295.0,529.0,319.0,612.0,330.0,626.0,312.0,552.0,411.0,533.0,389.0,578.0,394.0,551.0,410.0,551.0,408.0
7236.jpg,0.535,571.5,350.5,520.0,294.0,529.0,318.0,613.0,330.0,626.0,312.0,552.0,411.0,533.0,390.0,578.0,394.0,551.0,411.0,551.0,408.0
7242.jpg,0.535,572.0,349.5,521.0,293.0,529.0,318.0,613.0,330.0,625.0,311.0,553.0,411.0,533.0,388.0,578.0,393.0,552.0,410.0,552.0,408.0
7248.jpg,0.56,576.0,349.0,522.0,293.0,532.0,315.0,621.0,322.0,632.0,305.0,564.0,407.0,537.0,378.0,589.0,391.0,564.0,407.0,564.0,398.0
7254.jpg,0.57,634.0,320.5,598.0,317.0,577.0,289.0,671.0,295.0,676.0,276.0,670.0,376.0,628.0,369.0,681.0,351.0,667.0,376.0,665.0,369.0
7266.jpg,0.47,663.0,265.5,688.0,218.0,690.0,238.0,691.0,237.0,688.0,218.0,709.0,313.0,638.0,309.0,710.0,289.0,682.0,321.0,683.0,321.0
7272.jpg,0.38,715.5,262.0,702.0,217.0,708.0,232.0,710.0,231.0,702.0,216.0,703.0,218.0,742.0,290.0,744.0,290.0,701.0,218.0,718.0,307.0
7278.jpg,0.635,693.5,272.0,631.0,295.0,649.0,300.0,713.0,236.0,703.0,211.0,755.0,328.0,693.0,329.0,754.0,294.0,747.0,319.0,745.0,318.0
7284.jpg,0.62,690.0,274.0,629.0,296.0,649.0,302.0,713.0,239.0,704.0,215.0,752.0,330.0,697.0,331.0,752.0,301.0,744.0,322.0,742.0,320.0
7290.jpg,0.61,687.0,279.0,627.0,297.0,646.0,304.0,712.0,243.0,702.0,218.0,742.0,338.0,694.0,338.0,748.0,304.0,738.0,330.0,736.0,327.0
7296.jpg,0.605,683.0,282.5,624.0,298.0,643.0,305.0,710.0,245.0,701.0,221.0,737.0,344.0,699.0,343.0,743.0,312.0,733.0,336.0,728.0,333.0
7302.jpg,0.615,686.5,282.5,625.0,299.0,646.0,306.0,712.0,245.0,702.0,220.0,748.0,342.0,696.0,344.0,749.0,311.0,740.0,335.0,737.0,332.0
7308.jpg,0.62,687.0,282.0,626.0,299.0,646.0,306.0,712.0,244.0,703.0,221.0,746.0,340.0,695.0,344.0,750.0,309.0,741.0,334.0,739.0,330.0
7314.jpg,0.625,686.5,286.5,627.0,302.0,646.0,307.0,710.0,247.0,702.0,223.0,746.0,347.0,702.0,349.0,749.0,314.0,739.0,339.0,736.0,338.0
7320.jpg,0.635,685.5,296.0,625.0,306.0,646.0,312.0,711.0,254.0,704.0,230.0,742.0,360.0,704.0,360.0,750.0,326.0,739.0,352.0,736.0,350.0
7326.jpg,0.63,672.5,306.0,613.0,307.0,635.0,316.0,704.0,264.0,699.0,241.0,725.0,377.0,685.0,370.0,738.0,339.0,723.0,370.0,719.0,361.0
7332.jpg,0.615,671.5,305.5,613.0,308.0,633.0,316.0,703.0,265.0,699.0,241.0,725.0,375.0,688.0,369.0,735.0,340.0,723.0,369.0,717.0,359.0
7338.jpg,0.62,671.5,305.0,613.0,309.0,634.0,317.0,703.0,265.0,698.0,241.0,725.0,375.0,688.0,369.0,736.0,339.0,722.0,368.0,717.0,361.0
7344.jpg,0.63,671.5,305.0,611.0,306.0,631.0,315.0,702.0,264.0,698.0,240.0,723.0,375.0,684.0,370.0,735.0,338.0,721.0,368.0,718.0,361.0
7350.jpg,0.63,666.0,311.0,603.0,306.0,625.0,317.0,697.0,269.0,694.0,246.0,715.0,383.0,677.0,376.0,727.0,347.0,711.0,374.0,709.0,371.0
7356.jpg,0.615,652.5,321.0,591.0,305.0,615.0,318.0,688.0,276.0,688.0,252.0,700.0,397.0,648.0,380.0,717.0,362.0,697.0,383.0,697.0,383.0
7362.jpg,0.605,652.5,320.5,592.0,305.0,613.0,318.0,688.0,276.0,688.0,252.0,697.0,395.0,658.0,383.0,714.0,364.0,696.0,384.0,695.0,383.0
7368.jpg,0.605,654.5,319.5,594.0,306.0,615.0,318.0,689.0,277.0,690.0,252.0,701.0,394.0,663.0,384.0,716.0,361.0,698.0,383.0,697.0,381.0
7374.jpg,0.61,656.0,319.0,595.0,306.0,617.0,318.0,689.0,275.0,690.0,251.0,704.0,390.0,669.0,384.0,717.0,361.0,700.0,382.0,699.0,380.0
7380.jpg,0.615,657.0,317.5,596.0,304.0,617.0,316.0,691.0,273.0,691.0,249.0,704.0,394.0,671.0,383.0,718.0,357.0,700.0,380.0,699.0,380.0
7386.jpg,0.62,657.5,317.0,597.0,305.0,616.0,317.0,691.0,273.0,691.0,250.0,705.0,390.0,670.0,381.0,719.0,357.0,701.0,380.0,697.0,373.0
7392.jpg,0.62,658.0,316.0,597.0,305.0,618.0,316.0,692.0,272.0,692.0,249.0,708.0,389.0,671.0,381.0,721.0,351.0,704.0,380.0,701.0,378.0
7398.jpg,0.62,659.0,315.0,597.0,305.0,618.0,316.0,692.0,273.0,693.0,250.0,707.0,390.0,670.0,381.0,721.0,350.0,702.0,378.0,699.0,371.0
7404.jpg,0.615,659.5,314.5,598.0,305.0,616.0,316.0,693.0,271.0,692.0,248.0,709.0,391.0,673.0,380.0,722.0,350.0,703.0,377.0,700.0,370.0
7410.jpg,0.615,659.5,314.5,598.0,305.0,616.0,316.0,693.0,270.0,693.0,247.0,710.0,386.0,667.0,377.0,721.0,349.0,705.0,377.0,701.0,370.0
7416.jpg,0.615,660.5,314.5,599.0,304.0,618.0,316.0,693.0,270.0,693.0,247.0,710.0,386.0,669.0,377.0,722.0,349.0,706.0,377.0,702.0,370.0
7422.jpg,0.615,660.5,313.5,599.0,304.0,618.0,315.0,693.0,269.0,693.0,246.0,708.0,390.0,668.0,376.0,722.0,348.0,706.0,376.0,702.0,369.0
7428.jpg,0.61,661.0,312.0,600.0,304.0,619.0,315.0,693.0,269.0,693.0,246.0,710.0,383.0,668.0,376.0,723.0,345.0,705.0,374.0,703.0,367.0
7434.jpg,0.61,661.0,312.0,600.0,304.0,619.0,314.0,693.0,269.0,693.0,246.0,710.0,383.0,668.0,376.0,722.0,346.0,705.0,374.0,704.0,373.0
7440.jpg,0.61,661.0,312.0,600.0,304.0,619.0,314.0,693.0,269.0,693.0,246.0,711.0,383.0,672.0,375.0,722.0,346.0,706.0,374.0,704.0,369.0
7446.jpg,0.605,661.0,309.5,601.0,304.0,622.0,314.0,694.0,268.0,693.0,246.0,711.0,380.0,670.0,374.0,722.0,348.0,706.0,371.0,705.0,370.0
7452.jpg,0.65,671.0,302.5,609.0,302.0,630.0,311.0,699.0,259.0,696.0,235.0,729.0,368.0,686.0,370.0,736.0,337.0,724.0,359.0,719.0,357.0
7458.jpg,0.67,681.0,293.5,617.0,303.0,639.0,308.0,704.0,255.0,700.0,225.0,745.0,357.0,702.0,364.0,752.0,321.0,740.0,350.0,738.0,348.0
7464.jpg,0.66,690.0,279.5,628.0,300.0,647.0,304.0,712.0,250.0,704.0,220.0,756.0,335.0,696.0,339.0,753.0,297.0,747.0,326.0,747.0,326.0
7470.jpg,0.69,712.0,266.0,644.0,297.0,667.0,297.0,717.0,235.0,708.0,207.0,783.0,314.0,741.0,331.0,772.0,278.0,779.0,317.0,771.0,305.0
7476.jpg,0.665,722.5,264.0,654.0,298.0,673.0,296.0,718.0,230.0,709.0,203.0,787.0,312.0,752.0,327.0,785.0,276.0,773.0,299.0,779.0,302.0
7482.jpg,0.705,710.5,269.5,641.0,298.0,662.0,298.0,714.0,235.0,706.0,206.0,781.0,324.0,741.0,338.0,781.0,280.0,779.0,326.0,772.0,315.0
7488.jpg,0.705,706.5,271.0,642.0,298.0,662.0,298.0,717.0,236.0,708.0,207.0,779.0,325.0,738.0,336.0,777.0,287.0,777.0,323.0,767.0,312.0
7494.jpg,0.7,707.0,270.5,643.0,299.0,662.0,299.0,718.0,239.0,707.0,209.0,775.0,329.0,738.0,335.0,775.0,285.0,770.0,318.0,768.0,318.0
7500.jpg,0.54,738.0,262.0,712.0,206.0,725.0,226.0,726.0,226.0,713.0,204.0,793.0,314.0,686.0,298.0,688.0,299.0,764.0,320.0,760.0,322.0
7506.jpg,0.48,760.0,257.0,722.0,203.0,736.0,220.0,738.0,220.0,723.0,201.0,813.0,290.0,746.0,304.0,746.0,304.0,781.0,306.0,767.0,312.0
7512.jpg,0.69,739.0,257.0,670.0,295.0,692.0,293.0,735.0,223.0,719.0,196.0,810.0,296.0,747.0,311.0,794.0,249.0,799.0,293.0,797.0,289.0
7518.jpg,0.685,737.5,258.0,669.0,297.0,689.0,294.0,732.0,223.0,717.0,199.0,807.0,302.0,737.0,311.0,791.0,252.0,806.0,295.0,803.0,294.0
7524.jpg,0.695,729.5,261.0,664.0,296.0,685.0,296.0,731.0,226.0,716.0,200.0,799.0,308.0,736.0,316.0,792.0,273.0,792.0,300.0,789.0,299.0
7530.jpg,0.645,728.5,259.5,663.0,296.0,682.0,297.0,730.0,225.0,715.0,201.0,796.0,309.0,733.0,315.0,788.0,276.0,793.0,306.0,785.0,303.0
7536.jpg,0.65,727.0,260.5,661.0,296.0,680.0,297.0,728.0,226.0,714.0,202.0,794.0,309.0,731.0,316.0,787.0,276.0,789.0,307.0,783.0,298.0
7542.jpg,0.635,727.5,260.5,662.0,296.0,679.0,298.0,727.0,227.0,714.0,202.0,793.0,310.0,731.0,316.0,783.0,273.0,789.0,308.0,783.0,304.0
7548.jpg,0.63,726.0,261.0,661.0,297.0,678.0,298.0,727.0,226.0,714.0,203.0,792.0,311.0,728.0,315.0,782.0,273.0,787.0,308.0,780.0,304.0
7554.jpg,0.46,742.0,260.0,712.0,206.0,726.0,227.0,727.0,225.0,712.0,205.0,791.0,308.0,746.0,300.0,747.0,300.0,763.0,316.0,761.0,317.0
7560.jpg,0.31,726.5,259.0,702.0,223.0,710.0,228.0,710.0,227.0,712.0,221.0,748.0,260.0,717.0,283.0,731.0,291.0,706.0,221.0,739.0,296.0
7578.jpg,0.51,633.0,283.5,579.0,282.0,591.0,291.0,675.0,249.0,677.0,235.0,659.0,329.0,635.0,326.0,673.0,311.0,658.0,329.0,658.0,330.0
7584.jpg,0.495,590.5,316.0,540.0,281.0,551.0,297.0,635.0,293.0,647.0,279.0,587.0,360.0,568.0,343.0,610.0,345.0,587.0,360.0,587.0,360.0
7590.jpg,0.515,576.5,306.0,525.0,268.0,535.0,286.0,614.0,259.0,616.0,248.0,557.0,353.0,541.0,336.0,582.0,342.0,557.0,355.0,557.0,355.0
7614.jpg,0.5,629.0,268.0,570.0,265.0,665.0,240.0,667.0,240.0,671.0,224.0,651.0,312.0,617.0,309.0,666.0,293.0,650.0,314.0,651.0,314.0
7620.jpg,0.515,626.5,268.0,573.0,264.0,582.0,278.0,669.0,241.0,672.0,224.0,654.0,314.0,617.0,310.0,669.0,294.0,653.0,314.0,653.0,315.0
7626.jpg,0.51,627.0,268.5,574.0,271.0,583.0,278.0,670.0,240.0,672.0,224.0,654.0,314.0,620.0,311.0,668.0,294.0,653.0,315.0,653.0,315.0
7632.jpg,0.505,627.5,269.0,575.0,261.0,668.0,239.0,669.0,240.0,672.0,224.0,655.0,314.0,618.0,311.0,668.0,294.0,652.0,316.0,634.0,316.0
7638.jpg,0.515,626.5,268.0,573.0,270.0,584.0,279.0,670.0,240.0,673.0,223.0,656.0,314.0,619.0,312.0,669.0,294.0,654.0,316.0,653.0,316.0
7644.jpg,0.515,626.5,269.0,573.0,271.0,585.0,279.0,671.0,241.0,673.0,224.0,657.0,315.0,621.0,313.0,671.0,293.0,655.0,316.0,654.0,317.0
7650.jpg,0.52,626.0,269.5,573.0,272.0,586.0,281.0,671.0,241.0,673.0,225.0,656.0,316.0,622.0,313.0,670.0,296.0,654.0,317.0,654.0,317.0
7656.jpg,0.525,625.5,271.0,572.0,271.0,587.0,281.0,671.0,242.0,673.0,224.0,657.0,319.0,622.0,314.0,671.0,300.0,656.0,317.0,652.0,310.0
7668.jpg,0.585,558.0,317.5,512.0,256.0,523.0,277.0,607.0,296.0,618.0,288.0,527.0,385.0,508.0,356.0,565.0,370.0,527.0,384.0,528.0,379.0
7674.jpg,0.655,519.0,311.5,496.0,245.0,498.0,279.0,571.0,316.0,588.0,309.0,465.0,383.0,455.0,346.0,516.0,377.0,466.0,386.0,465.0,386.0
7680.jpg,0.67,516.0,323.0,492.0,255.0,495.0,286.0,568.0,323.0,584.0,314.0,465.0,395.0,460.0,366.0,508.0,383.0,465.0,395.0,469.0,382.0
7686.jpg,0.69,512.0,310.0,494.0,242.0,493.0,283.0,564.0,319.0,582.0,310.0,455.0,379.0,447.0,348.0,498.0,375.0,458.0,380.0,458.0,377.0
7692.jpg,0.63,506.0,304.0,499.0,247.0,496.0,282.0,565.0,319.0,580.0,311.0,453.0,367.0,452.0,338.0,500.0,363.0,457.0,369.0,457.0,369.0
7698.jpg,0.425,497.5,300.5,506.0,257.0,503.0,278.0,503.0,278.0,507.0,257.0,469.0,353.0,460.0,316.0,537.0,306.0,495.0,350.0,501.0,352.0
7704.jpg,0.425,514.5,298.0,512.0,257.0,510.0,280.0,511.0,278.0,513.0,259.0,496.0,340.0,484.0,320.0,514.0,258.0,523.0,337.0,528.0,338.0
7710.jpg,0.56,524.0,310.5,515.0,257.0,517.0,282.0,566.0,312.0,518.0,256.0,490.0,367.0,480.0,330.0,534.0,356.0,483.0,365.0,477.0,363.0
7716.jpg,0.565,528.5,304.5,520.0,250.0,522.0,278.0,575.0,320.0,522.0,250.0,499.0,361.0,490.0,335.0,532.0,350.0,501.0,361.0,499.0,359.0
7722.jpg,0.57,526.0,305.5,517.0,249.0,520.0,282.0,573.0,299.0,519.0,248.0,488.0,367.0,484.0,325.0,536.0,353.0,495.0,369.0,489.0,367.0
7728.jpg,0.625,536.5,309.0,518.0,247.0,521.0,281.0,595.0,306.0,608.0,297.0,496.0,374.0,491.0,346.0,542.0,361.0,499.0,374.0,503.0,363.0
7734.jpg,0.66,534.0,309.0,517.0,242.0,518.0,280.0,587.0,310.0,605.0,300.0,486.0,377.0,478.0,348.0,527.0,367.0,485.0,377.0,482.0,368.0
7740.jpg,0.63,532.0,306.5,517.0,242.0,518.0,281.0,590.0,309.0,607.0,299.0,488.0,373.0,480.0,347.0,531.0,362.0,486.0,372.0,485.0,372.0
7746.jpg,0.585,515.5,300.5,517.0,240.0,517.0,275.0,517.0,276.0,519.0,240.0,473.0,362.0,465.0,332.0,523.0,350.0,501.0,360.0,466.0,351.0
7752.jpg,0.34,491.5,296.0,517.0,255.0,466.0,276.0,512.0,278.0,519.0,256.0,467.0,338.0,467.0,338.0,487.0,337.0,478.0,337.0,477.0,338.0
7758.jpg,0.29,495.0,289.0,462.0,261.0,466.0,278.0,507.0,282.0,517.0,259.0,478.0,314.0,471.0,309.0,508.0,316.0,488.0,324.0,491.0,324.0
7764.jpg,0.3,491.5,297.0,457.0,263.0,470.0,278.0,508.0,287.0,517.0,264.0,481.0,332.0,479.0,320.0,507.0,334.0,497.0,333.0,497.0,334.0
7770.jpg,0.31,490.5,296.0,454.0,262.0,467.0,274.0,509.0,285.0,514.0,265.0,476.0,332.0,474.0,317.0,516.0,264.0,479.0,334.0,478.0,334.0
7776.jpg,0.4,505.0,299.5,457.0,265.0,465.0,279.0,511.0,286.0,515.0,262.0,484.0,349.0,473.0,321.0,516.0,262.0,510.0,343.0,515.0,343.0
7782.jpg,0.365,496.5,298.0,459.0,257.0,467.0,275.0,509.0,281.0,514.0,260.0,472.0,342.0,467.0,321.0,515.0,260.0,496.0,342.0,505.0,342.0
7788.jpg,0.315,482.0,290.5,459.0,258.0,456.0,269.0,498.0,283.0,509.0,262.0,456.0,326.0,453.0,309.0,494.0,325.0,471.0,329.0,473.0,330.0
7824.jpg,0.37,435.0,301.0,467.0,269.0,409.0,274.0,454.0,292.0,472.0,274.0,403.0,328.0,431.0,334.0,432.0,334.0,409.0,334.0,416.0,338.0
7830.jpg,0.425,434.0,305.5,471.0,263.0,416.0,271.0,458.0,293.0,475.0,267.0,394.0,343.0,430.0,346.0,439.0,350.0,417.0,350.0,418.0,351.0
7836.jpg,0.415,445.5,306.5,482.0,260.0,429.0,275.0,467.0,291.0,484.0,262.0,409.0,354.0,440.0,358.0,442.0,358.0,424.0,357.0,424.0,358.0
7842.jpg,0.385,445.5,311.5,476.0,266.0,431.0,280.0,464.0,294.0,477.0,267.0,412.0,353.0,439.0,359.0,446.0,358.0,429.0,357.0,431.0,358.0
7848.jpg,0.375,461.5,314.5,476.0,271.0,472.0,299.0,472.0,299.0,478.0,275.0,431.0,361.0,464.0,361.0,466.0,360.0,478.0,274.0,477.0,359.0
7854.jpg,0.36,455.0,315.0,486.0,272.0,440.0,290.0,476.0,297.0,487.0,272.0,426.0,336.0,449.0,346.0,464.0,350.0,440.0,358.0,440.0,359.0
7860.jpg,0.45,450.0,302.0,490.0,248.0,428.0,267.0,477.0,279.0,494.0,250.0,405.0,352.0,405.0,321.0,452.0,354.0,411.0,357.0,425.0,358.0
7866.jpg,0.475,445.5,291.5,425.0,235.0,427.0,258.0,473.0,277.0,492.0,244.0,399.0,339.0,398.0,311.0,452.0,346.0,424.0,346.0,425.0,347.0
7872.jpg,0.435,443.5,292.5,425.0,241.0,426.0,262.0,472.0,284.0,487.0,256.0,405.0,337.0,407.0,314.0,440.0,342.0,428.0,343.0,428.0,344.0
7878.jpg,0.345,454.5,299.5,481.0,261.0,428.0,277.0,469.0,289.0,483.0,264.0,429.0,341.0,425.0,323.0,484.0,263.0,440.0,341.0,441.0,341.0
7884.jpg,0.45,514.0,303.5,500.0,264.0,504.0,289.0,504.0,289.0,504.0,264.0,484.0,350.0,471.0,322.0,524.0,343.0,511.0,349.0,526.0,348.0
7890.jpg,0.52,605.0,317.5,553.0,280.0,567.0,299.0,650.0,289.0,658.0,271.0,617.0,364.0,594.0,354.0,632.0,345.0,616.0,363.0,615.0,360.0
7896.jpg,0.52,631.5,305.0,582.0,290.0,597.0,301.0,677.0,274.0,681.0,252.0,667.0,358.0,627.0,349.0,676.0,334.0,661.0,352.0,660.0,350.0
7902.jpg,0.525,637.5,310.5,586.0,288.0,604.0,304.0,683.0,274.0,687.0,252.0,673.0,368.0,635.0,358.0,685.0,340.0,670.0,367.0,667.0,358.0
7908.jpg,0.545,640.0,315.5,588.0,289.0,605.0,307.0,684.0,278.0,688.0,256.0,676.0,379.0,641.0,369.0,690.0,353.0,672.0,370.0,670.0,364.0
7914.jpg,0.54,638.0,314.0,587.0,289.0,605.0,307.0,683.0,277.0,688.0,255.0,674.0,377.0,636.0,365.0,686.0,351.0,670.0,369.0,668.0,367.0
7920.jpg,0.535,637.5,314.5,586.0,287.0,604.0,306.0,683.0,277.0,687.0,254.0,672.0,377.0,634.0,364.0,689.0,345.0,668.0,369.0,667.0,367.0
7926.jpg,0.535,638.0,314.5,587.0,288.0,605.0,306.0,683.0,276.0,686.0,253.0,672.0,376.0,636.0,364.0,687.0,347.0,668.0,370.0,667.0,368.0
7932.jpg,0.535,638.5,314.5,587.0,287.0,605.0,306.0,684.0,276.0,688.0,253.0,673.0,377.0,636.0,363.0,688.0,345.0,669.0,370.0,668.0,368.0
7938.jpg,0.535,638.5,314.0,587.0,288.0,605.0,306.0,684.0,276.0,689.0,253.0,673.0,377.0,635.0,362.0,688.0,344.0,669.0,368.0,668.0,367.0
7944.jpg,0.535,639.0,313.5,588.0,287.0,606.0,306.0,685.0,275.0,688.0,253.0,672.0,376.0,638.0,363.0,686.0,350.0,669.0,370.0,668.0,367.0
7950.jpg,0.535,639.0,313.5,588.0,287.0,607.0,306.0,685.0,276.0,688.0,253.0,672.0,376.0,637.0,362.0,687.0,347.0,669.0,370.0,668.0,367.0
7956.jpg,0.535,639.0,313.5,588.0,287.0,607.0,306.0,685.0,276.0,688.0,253.0,672.0,376.0,640.0,363.0,688.0,345.0,670.0,370.0,668.0,367.0
7962.jpg,0.53,639.5,313.0,589.0,287.0,606.0,306.0,685.0,275.0,688.0,252.0,672.0,375.0,635.0,361.0,687.0,347.0,671.0,374.0,666.0,366.0
7968.jpg,0.535,642.5,318.5,589.0,289.0,607.0,307.0,686.0,277.0,689.0,256.0,675.0,385.0,634.0,372.0,696.0,351.0,671.0,385.0,671.0,375.0
7974.jpg,0.625,670.5,285.0,611.0,291.0,629.0,300.0,700.0,247.0,698.0,225.0,723.0,341.0,678.0,343.0,728.0,312.0,718.0,341.0,717.0,337.0
7986.jpg,0.275,723.5,253.5,702.0,221.0,710.0,231.0,710.0,230.0,703.0,220.0,745.0,287.0,713.0,274.0,724.0,285.0,729.0,286.0,728.0,288.0
7992.jpg,0.345,730.5,259.0,711.0,218.0,720.0,234.0,721.0,233.0,711.0,217.0,762.0,301.0,718.0,288.0,725.0,288.0,745.0,302.0,738.0,302.0
7998.jpg,0.555,705.5,262.0,648.0,293.0,664.0,299.0,721.0,235.0,713.0,213.0,762.0,307.0,707.0,315.0,757.0,272.0,752.0,301.0,753.0,301.0
8004.jpg,0.565,704.5,264.0,646.0,293.0,663.0,297.0,720.0,235.0,712.0,213.0,759.0,309.0,709.0,318.0,757.0,276.0,754.0,305.0,750.0,303.0
8010.jpg,0.565,702.5,264.5,645.0,293.0,662.0,298.0,720.0,235.0,712.0,213.0,758.0,311.0,708.0,319.0,755.0,277.0,751.0,304.0,751.0,304.0
8016.jpg,0.555,701.5,263.5,644.0,293.0,661.0,298.0,719.0,235.0,711.0,213.0,758.0,311.0,705.0,318.0,755.0,271.0,749.0,305.0,748.0,305.0
8022.jpg,0.55,701.0,265.0,644.0,294.0,660.0,298.0,718.0,236.0,711.0,213.0,757.0,312.0,705.0,320.0,755.0,274.0,748.0,307.0,748.0,306.0
8028.jpg,0.56,699.0,265.0,642.0,293.0,660.0,299.0,718.0,237.0,710.0,214.0,756.0,313.0,707.0,321.0,754.0,277.0,747.0,305.0,746.0,305.0
8034.jpg,0.545,696.0,267.5,640.0,295.0,656.0,300.0,715.0,239.0,709.0,216.0,753.0,315.0,700.0,323.0,750.0,284.0,744.0,310.0,743.0,310.0
8040.jpg,0.565,691.5,271.5,636.0,296.0,654.0,302.0,716.0,242.0,709.0,218.0,750.0,319.0,700.0,328.0,749.0,292.0,740.0,316.0,739.0,314.0
8046.jpg,0.57,691.0,273.5,636.0,298.0,653.0,304.0,715.0,243.0,710.0,219.0,749.0,324.0,700.0,329.0,748.0,295.0,739.0,318.0,739.0,317.0
8052.jpg,0.57,691.0,276.5,635.0,301.0,652.0,307.0,715.0,246.0,710.0,223.0,747.0,328.0,701.0,332.0,749.0,298.0,741.0,325.0,739.0,320.0
8058.jpg,0.57,690.0,274.5,635.0,298.0,652.0,302.0,714.0,242.0,710.0,220.0,741.0,326.0,711.0,330.0,748.0,298.0,740.0,326.0,736.0,319.0
8064.jpg,0.585,678.0,274.5,628.0,296.0,643.0,301.0,710.0,242.0,705.0,220.0,730.0,325.0,688.0,333.0,738.0,296.0,725.0,326.0,725.0,322.0
8070.jpg,0.59,682.0,275.5,629.0,297.0,643.0,302.0,711.0,243.0,706.0,220.0,735.0,327.0,695.0,332.0,741.0,297.0,729.0,325.0,729.0,320.0
8076.jpg,0.585,682.5,274.0,628.0,297.0,642.0,301.0,710.0,243.0,705.0,220.0,737.0,326.0,693.0,332.0,741.0,298.0,734.0,326.0,727.0,322.0
8082.jpg,0.59,681.0,274.5,628.0,296.0,642.0,301.0,710.0,242.0,705.0,219.0,735.0,326.0,694.0,332.0,740.0,297.0,725.0,324.0,726.0,322.0
8088.jpg,0.59,682.0,273.5,628.0,296.0,642.0,300.0,710.0,242.0,705.0,219.0,735.0,326.0,693.0,331.0,741.0,296.0,729.0,324.0,729.0,321.0
8094.jpg,0.585,681.5,273.0,627.0,296.0,643.0,300.0,710.0,242.0,705.0,219.0,735.0,325.0,691.0,330.0,740.0,296.0,729.0,324.0,727.0,321.0
8100.jpg,0.585,681.5,272.5,627.0,295.0,641.0,300.0,709.0,243.0,705.0,220.0,735.0,325.0,689.0,330.0,739.0,294.0,726.0,323.0,727.0,320.0
8106.jpg,0.59,680.5,275.0,625.0,296.0,639.0,301.0,709.0,243.0,705.0,221.0,735.0,328.0,690.0,333.0,739.0,299.0,728.0,326.0,725.0,323.0
8112.jpg,0.53,686.0,294.0,713.0,251.0,712.0,265.0,713.0,267.0,715.0,251.0,733.0,349.0,652.0,314.0,739.0,318.0,705.0,349.0,704.0,350.0
8118.jpg,0.565,646.5,306.5,589.0,295.0,600.0,302.0,687.0,265.0,691.0,250.0,683.0,364.0,656.0,356.0,698.0,334.0,684.0,363.0,678.0,355.0
8124.jpg,0.545,612.5,321.5,558.0,286.0,570.0,298.0,660.0,280.0,666.0,268.0,625.0,375.0,604.0,360.0,642.0,360.0,625.0,375.0,625.0,374.0
8130.jpg,0.525,606.0,317.5,554.0,274.0,566.0,290.0,654.0,277.0,661.0,265.0,612.0,367.0,593.0,354.0,633.0,353.0,613.0,367.0,613.0,368.0
8136.jpg,0.57,607.5,328.0,554.0,273.0,567.0,291.0,656.0,283.0,664.0,270.0,610.0,388.0,584.0,367.0,631.0,371.0,609.0,387.0,609.0,388.0
8142.jpg,0.57,605.5,326.0,551.0,270.0,566.0,293.0,652.0,285.0,661.0,269.0,607.0,386.0,583.0,367.0,627.0,372.0,605.0,387.0,607.0,387.0
8148.jpg,0.57,606.0,330.0,553.0,273.0,566.0,292.0,652.0,291.0,664.0,271.0,612.0,392.0,577.0,363.0,639.0,369.0,612.0,392.0,610.0,391.0
8154.jpg,0.575,606.5,332.5,553.0,274.0,566.0,293.0,652.0,291.0,664.0,272.0,610.0,398.0,577.0,369.0,635.0,376.0,610.0,396.0,610.0,393.0
8160.jpg,0.57,608.5,330.0,555.0,273.0,567.0,292.0,655.0,287.0,664.0,270.0,614.0,393.0,590.0,376.0,633.0,379.0,615.0,392.0,614.0,391.0
8166.jpg,0.56,613.0,329.0,557.0,274.0,571.0,292.0,660.0,285.0,669.0,269.0,621.0,390.0,592.0,373.0,644.0,367.0,621.0,390.0,621.0,389.0
8172.jpg,0.575,611.5,330.5,555.0,272.0,571.0,293.0,657.0,287.0,668.0,270.0,618.0,394.0,588.0,372.0,642.0,372.0,618.0,394.0,618.0,393.0
8178.jpg,0.57,611.5,330.0,556.0,273.0,570.0,292.0,657.0,287.0,667.0,269.0,619.0,393.0,589.0,372.0,643.0,372.0,619.0,392.0,619.0,391.0
8184.jpg,0.57,611.5,330.0,556.0,272.0,570.0,292.0,658.0,285.0,667.0,269.0,620.0,395.0,589.0,372.0,643.0,371.0,620.0,393.0,619.0,392.0
8190.jpg,0.635,619.5,335.5,560.0,276.0,577.0,296.0,660.0,293.0,673.0,270.0,632.0,405.0,600.0,386.0,658.0,374.0,631.0,405.0,629.0,405.0
8196.jpg,0.555,663.0,306.5,617.0,301.0,629.0,310.0,692.0,269.0,695.0,246.0,705.0,369.0,658.0,362.0,717.0,336.0,703.0,364.0,701.0,356.0
8256.jpg,0.345,694.5,278.0,706.0,239.0,710.0,257.0,712.0,257.0,707.0,239.0,712.0,321.0,706.0,240.0,721.0,317.0,706.0,321.0,704.0,321.0
8262.jpg,0.395,682.5,272.0,700.0,231.0,703.0,250.0,703.0,250.0,701.0,231.0,704.0,321.0,652.0,305.0,718.0,295.0,692.0,320.0,685.0,321.0
8400.jpg,0.515,656.5,267.0,607.0,290.0,622.0,298.0,695.0,250.0,695.0,232.0,692.0,306.0,669.0,312.0,702.0,295.0,681.0,311.0,679.0,312.0
8406.jpg,0.5,658.0,281.5,608.0,295.0,625.0,304.0,698.0,259.0,696.0,240.0,695.0,324.0,662.0,330.0,704.0,305.0,694.0,325.0,695.0,326.0
8412.jpg,0.51,658.0,279.0,609.0,294.0,625.0,303.0,698.0,258.0,696.0,237.0,695.0,325.0,661.0,329.0,705.0,303.0,692.0,327.0,685.0,330.0
8514.jpg,0.305,744.5,240.5,716.0,207.0,726.0,221.0,727.0,220.0,718.0,206.0,776.0,262.0,746.0,268.0,749.0,268.0,764.0,272.0,753.0,276.0
8520.jpg,0.32,746.5,240.0,719.0,206.0,729.0,220.0,731.0,218.0,719.0,205.0,780.0,253.0,753.0,267.0,752.0,267.0,769.0,268.0,763.0,271.0
8526.jpg,0.3,743.0,241.0,717.0,207.0,727.0,221.0,729.0,220.0,718.0,205.0,773.0,262.0,739.0,266.0,748.0,268.0,757.0,272.0,750.0,274.0
8532.jpg,0.305,740.5,244.0,717.0,208.0,728.0,223.0,734.0,223.0,717.0,208.0,772.0,271.0,746.0,282.0,746.0,282.0,762.0,281.0,748.0,282.0
8538.jpg,0.35,741.0,243.5,718.0,206.0,730.0,223.0,732.0,222.0,720.0,204.0,780.0,276.0,745.0,272.0,740.0,276.0,757.0,284.0,753.0,286.0
8544.jpg,0.39,761.0,246.0,725.0,203.0,739.0,220.0,740.0,219.0,727.0,200.0,805.0,267.0,763.0,285.0,758.0,286.0,778.0,286.0,772.0,289.0
8550.jpg,0.39,760.5,242.0,726.0,202.0,741.0,221.0,742.0,220.0,727.0,201.0,804.0,261.0,769.0,270.0,755.0,283.0,780.0,277.0,775.0,280.0
8556.jpg,0.375,761.0,245.5,725.0,202.0,739.0,222.0,739.0,221.0,727.0,202.0,799.0,267.0,765.0,276.0,766.0,275.0,794.0,278.0,781.0,284.0
8562.jpg,0.37,762.5,247.0,726.0,203.0,740.0,223.0,740.0,221.0,727.0,203.0,803.0,271.0,755.0,279.0,758.0,278.0,777.0,288.0,773.0,288.0
8568.jpg,0.36,756.0,243.5,724.0,204.0,738.0,223.0,741.0,219.0,725.0,201.0,797.0,277.0,764.0,287.0,760.0,278.0,773.0,287.0,774.0,287.0
8574.jpg,0.38,758.5,247.0,724.0,203.0,737.0,222.0,740.0,220.0,724.0,202.0,797.0,273.0,756.0,279.0,759.0,279.0,773.0,286.0,768.0,289.0
8580.jpg,0.35,755.0,242.0,724.0,204.0,737.0,223.0,739.0,222.0,724.0,202.0,793.0,267.0,752.0,274.0,760.0,272.0,771.0,281.0,770.0,282.0
8586.jpg,0.315,748.5,238.5,721.0,202.0,733.0,218.0,734.0,217.0,722.0,201.0,779.0,255.0,753.0,265.0,753.0,265.0,765.0,267.0,762.0,271.0
8592.jpg,0.335,744.0,224.5,720.0,204.0,732.0,219.0,759.0,206.0,720.0,202.0,774.0,253.0,752.0,265.0,749.0,251.0,765.0,263.0,763.0,265.0
8598.jpg,0.305,745.5,240.0,719.0,207.0,731.0,222.0,734.0,220.0,720.0,205.0,775.0,262.0,739.0,265.0,750.0,268.0,765.0,272.0,757.0,277.0
8604.jpg,0.315,743.5,241.5,718.0,206.0,731.0,222.0,736.0,220.0,718.0,205.0,776.0,266.0,724.0,266.0,724.0,266.0,758.0,277.0,758.0,280.0
8610.jpg,0.395,763.5,241.5,727.0,201.0,741.0,218.0,742.0,216.0,727.0,199.0,804.0,250.0,761.0,276.0,757.0,279.0,773.0,274.0,773.0,276.0
8616.jpg,0.385,759.5,238.0,727.0,199.0,743.0,219.0,744.0,217.0,727.0,198.0,797.0,247.0,739.0,264.0,739.0,265.0,777.0,264.0,759.0,277.0
8622.jpg,0.36,757.0,241.5,726.0,202.0,742.0,221.0,744.0,218.0,726.0,201.0,797.0,260.0,739.0,272.0,740.0,271.0,766.0,278.0,763.0,281.0
8628.jpg,0.375,759.5,246.5,727.0,203.0,742.0,222.0,744.0,220.0,728.0,202.0,799.0,266.0,745.0,285.0,746.0,285.0,769.0,285.0,763.0,288.0
8634.jpg,0.435,763.0,246.5,727.0,201.0,746.0,221.0,746.0,219.0,727.0,199.0,813.0,270.0,754.0,289.0,755.0,289.0,785.0,284.0,774.0,290.0
8640.jpg,0.445,768.5,240.5,729.0,195.0,748.0,215.0,749.0,214.0,729.0,194.0,819.0,256.0,764.0,281.0,763.0,282.0,790.0,274.0,775.0,284.0
8646.jpg,0.445,768.5,239.5,729.0,194.0,748.0,215.0,749.0,213.0,730.0,194.0,817.0,253.0,748.0,277.0,748.0,277.0,791.0,267.0,785.0,272.0
8652.jpg,0.41,762.0,244.0,729.0,199.0,746.0,217.0,748.0,216.0,729.0,198.0,807.0,258.0,741.0,273.0,742.0,273.0,782.0,273.0,758.0,287.0
8658.jpg,0.395,760.5,245.5,728.0,202.0,745.0,220.0,747.0,219.0,728.0,200.0,805.0,265.0,752.0,283.0,753.0,290.0,770.0,284.0,766.0,287.0
8664.jpg,0.405,761.5,249.5,728.0,202.0,746.0,221.0,747.0,220.0,728.0,201.0,806.0,269.0,751.0,290.0,752.0,291.0,772.0,288.0,770.0,291.0
8670.jpg,0.505,762.0,248.5,728.0,200.0,747.0,223.0,748.0,222.0,730.0,197.0,818.0,276.0,752.0,294.0,754.0,294.0,775.0,299.0,770.0,300.0
8676.jpg,0.4,759.0,252.0,726.0,206.0,741.0,226.0,742.0,225.0,727.0,204.0,804.0,289.0,766.0,286.0,767.0,286.0,778.0,297.0,776.0,299.0
8682.jpg,0.405,758.0,258.5,726.0,210.0,741.0,230.0,741.0,229.0,726.0,210.0,801.0,301.0,767.0,308.0,766.0,308.0,777.0,309.0,775.0,309.0
8688.jpg,0.635,727.5,272.0,664.0,305.0,685.0,308.0,737.0,241.0,725.0,212.0,793.0,324.0,735.0,328.0,787.0,284.0,784.0,317.0,782.0,315.0
8694.jpg,0.63,720.0,274.0,656.0,306.0,678.0,308.0,730.0,243.0,719.0,216.0,783.0,330.0,727.0,337.0,781.0,295.0,776.0,322.0,774.0,319.0
8700.jpg,0.62,712.0,281.5,650.0,307.0,670.0,310.0,726.0,246.0,717.0,220.0,774.0,338.0,717.0,342.0,772.0,291.0,768.0,333.0,760.0,327.0
8706.jpg,0.645,689.5,302.5,626.0,311.0,650.0,317.0,713.0,262.0,708.0,236.0,750.0,368.0,710.0,368.0,756.0,334.0,745.0,359.0,744.0,358.0
8712.jpg,0.68,685.0,303.5,618.0,309.0,644.0,317.0,709.0,265.0,705.0,236.0,746.0,374.0,705.0,376.0,757.0,337.0,742.0,363.0,741.0,363.0
8718.jpg,0.7,670.0,310.0,601.0,304.0,626.0,315.0,696.0,267.0,696.0,240.0,727.0,384.0,686.0,389.0,746.0,341.0,725.0,374.0,723.0,371.0
8724.jpg,0.685,669.5,315.5,602.0,307.0,628.0,319.0,697.0,271.0,696.0,244.0,726.0,389.0,688.0,388.0,740.0,354.0,723.0,381.0,720.0,377.0
8730.jpg,0.675,675.5,312.5,611.0,310.0,636.0,322.0,702.0,269.0,700.0,244.0,735.0,389.0,694.0,384.0,744.0,352.0,729.0,380.0,724.0,372.0
8736.jpg,0.685,680.5,310.5,616.0,310.0,640.0,320.0,706.0,268.0,703.0,242.0,741.0,383.0,696.0,380.0,751.0,344.0,737.0,373.0,737.0,371.0
8742.jpg,0.655,668.5,319.5,604.0,308.0,629.0,322.0,699.0,276.0,699.0,252.0,721.0,396.0,682.0,391.0,736.0,356.0,717.0,385.0,716.0,385.0
8748.jpg,0.615,653.0,335.5,592.0,313.0,613.0,328.0,689.0,290.0,690.0,266.0,698.0,412.0,657.0,401.0,713.0,385.0,696.0,412.0,689.0,399.0
8754.jpg,0.595,638.0,344.5,581.0,314.0,602.0,330.0,681.0,299.0,683.0,276.0,679.0,418.0,632.0,403.0,701.0,385.0,679.0,418.0,677.0,412.0
8760.jpg,0.63,646.5,337.0,586.0,310.0,607.0,328.0,683.0,293.0,687.0,268.0,693.0,415.0,656.0,408.0,709.0,387.0,689.0,403.0,688.0,402.0
8766.jpg,0.66,646.0,331.0,581.0,302.0,606.0,321.0,682.0,286.0,686.0,260.0,695.0,408.0,654.0,406.0,714.0,384.0,692.0,398.0,691.0,398.0
8772.jpg,0.685,652.5,327.5,585.0,303.0,610.0,319.0,684.0,282.0,687.0,254.0,703.0,406.0,662.0,405.0,725.0,375.0,703.0,398.0,700.0,396.0
8778.jpg,0.675,647.5,326.5,581.0,301.0,605.0,317.0,682.0,282.0,684.0,255.0,697.0,405.0,657.0,404.0,724.0,359.0,696.0,396.0,695.0,396.0
8784.jpg,0.59,582.5,356.0,527.0,286.0,542.0,308.0,626.0,311.0,641.0,289.0,575.0,429.0,543.0,414.0,608.0,423.0,575.0,429.0,575.0,429.0
8790.jpg,0.58,580.0,366.5,526.0,297.0,540.0,321.0,623.0,326.0,638.0,303.0,572.0,434.0,544.0,431.0,601.0,432.0,573.0,438.0,573.0,438.0
8796.jpg,0.58,588.5,345.0,533.0,276.0,547.0,296.0,630.0,302.0,646.0,280.0,574.0,417.0,545.0,404.0,611.0,415.0,577.0,417.0,579.0,417.0
8802.jpg,0.595,594.0,341.5,538.0,271.0,553.0,290.0,637.0,298.0,653.0,276.0,583.0,411.0,551.0,402.0,618.0,409.0,584.0,415.0,584.0,415.0
8808.jpg,0.58,581.0,326.0,531.0,255.0,541.0,278.0,621.0,300.0,639.0,277.0,551.0,398.0,527.0,381.0,589.0,398.0,555.0,398.0,556.0,396.0
8814.jpg,0.61,562.5,322.0,523.0,250.0,527.0,280.0,602.0,306.0,622.0,289.0,517.0,398.0,503.0,367.0,558.0,391.0,519.0,398.0,531.0,395.0
8820.jpg,0.615,551.5,308.5,518.0,246.0,520.0,278.0,592.0,305.0,611.0,288.0,500.0,373.0,496.0,343.0,551.0,361.0,507.0,373.0,520.0,370.0
8826.jpg,0.575,546.5,311.0,514.0,263.0,517.0,292.0,587.0,314.0,605.0,299.0,503.0,367.0,496.0,344.0,535.0,359.0,504.0,368.0,504.0,368.0
8832.jpg,0.59,535.0,316.0,505.0,269.0,508.0,297.0,578.0,325.0,594.0,310.0,493.0,370.0,485.0,349.0,531.0,363.0,492.0,372.0,492.0,374.0
8838.jpg,0.605,520.5,331.0,494.0,281.0,496.0,311.0,565.0,339.0,582.0,325.0,477.0,389.0,468.0,365.0,505.0,384.0,477.0,390.0,477.0,390.0
8844.jpg,0.625,517.5,331.5,494.0,276.0,492.0,309.0,560.0,341.0,578.0,328.0,465.0,394.0,466.0,357.0,502.0,388.0,472.0,390.0,487.0,391.0
8850.jpg,0.62,517.0,330.0,494.0,275.0,494.0,308.0,562.0,340.0,580.0,326.0,466.0,393.0,461.0,365.0,505.0,386.0,468.0,394.0,468.0,396.0
8856.jpg,0.62,519.0,328.0,495.0,275.0,496.0,306.0,564.0,339.0,582.0,324.0,470.0,392.0,464.0,368.0,507.0,385.0,473.0,394.0,473.0,396.0
8862.jpg,0.6,520.0,325.0,496.0,273.0,496.0,303.0,564.0,337.0,582.0,323.0,472.0,386.0,467.0,359.0,508.0,379.0,474.0,387.0,474.0,388.0
8868.jpg,0.545,519.5,313.0,501.0,268.0,502.0,296.0,568.0,328.0,587.0,317.0,475.0,366.0,466.0,324.0,517.0,363.0,478.0,368.0,477.0,369.0
8874.jpg,0.57,523.0,312.5,501.0,268.0,501.0,295.0,570.0,327.0,586.0,314.0,478.0,365.0,473.0,343.0,520.0,360.0,482.0,368.0,481.0,368.0
8880.jpg,0.585,519.5,308.5,502.0,264.0,500.0,292.0,569.0,324.0,583.0,314.0,471.0,360.0,465.0,332.0,514.0,356.0,474.0,361.0,468.0,361.0
8886.jpg,0.56,520.0,309.0,501.0,265.0,501.0,294.0,569.0,326.0,584.0,314.0,474.0,365.0,471.0,340.0,514.0,359.0,476.0,366.0,476.0,367.0
8892.jpg,0.575,522.5,309.5,502.0,265.0,501.0,293.0,571.0,326.0,588.0,313.0,478.0,366.0,472.0,342.0,520.0,361.0,480.0,367.0,478.0,368.0
8898.jpg,0.575,525.5,311.0,502.0,266.0,503.0,295.0,573.0,326.0,589.0,311.0,478.0,367.0,475.0,345.0,514.0,363.0,483.0,368.0,481.0,369.0
8904.jpg,0.555,525.5,312.5,502.0,267.0,503.0,296.0,572.0,327.0,589.0,312.0,480.0,368.0,476.0,344.0,520.0,361.0,484.0,369.0,483.0,370.0
8910.jpg,0.57,526.0,312.5,504.0,266.0,504.0,295.0,574.0,326.0,591.0,312.0,484.0,368.0,477.0,332.0,523.0,364.0,485.0,369.0,484.0,369.0
8916.jpg,0.555,526.5,313.0,504.0,266.0,504.0,295.0,573.0,326.0,590.0,312.0,481.0,367.0,479.0,344.0,521.0,363.0,487.0,368.0,504.0,367.0
8922.jpg,0.555,524.5,308.0,504.0,264.0,503.0,292.0,573.0,323.0,591.0,310.0,479.0,360.0,475.0,336.0,521.0,357.0,481.0,362.0,481.0,363.0
8928.jpg,0.58,550.0,307.5,513.0,263.0,517.0,285.0,598.0,306.0,609.0,296.0,517.0,357.0,501.0,337.0,548.0,348.0,516.0,357.0,515.0,357.0
8934.jpg,0.515,596.5,297.5,544.0,263.0,548.0,273.0,640.0,273.0,649.0,256.0,596.0,341.0,577.0,330.0,618.0,325.0,596.0,341.0,595.0,340.0
8940.jpg,0.42,609.0,285.0,573.0,251.0,580.0,258.0,644.0,256.0,651.0,242.0,612.0,324.0,578.0,309.0,629.0,308.0,611.0,325.0,610.0,326.0
8946.jpg,0.51,604.0,282.5,550.0,265.0,560.0,274.0,647.0,260.0,656.0,243.0,618.0,324.0,598.0,318.0,634.0,310.0,618.0,324.0,616.0,323.0
8952.jpg,0.495,627.5,281.0,573.0,274.0,585.0,284.0,669.0,258.0,674.0,238.0,659.0,325.0,622.0,321.0,671.0,305.0,657.0,325.0,657.0,326.0
8958.jpg,0.505,642.5,284.0,592.0,285.0,605.0,295.0,682.0,259.0,685.0,238.0,685.0,333.0,643.0,331.0,691.0,311.0,680.0,328.0,679.0,328.0
8964.jpg,0.58,661.0,291.0,604.0,291.0,622.0,301.0,695.0,255.0,694.0,231.0,711.0,349.0,668.0,344.0,716.0,322.0,705.0,341.0,703.0,340.0
8970.jpg,0.595,670.0,287.5,613.0,292.0,630.0,301.0,701.0,251.0,699.0,227.0,723.0,347.0,683.0,346.0,728.0,318.0,719.0,339.0,714.0,336.0
8976.jpg,0.63,695.0,270.5,635.0,294.0,653.0,299.0,712.0,238.0,706.0,213.0,758.0,327.0,699.0,334.0,755.0,293.0,748.0,320.0,747.0,317.0
8982.jpg,0.67,704.5,274.0,639.0,296.0,660.0,300.0,717.0,239.0,708.0,211.0,774.0,333.0,728.0,341.0,771.0,292.0,765.0,324.0,763.0,322.0
8988.jpg,0.69,694.0,284.0,625.0,296.0,649.0,301.0,707.0,245.0,701.0,215.0,761.0,349.0,722.0,357.0,765.0,303.0,756.0,342.0,753.0,338.0
8994.jpg,0.675,690.5,286.5,623.0,297.0,648.0,303.0,707.0,248.0,700.0,218.0,756.0,354.0,715.0,356.0,759.0,318.0,750.0,344.0,748.0,343.0
9000.jpg,0.685,683.5,288.0,616.0,296.0,642.0,303.0,702.0,248.0,695.0,220.0,750.0,357.0,709.0,363.0,757.0,317.0,745.0,347.0,742.0,347.0
9006.jpg,0.7,682.0,286.0,613.0,294.0,639.0,299.0,698.0,245.0,694.0,216.0,750.0,353.0,709.0,364.0,758.0,301.0,745.0,345.0,743.0,343.0
9012.jpg,0.7,702.0,271.0,631.0,294.0,655.0,297.0,707.0,235.0,698.0,207.0,776.0,328.0,737.0,341.0,770.0,294.0,772.0,323.0,770.0,320.0
9018.jpg,0.66,734.0,257.0,660.0,293.0,681.0,294.0,726.0,227.0,708.0,198.0,805.0,293.0,742.0,315.0,785.0,261.0,801.0,299.0,780.0,306.0
9024.jpg,0.655,735.5,253.5,670.0,293.0,691.0,292.0,732.0,225.0,716.0,198.0,804.0,285.0,742.0,303.0,787.0,257.0,803.0,287.0,799.0,287.0
9030.jpg,0.525,737.5,252.0,675.0,295.0,691.0,294.0,732.0,227.0,717.0,205.0,796.0,290.0,737.0,302.0,785.0,260.0,784.0,288.0,783.0,287.0
9036.jpg,0.56,725.0,264.0,666.0,300.0,686.0,302.0,733.0,237.0,719.0,211.0,784.0,306.0,757.0,315.0,777.0,272.0,783.0,306.0,775.0,296.0
9042.jpg,0.625,720.5,275.0,661.0,307.0,683.0,308.0,733.0,243.0,718.0,218.0,784.0,330.0,730.0,336.0,783.0,294.0,775.0,321.0,774.0,320.0
9048.jpg,0.66,719.0,277.5,654.0,304.0,678.0,308.0,729.0,246.0,716.0,218.0,786.0,334.0,730.0,341.0,783.0,302.0,776.0,326.0,776.0,325.0
9054.jpg,0.655,710.5,286.5,646.0,308.0,669.0,312.0,724.0,252.0,714.0,225.0,773.0,349.0,723.0,352.0,777.0,317.0,768.0,341.0,765.0,335.0
9060.jpg,0.64,704.0,286.0,643.0,307.0,664.0,311.0,720.0,251.0,711.0,225.0,768.0,347.0,725.0,350.0,769.0,312.0,761.0,340.0,758.0,333.0
9066.jpg,0.635,698.5,283.5,638.0,303.0,656.0,308.0,716.0,249.0,708.0,224.0,759.0,339.0,721.0,343.0,760.0,307.0,753.0,332.0,750.0,328.0
9072.jpg,0.55,641.0,291.0,587.0,289.0,602.0,297.0,679.0,258.0,681.0,237.0,682.0,348.0,655.0,344.0,694.0,321.0,681.0,348.0,673.0,337.0
9078.jpg,0.51,637.0,282.0,586.0,285.0,601.0,294.0,677.0,256.0,679.0,233.0,679.0,331.0,634.0,326.0,686.0,311.0,675.0,328.0,672.0,323.0
9084.jpg,0.52,634.0,285.0,583.0,282.0,598.0,294.0,675.0,259.0,677.0,235.0,670.0,334.0,638.0,331.0,681.0,312.0,669.0,335.0,668.0,335.0
9090.jpg,0.52,582.0,313.0,531.0,259.0,543.0,283.0,626.0,287.0,636.0,270.0,560.0,371.0,543.0,344.0,599.0,349.0,560.0,372.0,561.0,371.0
9096.jpg,0.685,543.0,299.5,516.0,230.0,521.0,263.0,592.0,298.0,610.0,285.0,493.0,372.0,483.0,339.0,536.0,365.0,493.0,374.0,493.0,374.0
9102.jpg,0.675,548.0,293.5,523.0,223.0,528.0,254.0,595.0,291.0,615.0,276.0,499.0,366.0,483.0,337.0,553.0,354.0,499.0,368.0,498.0,366.0
9108.jpg,0.685,544.5,288.5,520.0,219.0,524.0,251.0,588.0,291.0,611.0,278.0,487.0,361.0,477.0,328.0,543.0,351.0,489.0,365.0,491.0,363.0
9114.jpg,0.67,541.0,296.0,516.0,228.0,519.0,262.0,587.0,296.0,608.0,281.0,486.0,365.0,478.0,335.0,529.0,360.0,487.0,369.0,489.0,369.0
9120.jpg,0.615,543.5,314.5,504.0,250.0,509.0,275.0,585.0,304.0,605.0,287.0,500.0,383.0,489.0,354.0,545.0,368.0,503.0,380.0,504.0,379.0
9126.jpg,0.53,572.5,321.0,525.0,265.0,531.0,289.0,610.0,304.0,624.0,286.0,545.0,385.0,527.0,360.0,585.0,360.0,547.0,383.0,547.0,380.0
9132.jpg,0.53,593.0,376.0,540.0,330.0,550.0,348.0,636.0,349.0,645.0,333.0,583.0,428.0,558.0,407.0,604.0,411.0,583.0,429.0,583.0,428.0
9138.jpg,0.525,597.5,383.0,544.0,345.0,551.0,360.0,641.0,357.0,651.0,339.0,605.0,435.0,585.0,421.0,625.0,419.0,606.0,433.0,605.0,432.0
9144.jpg,0.52,574.0,375.5,521.0,339.0,527.0,352.0,617.0,356.0,626.0,339.0,578.0,419.0,561.0,407.0,598.0,407.0,579.0,418.0,578.0,417.0
9150.jpg,0.53,578.0,367.0,525.0,328.0,535.0,346.0,620.0,344.0,631.0,324.0,589.0,414.0,567.0,400.0,610.0,397.0,589.0,411.0,589.0,410.0
9156.jpg,0.565,654.5,342.5,597.0,341.0,608.0,350.0,686.0,314.0,689.0,291.0,701.0,394.0,661.0,392.0,710.0,370.0,697.0,393.0,694.0,387.0
9162.jpg,0.505,689.5,336.5,651.0,356.0,656.0,358.0,711.0,311.0,711.0,288.0,729.0,386.0,684.0,384.0,735.0,362.0,718.0,379.0,718.0,379.0
9168.jpg,0.505,626.5,365.5,577.0,357.0,589.0,367.0,671.0,341.0,675.0,321.0,661.0,415.0,623.0,404.0,672.0,393.0,655.0,409.0,654.0,407.0
9174.jpg,0.525,594.5,356.5,541.0,338.0,554.0,353.0,638.0,336.0,644.0,315.0,617.0,396.0,597.0,390.0,632.0,380.0,618.0,398.0,618.0,398.0
9180.jpg,0.495,606.5,358.0,553.0,344.0,562.0,355.0,648.0,339.0,655.0,316.0,628.0,399.0,601.0,394.0,645.0,386.0,628.0,401.0,628.0,401.0
9186.jpg,0.525,597.5,358.0,545.0,336.0,554.0,351.0,642.0,337.0,649.0,316.0,619.0,403.0,595.0,394.0,636.0,388.0,619.0,403.0,617.0,404.0
9192.jpg,0.545,607.0,329.5,555.0,311.0,570.0,328.0,648.0,305.0,656.0,283.0,641.0,381.0,617.0,371.0,655.0,360.0,640.0,379.0,638.0,378.0
9198.jpg,0.565,650.5,317.5,593.0,317.0,606.0,327.0,682.0,289.0,685.0,264.0,698.0,373.0,656.0,369.0,708.0,346.0,696.0,368.0,692.0,365.0
9204.jpg,0.385,725.5,301.0,718.0,255.0,721.0,276.0,721.0,276.0,720.0,255.0,758.0,349.0,758.0,327.0,759.0,327.0,718.0,256.0,739.0,349.0
9210.jpg,0.4,701.0,299.0,698.0,253.0,701.0,277.0,702.0,276.0,699.0,254.0,741.0,346.0,698.0,329.0,739.0,320.0,699.0,254.0,716.0,349.0
9216.jpg,0.42,740.0,259.0,701.0,216.0,714.0,244.0,714.0,243.0,702.0,216.0,789.0,284.0,719.0,307.0,742.0,300.0,760.0,305.0,756.0,307.0
9222.jpg,0.37,742.5,240.0,708.0,208.0,720.0,226.0,763.0,203.0,709.0,206.0,780.0,268.0,748.0,272.0,748.0,271.0,760.0,280.0,757.0,282.0
9228.jpg,0.3,733.0,247.0,708.0,214.0,716.0,228.0,716.0,228.0,708.0,214.0,762.0,272.0,726.0,274.0,729.0,275.0,749.0,281.0,744.0,283.0
9234.jpg,0.295,736.5,244.5,711.0,215.0,720.0,228.0,719.0,227.0,712.0,214.0,766.0,267.0,739.0,281.0,740.0,280.0,753.0,279.0,748.0,280.0
9240.jpg,0.33,749.0,243.0,720.0,214.0,732.0,230.0,741.0,230.0,736.0,212.0,785.0,263.0,745.0,273.0,754.0,270.0,765.0,280.0,763.0,281.0
9246.jpg,0.38,762.0,252.0,727.0,213.0,745.0,234.0,747.0,232.0,728.0,211.0,802.0,278.0,746.0,295.0,746.0,295.0,778.0,292.0,772.0,294.0
9252.jpg,0.41,767.0,245.0,729.0,208.0,747.0,228.0,748.0,227.0,730.0,206.0,810.0,252.0,761.0,280.0,758.0,286.0,786.0,275.0,783.0,276.0
9258.jpg,0.345,754.0,245.5,724.0,211.0,742.0,230.0,745.0,227.0,725.0,209.0,791.0,267.0,745.0,276.0,749.0,275.0,768.0,281.0,764.0,283.0
9264.jpg,0.335,751.5,244.5,724.0,211.0,739.0,231.0,743.0,227.0,724.0,211.0,785.0,266.0,744.0,274.0,747.0,272.0,765.0,279.0,760.0,281.0
9270.jpg,0.33,749.0,248.0,723.0,213.0,736.0,231.0,741.0,231.0,725.0,211.0,785.0,276.0,755.0,289.0,755.0,289.0,766.0,286.0,761.0,288.0
9276.jpg,0.34,749.0,248.0,722.0,213.0,735.0,230.0,741.0,230.0,723.0,212.0,786.0,277.0,744.0,278.0,747.0,278.0,764.0,287.0,762.0,287.0
9282.jpg,0.355,757.5,239.5,724.0,209.0,738.0,225.0,738.0,224.0,738.0,206.0,794.0,249.0,765.0,267.0,765.0,267.0,774.0,270.0,769.0,272.0
9288.jpg,0.31,748.0,240.5,722.0,210.0,733.0,224.0,735.0,223.0,723.0,209.0,779.0,254.0,754.0,264.0,754.0,265.0,763.0,267.0,761.0,269.0
9294.jpg,0.275,738.5,239.0,716.0,212.0,725.0,224.0,732.0,223.0,716.0,211.0,762.0,259.0,734.0,261.0,745.0,266.0,752.0,267.0,747.0,268.0
9354.jpg,0.525,617.5,280.5,565.0,275.0,575.0,285.0,660.0,259.0,667.0,240.0,639.0,324.0,614.0,318.0,653.0,306.0,640.0,324.0,640.0,323.0
9360.jpg,0.52,618.0,283.5,567.0,277.0,578.0,287.0,661.0,261.0,667.0,242.0,639.0,325.0,613.0,322.0,658.0,309.0,640.0,326.0,640.0,326.0
9366.jpg,0.52,618.0,283.5,567.0,276.0,578.0,286.0,662.0,261.0,667.0,242.0,639.0,326.0,613.0,323.0,659.0,308.0,640.0,326.0,639.0,326.0
9372.jpg,0.515,617.5,284.0,567.0,274.0,579.0,285.0,662.0,260.0,667.0,241.0,640.0,326.0,612.0,322.0,657.0,309.0,640.0,326.0,640.0,326.0
9378.jpg,0.515,617.5,284.0,567.0,275.0,579.0,285.0,661.0,261.0,668.0,241.0,640.0,327.0,614.0,323.0,657.0,309.0,641.0,327.0,641.0,326.0
9384.jpg,0.515,617.5,285.0,567.0,275.0,580.0,286.0,662.0,261.0,668.0,241.0,640.0,327.0,614.0,324.0,658.0,310.0,641.0,327.0,641.0,327.0
9390.jpg,0.515,617.5,285.0,567.0,274.0,581.0,286.0,662.0,261.0,668.0,241.0,640.0,327.0,615.0,324.0,659.0,310.0,641.0,327.0,641.0,327.0
9396.jpg,0.51,618.0,284.0,567.0,274.0,582.0,287.0,662.0,262.0,668.0,241.0,640.0,327.0,615.0,324.0,659.0,310.0,641.0,327.0,640.0,327.0
9402.jpg,0.51,618.0,285.0,568.0,274.0,582.0,287.0,662.0,262.0,668.0,242.0,640.0,328.0,615.0,324.0,660.0,310.0,641.0,328.0,641.0,328.0
9408.jpg,0.515,618.5,285.5,568.0,274.0,581.0,287.0,662.0,262.0,669.0,242.0,641.0,329.0,613.0,324.0,660.0,311.0,641.0,329.0,642.0,328.0
9414.jpg,0.51,618.0,286.0,568.0,274.0,582.0,287.0,662.0,263.0,669.0,242.0,641.0,329.0,614.0,324.0,660.0,312.0,641.0,329.0,641.0,328.0
9420.jpg,0.51,618.0,286.5,568.0,275.0,583.0,287.0,662.0,263.0,669.0,242.0,640.0,329.0,612.0,323.0,658.0,313.0,641.0,329.0,641.0,329.0
9426.jpg,0.51,618.0,287.0,568.0,274.0,583.0,288.0,663.0,263.0,669.0,243.0,640.0,329.0,614.0,324.0,659.0,312.0,641.0,329.0,641.0,329.0
9432.jpg,0.51,618.0,287.0,568.0,275.0,583.0,288.0,663.0,263.0,669.0,243.0,641.0,330.0,614.0,324.0,661.0,311.0,641.0,330.0,641.0,329.0
9438.jpg,0.51,618.0,287.0,568.0,274.0,583.0,288.0,663.0,263.0,669.0,243.0,641.0,330.0,615.0,325.0,659.0,313.0,641.0,330.0,641.0,329.0
9444.jpg,0.51,618.0,287.0,568.0,275.0,583.0,289.0,663.0,263.0,669.0,243.0,640.0,330.0,613.0,324.0,659.0,312.0,641.0,329.0,641.0,329.0
9450.jpg,0.51,618.0,287.0,568.0,275.0,583.0,289.0,663.0,264.0,670.0,243.0,641.0,331.0,614.0,324.0,659.0,312.0,642.0,330.0,642.0,330.0
9456.jpg,0.505,618.5,287.5,568.0,276.0,584.0,289.0,663.0,265.0,669.0,244.0,641.0,332.0,615.0,325.0,658.0,313.0,642.0,332.0,641.0,332.0
9462.jpg,0.505,618.5,287.5,568.0,275.0,584.0,289.0,663.0,265.0,669.0,244.0,642.0,331.0,614.0,325.0,659.0,312.0,643.0,331.0,642.0,331.0
9468.jpg,0.505,618.5,287.5,569.0,275.0,583.0,289.0,663.0,265.0,669.0,244.0,641.0,332.0,616.0,325.0,660.0,312.0,642.0,331.0,642.0,332.0
9474.jpg,0.51,618.5,288.0,569.0,275.0,583.0,289.0,663.0,265.0,670.0,244.0,641.0,332.0,615.0,325.0,659.0,313.0,642.0,331.0,642.0,330.0
9480.jpg,0.51,619.0,288.5,569.0,276.0,584.0,289.0,664.0,265.0,670.0,245.0,642.0,332.0,615.0,326.0,658.0,315.0,642.0,333.0,642.0,330.0
9486.jpg,0.51,619.0,290.0,569.0,276.0,583.0,290.0,664.0,265.0,670.0,245.0,642.0,333.0,616.0,327.0,659.0,316.0,642.0,332.0,642.0,331.0
9492.jpg,0.51,621.0,295.0,570.0,276.0,585.0,292.0,665.0,267.0,671.0,246.0,645.0,339.0,623.0,332.0,659.0,320.0,646.0,339.0,645.0,337.0
9504.jpg,0.555,605.5,281.5,551.0,273.0,563.0,283.0,649.0,265.0,655.0,248.0,621.0,324.0,596.0,319.0,641.0,310.0,621.0,326.0,620.0,325.0
9510.jpg,0.73,601.0,254.0,514.0,205.0,529.0,210.0,612.0,167.0,621.0,168.0,635.0,317.0,595.0,308.0,664.0,269.0,638.0,315.0,638.0,315.0
9540.jpg,0.535,605.5,269.5,551.0,265.0,564.0,274.0,649.0,251.0,658.0,236.0,624.0,313.0,599.0,308.0,645.0,295.0,625.0,312.0,624.0,312.0
9546.jpg,0.515,605.5,269.5,553.0,266.0,565.0,275.0,650.0,250.0,657.0,234.0,626.0,315.0,602.0,310.0,647.0,294.0,627.0,314.0,628.0,312.0
9552.jpg,0.525,605.5,269.0,553.0,267.0,565.0,275.0,651.0,252.0,658.0,234.0,626.0,314.0,601.0,309.0,648.0,296.0,627.0,313.0,627.0,312.0
9558.jpg,0.525,605.5,270.0,553.0,267.0,565.0,275.0,651.0,252.0,658.0,234.0,626.0,315.0,599.0,310.0,648.0,296.0,628.0,314.0,629.0,313.0
9564.jpg,0.53,606.0,271.5,553.0,266.0,566.0,276.0,650.0,252.0,658.0,235.0,627.0,317.0,602.0,311.0,649.0,296.0,630.0,315.0,630.0,315.0
9570.jpg,0.535,608.5,275.0,554.0,268.0,566.0,277.0,652.0,253.0,659.0,235.0,629.0,323.0,604.0,315.0,651.0,299.0,629.0,322.0,629.0,322.0
9600.jpg,0.535,607.5,290.0,553.0,255.0,562.0,263.0,662.0,265.0,674.0,250.0,629.0,336.0,601.0,327.0,645.0,314.0,629.0,337.0,628.0,338.0
9606.jpg,0.525,604.5,293.5,552.0,265.0,562.0,274.0,652.0,251.0,659.0,236.0,629.0,342.0,599.0,332.0,647.0,319.0,628.0,343.0,629.0,343.0
9612.jpg,0.53,581.0,313.5,527.0,265.0,541.0,283.0,629.0,280.0,635.0,269.0,570.0,366.0,550.0,346.0,593.0,351.0,569.0,367.0,568.0,366.0
9618.jpg,0.585,546.5,374.5,494.0,316.0,501.0,332.0,591.0,347.0,605.0,331.0,529.0,434.0,506.0,405.0,560.0,418.0,530.0,435.0,530.0,435.0
9624.jpg,0.55,550.5,381.0,497.0,332.0,505.0,352.0,593.0,363.0,604.0,348.0,539.0,436.0,514.0,413.0,562.0,420.0,539.0,435.0,538.0,434.0
9630.jpg,0.545,547.5,376.5,495.0,324.0,505.0,346.0,589.0,356.0,602.0,338.0,529.0,432.0,508.0,407.0,557.0,417.0,530.0,432.0,530.0,429.0
9636.jpg,0.58,540.0,366.0,489.0,300.0,499.0,329.0,582.0,344.0,599.0,327.0,508.0,438.0,484.0,409.0,546.0,426.0,510.0,438.0,510.0,432.0
9642.jpg,0.645,524.0,351.5,481.0,278.0,490.0,309.0,568.0,335.0,589.0,317.0,483.0,431.0,461.0,397.0,536.0,416.0,489.0,427.0,490.0,419.0
9648.jpg,0.605,535.5,353.5,486.0,281.0,494.0,306.0,574.0,331.0,594.0,313.0,497.0,428.0,476.0,407.0,534.0,421.0,502.0,428.0,502.0,422.0
9654.jpg,0.61,541.0,358.0,492.0,286.0,503.0,309.0,583.0,333.0,603.0,314.0,507.0,434.0,481.0,413.0,546.0,428.0,509.0,434.0,512.0,432.0
9660.jpg,0.605,563.5,374.0,508.0,302.0,522.0,321.0,606.0,335.0,622.0,314.0,542.0,449.0,510.0,424.0,585.0,438.0,544.0,449.0,546.0,449.0
9666.jpg,0.61,555.0,367.0,501.0,294.0,513.0,316.0,598.0,332.0,616.0,309.0,533.0,443.0,502.0,423.0,567.0,437.0,533.0,443.0,533.0,443.0
9672.jpg,0.56,565.0,387.0,512.0,321.0,524.0,344.0,607.0,352.0,621.0,330.0,547.0,456.0,520.0,435.0,578.0,443.0,551.0,455.0,552.0,455.0
9678.jpg,0.525,570.5,386.5,519.0,344.0,525.0,357.0,614.0,360.0,626.0,341.0,565.0,439.0,541.0,417.0,588.0,421.0,564.0,440.0,564.0,437.0
9684.jpg,0.52,575.0,374.0,524.0,335.0,535.0,355.0,618.0,350.0,627.0,329.0,577.0,421.0,554.0,406.0,605.0,398.0,577.0,421.0,577.0,422.0
9690.jpg,0.525,599.5,387.5,547.0,352.0,561.0,370.0,643.0,357.0,652.0,335.0,615.0,442.0,585.0,425.0,632.0,421.0,615.0,442.0,612.0,433.0
9696.jpg,0.54,581.0,376.0,528.0,338.0,542.0,360.0,625.0,350.0,634.0,330.0,593.0,427.0,568.0,414.0,609.0,409.0,592.0,426.0,590.0,426.0
9702.jpg,0.525,583.5,364.5,533.0,332.0,546.0,351.0,628.0,340.0,637.0,317.0,600.0,411.0,579.0,400.0,616.0,394.0,600.0,410.0,599.0,408.0
9708.jpg,0.525,605.5,346.0,553.0,328.0,565.0,343.0,650.0,324.0,656.0,302.0,633.0,393.0,597.0,385.0,649.0,373.0,631.0,393.0,631.0,394.0
9714.jpg,0.51,600.0,346.0,548.0,331.0,563.0,346.0,643.0,325.0,650.0,304.0,622.0,389.0,601.0,382.0,637.0,370.0,622.0,388.0,622.0,387.0
9720.jpg,0.525,607.5,362.5,555.0,348.0,567.0,360.0,651.0,341.0,658.0,318.0,633.0,407.0,603.0,398.0,649.0,390.0,633.0,407.0,632.0,407.0
9726.jpg,0.53,581.0,374.0,527.0,344.0,540.0,362.0,623.0,352.0,632.0,331.0,594.0,420.0,573.0,409.0,612.0,403.0,594.0,420.0,594.0,421.0
9732.jpg,0.52,597.0,368.0,545.0,347.0,559.0,361.0,641.0,344.0,648.0,321.0,629.0,416.0,593.0,406.0,641.0,395.0,627.0,416.0,625.0,415.0
9738.jpg,0.59,656.0,345.5,597.0,352.0,609.0,358.0,684.0,320.0,684.0,294.0,703.0,397.0,670.0,401.0,709.0,371.0,701.0,397.0,697.0,389.0
9744.jpg,0.475,714.0,302.5,712.0,284.0,714.0,307.0,715.0,306.0,711.0,284.0,713.0,278.0,674.0,327.0,749.0,351.0,739.0,359.0,748.0,356.0
9750.jpg,0.58,684.0,324.5,627.0,340.0,641.0,347.0,709.0,301.0,705.0,276.0,735.0,371.0,709.0,371.0,738.0,344.0,730.0,367.0,727.0,364.0
9756.jpg,0.58,702.0,327.0,644.0,347.0,660.0,353.0,723.0,303.0,719.0,278.0,753.0,378.0,706.0,378.0,759.0,348.0,746.0,370.0,745.0,369.0
9762.jpg,0.57,697.0,334.5,639.0,350.0,657.0,358.0,721.0,309.0,717.0,285.0,747.0,386.0,704.0,388.0,753.0,358.0,743.0,381.0,739.0,378.0
9768.jpg,0.58,686.0,350.5,630.0,357.0,649.0,367.0,717.0,323.0,712.0,297.0,734.0,409.0,705.0,406.0,744.0,381.0,729.0,403.0,727.0,399.0
9774.jpg,0.555,665.5,369.0,611.0,361.0,629.0,377.0,701.0,339.0,700.0,314.0,707.0,427.0,677.0,421.0,719.0,398.0,703.0,418.0,703.0,417.0
9780.jpg,0.53,637.0,389.0,585.0,372.0,601.0,388.0,677.0,360.0,681.0,336.0,669.0,445.0,635.0,435.0,686.0,418.0,669.0,446.0,666.0,436.0
9786.jpg,0.525,597.5,397.0,547.0,362.0,559.0,381.0,641.0,369.0,649.0,347.0,608.0,447.0,576.0,430.0,627.0,432.0,608.0,447.0,608.0,447.0
9792.jpg,0.535,586.5,397.5,534.0,343.0,547.0,368.0,629.0,364.0,640.0,343.0,581.0,456.0,559.0,434.0,607.0,438.0,582.0,456.0,582.0,454.0
9798.jpg,0.55,562.0,373.0,509.0,313.0,520.0,336.0,601.0,348.0,616.0,329.0,531.0,441.0,520.0,413.0,573.0,426.0,536.0,440.0,539.0,440.0
9804.jpg,0.585,543.0,362.5,498.0,298.0,506.0,325.0,584.0,345.0,601.0,327.0,504.0,426.0,493.0,400.0,541.0,417.0,506.0,428.0,511.0,423.0
9810.jpg,0.55,560.0,334.0,518.0,278.0,527.0,306.0,604.0,320.0,619.0,303.0,523.0,392.0,513.0,366.0,570.0,374.0,525.0,394.0,525.0,394.0
9816.jpg,0.495,546.5,304.0,527.0,256.0,535.0,284.0,594.0,316.0,528.0,255.0,521.0,354.0,508.0,332.0,557.0,345.0,522.0,354.0,520.0,355.0
9822.jpg,0.415,551.5,296.5,524.0,257.0,529.0,281.0,578.0,296.0,525.0,257.0,516.0,338.0,507.0,319.0,561.0,329.0,510.0,337.0,508.0,336.0
9828.jpg,0.45,548.0,301.5,523.0,259.0,530.0,285.0,604.0,298.0,525.0,258.0,519.0,342.0,509.0,325.0,550.0,337.0,522.0,344.0,519.0,344.0
9834.jpg,0.42,551.0,300.5,523.0,260.0,533.0,285.0,581.0,296.0,526.0,260.0,530.0,342.0,516.0,331.0,563.0,332.0,528.0,343.0,522.0,342.0
9840.jpg,0.51,583.0,291.0,532.0,260.0,544.0,277.0,628.0,275.0,636.0,262.0,571.0,330.0,552.0,320.0,594.0,319.0,570.0,332.0,569.0,332.0
9846.jpg,0.505,583.5,292.5,534.0,261.0,547.0,280.0,629.0,276.0,637.0,261.0,573.0,330.0,552.0,321.0,592.0,319.0,572.0,331.0,571.0,332.0
9852.jpg,0.51,585.0,294.5,535.0,262.0,548.0,282.0,631.0,277.0,638.0,261.0,573.0,333.0,551.0,323.0,595.0,321.0,573.0,334.0,572.0,335.0
9858.jpg,0.51,585.0,295.0,536.0,263.0,548.0,282.0,631.0,278.0,639.0,261.0,574.0,335.0,554.0,324.0,595.0,322.0,573.0,336.0,572.0,336.0
9864.jpg,0.505,585.5,295.5,536.0,263.0,549.0,284.0,630.0,279.0,639.0,261.0,574.0,335.0,549.0,321.0,595.0,323.0,573.0,336.0,572.0,336.0
9870.jpg,0.505,585.5,296.5,536.0,263.0,549.0,285.0,631.0,279.0,639.0,262.0,574.0,336.0,554.0,325.0,595.0,324.0,574.0,336.0,573.0,337.0
9876.jpg,0.495,585.5,300.0,537.0,264.0,551.0,286.0,633.0,281.0,641.0,264.0,575.0,341.0,556.0,327.0,596.0,327.0,575.0,341.0,574.0,341.0
9882.jpg,0.505,555.5,296.5,527.0,249.0,536.0,271.0,606.0,287.0,617.0,277.0,531.0,346.0,518.0,322.0,555.0,339.0,532.0,346.0,532.0,346.0
9888.jpg,0.5,531.0,297.0,523.0,257.0,526.0,279.0,528.0,279.0,525.0,257.0,508.0,335.0,490.0,310.0,491.0,314.0,511.0,337.0,507.0,338.0
9894.jpg,0.61,537.0,307.0,508.0,265.0,514.0,294.0,593.0,309.0,604.0,296.0,504.0,357.0,492.0,334.0,533.0,351.0,506.0,358.0,504.0,358.0
9900.jpg,0.61,538.0,312.5,507.0,268.0,511.0,297.0,589.0,316.0,602.0,299.0,502.0,367.0,491.0,345.0,532.0,361.0,503.0,368.0,503.0,368.0
9906.jpg,0.645,530.5,325.0,503.0,267.0,505.0,300.0,578.0,325.0,595.0,311.0,486.0,388.0,488.0,353.0,525.0,378.0,494.0,383.0,490.0,384.0
9912.jpg,0.61,521.0,318.5,498.0,266.0,501.0,298.0,575.0,326.0,590.0,311.0,477.0,383.0,473.0,353.0,519.0,373.0,494.0,377.0,496.0,378.0
9918.jpg,0.645,520.5,318.5,496.0,264.0,499.0,297.0,571.0,326.0,587.0,312.0,475.0,381.0,467.0,355.0,508.0,375.0,478.0,378.0,479.0,376.0
9924.jpg,0.61,523.0,319.5,498.0,266.0,500.0,298.0,574.0,324.0,592.0,310.0,482.0,383.0,478.0,358.0,523.0,372.0,490.0,380.0,498.0,374.0
9930.jpg,0.595,528.5,320.5,501.0,266.0,504.0,298.0,577.0,324.0,593.0,309.0,489.0,382.0,480.0,347.0,527.0,370.0,490.0,383.0,490.0,384.0
9936.jpg,0.61,533.0,322.0,502.0,267.0,506.0,298.0,581.0,323.0,596.0,309.0,494.0,383.0,482.0,349.0,531.0,372.0,494.0,384.0,494.0,383.0
9942.jpg,0.61,535.0,323.5,503.0,269.0,508.0,298.0,583.0,322.0,598.0,308.0,499.0,382.0,488.0,358.0,530.0,373.0,499.0,383.0,499.0,382.0
9948.jpg,0.595,538.5,324.5,505.0,270.0,509.0,299.0,585.0,322.0,600.0,307.0,504.0,383.0,492.0,358.0,535.0,372.0,505.0,383.0,504.0,381.0
9954.jpg,0.575,542.5,325.5,504.0,272.0,511.0,301.0,587.0,322.0,603.0,306.0,508.0,383.0,493.0,358.0,540.0,373.0,507.0,385.0,507.0,386.0
9960.jpg,0.59,542.5,326.0,506.0,273.0,512.0,302.0,590.0,322.0,605.0,305.0,510.0,384.0,494.0,359.0,537.0,373.0,509.0,385.0,509.0,384.0
9966.jpg,0.58,544.0,327.0,507.0,275.0,512.0,302.0,592.0,322.0,605.0,307.0,511.0,385.0,496.0,361.0,538.0,375.0,511.0,385.0,510.0,385.0
9972.jpg,0.585,544.0,326.5,506.0,274.0,512.0,302.0,591.0,322.0,604.0,305.0,511.0,384.0,497.0,361.0,535.0,376.0,510.0,385.0,510.0,384.0
9978.jpg,0.58,545.0,326.0,508.0,274.0,513.0,302.0,591.0,323.0,605.0,306.0,512.0,384.0,497.0,360.0,539.0,375.0,512.0,385.0,511.0,385.0
9984.jpg,0.58,545.0,327.0,508.0,274.0,514.0,303.0,593.0,322.0,606.0,305.0,515.0,385.0,497.0,360.0,545.0,372.0,515.0,385.0,515.0,385.0
9990.jpg,0.58,550.0,330.0,510.0,276.0,516.0,304.0,594.0,323.0,610.0,306.0,522.0,387.0,502.0,363.0,547.0,374.0,522.0,387.0,522.0,385.0
9996.jpg,0.56,553.0,340.5,509.0,285.0,516.0,312.0,600.0,327.0,611.0,314.0,529.0,401.0,508.0,377.0,556.0,382.0,528.0,402.0,527.0,402.0
10002.jpg,0.79,592.5,310.0,512.0,233.0,534.0,253.0,631.0,233.0,671.0,216.0,611.0,401.0,560.0,376.0,634.0,368.0,611.0,398.0,609.0,393.0
10008.jpg,0.495,652.5,315.5,602.0,290.0,605.0,317.0,683.0,283.0,683.0,262.0,684.0,369.0,617.0,330.0,696.0,341.0,668.0,371.0,665.0,372.0
10014.jpg,0.51,634.0,298.0,584.0,304.0,599.0,314.0,677.0,273.0,677.0,252.0,678.0,343.0,631.0,342.0,683.0,321.0,664.0,344.0,661.0,344.0
10020.jpg,0.5,628.0,305.0,580.0,308.0,594.0,317.0,672.0,280.0,673.0,257.0,668.0,355.0,620.0,350.0,675.0,331.0,665.0,358.0,664.0,359.0
10026.jpg,0.53,633.0,309.0,581.0,307.0,597.0,318.0,675.0,280.0,674.0,257.0,674.0,363.0,636.0,358.0,681.0,339.0,672.0,364.0,663.0,353.0
10032.jpg,0.56,640.0,317.0,585.0,310.0,602.0,322.0,680.0,283.0,679.0,259.0,684.0,376.0,648.0,372.0,694.0,346.0,682.0,377.0,677.0,365.0
10038.jpg,0.55,640.0,314.0,586.0,309.0,602.0,321.0,680.0,282.0,680.0,257.0,684.0,373.0,649.0,369.0,694.0,344.0,681.0,372.0,679.0,362.0
10044.jpg,0.55,639.0,313.0,585.0,309.0,602.0,320.0,680.0,281.0,679.0,256.0,683.0,371.0,644.0,366.0,693.0,341.0,680.0,371.0,677.0,360.0
10050.jpg,0.545,638.5,312.5,585.0,308.0,602.0,320.0,679.0,281.0,679.0,257.0,681.0,371.0,644.0,366.0,692.0,342.0,679.0,370.0,676.0,359.0
10056.jpg,0.545,637.5,312.5,585.0,309.0,601.0,320.0,679.0,281.0,678.0,256.0,681.0,371.0,637.0,362.0,691.0,342.0,678.0,370.0,674.0,360.0
10062.jpg,0.54,637.0,314.0,585.0,310.0,601.0,321.0,679.0,281.0,678.0,258.0,680.0,372.0,640.0,365.0,691.0,341.0,677.0,371.0,675.0,361.0
10068.jpg,0.545,638.0,313.5,585.0,309.0,602.0,321.0,678.0,282.0,678.0,257.0,681.0,372.0,641.0,365.0,690.0,344.0,678.0,370.0,675.0,361.0
10074.jpg,0.54,638.0,315.0,585.0,311.0,602.0,322.0,679.0,282.0,679.0,259.0,681.0,373.0,640.0,365.0,691.0,342.0,678.0,372.0,675.0,362.0
10080.jpg,0.545,640.5,318.5,587.0,314.0,603.0,326.0,681.0,285.0,681.0,262.0,683.0,377.0,646.0,372.0,695.0,347.0,681.0,375.0,678.0,366.0
10086.jpg,0.565,643.0,313.5,588.0,312.0,603.0,322.0,682.0,280.0,680.0,257.0,685.0,371.0,647.0,368.0,699.0,340.0,684.0,370.0,682.0,363.0
10092.jpg,0.5,660.0,286.0,607.0,274.0,620.0,283.0,684.0,255.0,683.0,235.0,703.0,339.0,649.0,336.0,709.0,311.0,686.0,343.0,683.0,343.0
10098.jpg,0.335,698.5,268.5,687.0,229.0,691.0,241.0,691.0,241.0,687.0,228.0,692.0,239.0,684.0,292.0,724.0,292.0,705.0,309.0,703.0,309.0
10104.jpg,0.305,705.0,268.5,692.0,232.0,698.0,244.0,699.0,244.0,693.0,231.0,729.0,300.0,693.0,296.0,726.0,307.0,712.0,307.0,710.0,307.0
10110.jpg,0.285,732.5,255.0,712.0,226.0,722.0,239.0,727.0,236.0,713.0,224.0,762.0,275.0,736.0,291.0,737.0,291.0,748.0,290.0,745.0,291.0
10116.jpg,0.35,752.5,240.0,721.0,218.0,734.0,232.0,758.0,211.0,721.0,216.0,792.0,257.0,760.0,274.0,759.0,270.0,779.0,276.0,773.0,277.0
10122.jpg,0.39,762.0,253.0,727.0,215.0,745.0,237.0,747.0,233.0,727.0,214.0,801.0,283.0,753.0,283.0,758.0,284.0,773.0,294.0,770.0,295.0
10128.jpg,0.395,761.0,261.5,727.0,220.0,742.0,240.0,745.0,235.0,728.0,218.0,799.0,296.0,756.0,292.0,757.0,292.0,777.0,303.0,772.0,304.0
10134.jpg,0.375,762.5,263.5,730.0,220.0,745.0,238.0,747.0,237.0,731.0,219.0,801.0,297.0,750.0,302.0,765.0,295.0,774.0,306.0,771.0,307.0
10140.jpg,0.36,761.5,265.0,731.0,224.0,745.0,241.0,747.0,239.0,731.0,222.0,798.0,297.0,767.0,308.0,768.0,302.0,779.0,307.0,774.0,309.0
10146.jpg,0.35,761.0,265.0,730.0,224.0,745.0,243.0,746.0,241.0,732.0,223.0,797.0,301.0,769.0,309.0,766.0,299.0,780.0,308.0,771.0,308.0
10152.jpg,0.375,767.0,264.5,733.0,221.0,748.0,240.0,749.0,239.0,734.0,220.0,808.0,298.0,763.0,301.0,772.0,298.0,784.0,307.0,782.0,309.0
10158.jpg,0.41,770.0,267.0,734.0,220.0,750.0,240.0,752.0,238.0,736.0,219.0,814.0,302.0,760.0,310.0,765.0,306.0,789.0,312.0,783.0,314.0
10164.jpg,0.395,762.5,271.5,734.0,226.0,749.0,246.0,750.0,245.0,735.0,225.0,803.0,319.0,762.0,306.0,767.0,306.0,782.0,319.0,774.0,319.0
10170.jpg,0.46,759.0,277.0,734.0,227.0,751.0,253.0,751.0,249.0,735.0,225.0,806.0,324.0,712.0,315.0,711.0,316.0,782.0,330.0,776.0,332.0
10176.jpg,0.605,754.5,278.0,684.0,316.0,702.0,318.0,749.0,250.0,734.0,222.0,818.0,328.0,792.0,336.0,810.0,290.0,805.0,313.0,806.0,315.0
10182.jpg,0.475,766.0,271.5,734.0,222.0,749.0,246.0,751.0,246.0,735.0,221.0,820.0,318.0,773.0,312.0,717.0,313.0,788.0,325.0,786.0,327.0
10188.jpg,0.46,771.0,268.5,735.0,220.0,750.0,243.0,752.0,241.0,736.0,218.0,824.0,312.0,769.0,304.0,776.0,306.0,792.0,321.0,784.0,322.0
10194.jpg,0.61,749.0,277.0,687.0,316.0,706.0,316.0,750.0,246.0,736.0,221.0,814.0,323.0,785.0,332.0,805.0,282.0,803.0,311.0,804.0,311.0
10200.jpg,0.63,743.0,281.5,680.0,317.0,702.0,320.0,749.0,251.0,736.0,224.0,809.0,334.0,747.0,337.0,802.0,292.0,798.0,320.0,799.0,318.0
10206.jpg,0.61,744.0,282.5,681.0,318.0,701.0,319.0,749.0,251.0,734.0,225.0,811.0,334.0,747.0,337.0,800.0,291.0,808.0,328.0,799.0,324.0
10212.jpg,0.53,761.0,277.0,734.0,223.0,750.0,249.0,751.0,248.0,736.0,223.0,818.0,321.0,750.0,323.0,714.0,316.0,787.0,331.0,785.0,333.0
10218.jpg,0.425,771.5,269.5,737.0,223.0,752.0,244.0,756.0,241.0,738.0,221.0,820.0,313.0,721.0,314.0,772.0,318.0,792.0,321.0,789.0,322.0
10224.jpg,0.41,766.5,273.0,736.0,225.0,751.0,246.0,753.0,244.0,737.0,224.0,813.0,318.0,719.0,314.0,721.0,314.0,790.0,323.0,787.0,324.0
10230.jpg,0.46,757.5,286.0,736.0,232.0,750.0,255.0,751.0,253.0,737.0,231.0,803.0,335.0,712.0,320.0,712.0,320.0,770.0,339.0,740.0,340.0
10236.jpg,0.645,737.5,290.0,677.0,321.0,698.0,324.0,747.0,257.0,735.0,232.0,804.0,343.0,746.0,347.0,800.0,306.0,800.0,336.0,794.0,334.0
10242.jpg,0.66,725.0,303.5,662.0,325.0,685.0,330.0,739.0,269.0,733.0,243.0,787.0,365.0,749.0,368.0,791.0,311.0,783.0,359.0,780.0,352.0
10248.jpg,0.695,721.5,304.0,653.0,323.0,678.0,328.0,735.0,269.0,727.0,240.0,786.0,368.0,751.0,373.0,792.0,316.0,784.0,365.0,780.0,355.0
10254.jpg,0.685,689.5,328.0,624.0,325.0,649.0,335.0,715.0,285.0,713.0,258.0,746.0,400.0,707.0,396.0,760.0,363.0,742.0,392.0,739.0,388.0
10260.jpg,0.63,656.0,346.5,594.0,319.0,617.0,335.0,693.0,300.0,695.0,275.0,695.0,420.0,666.0,409.0,716.0,391.0,693.0,410.0,692.0,410.0
10266.jpg,0.58,628.5,358.0,572.0,314.0,591.0,333.0,673.0,310.0,679.0,289.0,655.0,430.0,621.0,416.0,681.0,410.0,657.0,430.0,657.0,428.0
10272.jpg,0.59,609.5,357.0,553.0,297.0,571.0,318.0,654.0,309.0,666.0,287.0,623.0,430.0,586.0,409.0,651.0,415.0,623.0,430.0,623.0,430.0
10278.jpg,0.59,605.5,354.0,548.0,291.0,565.0,312.0,649.0,307.0,662.0,284.0,612.0,427.0,580.0,408.0,647.0,412.0,614.0,427.0,614.0,427.0
10284.jpg,0.585,603.5,356.5,547.0,292.0,565.0,314.0,648.0,308.0,661.0,287.0,610.0,429.0,576.0,408.0,638.0,417.0,610.0,429.0,612.0,429.0
10290.jpg,0.58,602.5,357.0,546.0,295.0,564.0,315.0,647.0,309.0,659.0,288.0,606.0,429.0,574.0,410.0,634.0,418.0,610.0,427.0,610.0,427.0
10296.jpg,0.575,598.5,358.5,542.0,292.0,559.0,316.0,644.0,311.0,657.0,290.0,603.0,428.0,575.0,417.0,627.0,420.0,605.0,430.0,605.0,430.0
10302.jpg,0.585,600.5,355.5,544.0,291.0,560.0,312.0,644.0,309.0,658.0,287.0,607.0,428.0,570.0,407.0,647.0,405.0,609.0,428.0,609.0,428.0
10308.jpg,0.585,607.0,349.5,550.0,288.0,568.0,309.0,651.0,299.0,663.0,280.0,622.0,422.0,593.0,415.0,653.0,407.0,622.0,422.0,622.0,422.0
10314.jpg,0.6,612.0,338.0,554.0,282.0,574.0,304.0,656.0,289.0,667.0,266.0,625.0,412.0,597.0,402.0,666.0,398.0,635.0,412.0,635.0,412.0
10320.jpg,0.615,597.0,325.5,538.0,261.0,556.0,280.0,643.0,271.0,656.0,252.0,605.0,396.0,575.0,393.0,641.0,393.0,608.0,402.0,608.0,402.0
10326.jpg,0.63,574.5,322.0,519.0,247.0,531.0,268.0,619.0,280.0,636.0,258.0,555.0,390.0,525.0,385.0,595.0,393.0,556.0,398.0,559.0,400.0
10332.jpg,0.605,573.0,330.5,518.0,257.0,530.0,278.0,615.0,290.0,632.0,268.0,551.0,405.0,519.0,384.0,585.0,404.0,551.0,405.0,553.0,404.0
10338.jpg,0.585,565.0,325.5,510.0,254.0,523.0,272.0,604.0,296.0,623.0,274.0,526.0,398.0,509.0,384.0,572.0,396.0,532.0,398.0,538.0,396.0
10344.jpg,0.69,542.5,329.0,502.0,252.0,510.0,280.0,587.0,311.0,610.0,291.0,498.0,407.0,475.0,377.0,538.0,406.0,503.0,403.0,505.0,402.0
10350.jpg,0.65,542.0,339.0,503.0,265.0,508.0,297.0,585.0,322.0,607.0,302.0,503.0,419.0,482.0,387.0,542.0,405.0,506.0,414.0,509.0,407.0
10356.jpg,0.65,547.5,337.0,504.0,265.0,511.0,294.0,588.0,322.0,610.0,300.0,506.0,417.0,490.0,393.0,546.0,404.0,511.0,417.0,513.0,409.0
10362.jpg,0.66,547.5,338.0,505.0,263.0,510.0,293.0,590.0,320.0,611.0,299.0,508.0,420.0,487.0,396.0,546.0,406.0,511.0,420.0,511.0,413.0
10368.jpg,0.62,552.5,343.0,505.0,270.0,512.0,297.0,592.0,321.0,613.0,301.0,515.0,420.0,493.0,397.0,545.0,413.0,520.0,420.0,518.0,420.0
10374.jpg,0.625,552.5,340.5,506.0,267.0,513.0,295.0,591.0,320.0,612.0,298.0,515.0,418.0,497.0,394.0,550.0,408.0,520.0,418.0,519.0,412.0
10380.jpg,0.615,551.5,339.5,502.0,266.0,511.0,293.0,590.0,319.0,610.0,297.0,510.0,416.0,490.0,393.0,545.0,410.0,517.0,416.0,517.0,416.0
10386.jpg,0.635,550.0,338.5,503.0,264.0,510.0,292.0,590.0,317.0,611.0,296.0,507.0,417.0,488.0,390.0,547.0,407.0,515.0,417.0,515.0,412.0
10392.jpg,0.625,550.5,337.5,502.0,264.0,509.0,292.0,588.0,318.0,609.0,296.0,506.0,415.0,488.0,391.0,543.0,408.0,511.0,415.0,511.0,415.0
10398.jpg,0.62,550.0,335.0,503.0,261.0,510.0,289.0,590.0,314.0,610.0,294.0,508.0,412.0,487.0,388.0,545.0,410.0,515.0,412.0,515.0,412.0
10404.jpg,0.635,547.5,335.5,501.0,261.0,508.0,291.0,587.0,317.0,609.0,294.0,505.0,414.0,487.0,389.0,546.0,407.0,512.0,414.0,514.0,412.0
10410.jpg,0.64,545.5,338.0,500.0,262.0,507.0,292.0,587.0,317.0,608.0,297.0,502.0,417.0,483.0,393.0,542.0,410.0,510.0,417.0,510.0,417.0
10416.jpg,0.63,545.0,337.0,499.0,262.0,506.0,291.0,585.0,317.0,606.0,296.0,505.0,415.0,483.0,391.0,542.0,408.0,510.0,415.0,510.0,413.0
10422.jpg,0.635,547.5,342.5,500.0,267.0,508.0,295.0,586.0,320.0,607.0,299.0,505.0,421.0,492.0,392.0,544.0,411.0,512.0,421.0,513.0,419.0
10428.jpg,0.62,550.5,345.0,500.0,271.0,509.0,298.0,588.0,322.0,609.0,300.0,513.0,422.0,491.0,397.0,548.0,413.0,516.0,422.0,518.0,422.0
10434.jpg,0.605,553.0,347.5,503.0,274.0,510.0,298.0,591.0,323.0,611.0,301.0,515.0,422.0,497.0,397.0,547.0,412.0,521.0,421.0,521.0,421.0
10440.jpg,0.6,554.0,346.0,502.0,274.0,512.0,300.0,593.0,321.0,611.0,301.0,518.0,420.0,496.0,395.0,556.0,407.0,523.0,420.0,522.0,419.0
10446.jpg,0.6,554.5,348.0,503.0,276.0,512.0,299.0,593.0,322.0,613.0,301.0,521.0,422.0,499.0,397.0,551.0,411.0,523.0,422.0,524.0,421.0
10452.jpg,0.6,554.5,347.0,504.0,275.0,513.0,301.0,594.0,322.0,613.0,301.0,521.0,421.0,502.0,396.0,558.0,407.0,523.0,421.0,523.0,421.0
10458.jpg,0.6,555.5,348.0,505.0,276.0,513.0,301.0,595.0,323.0,614.0,302.0,524.0,422.0,504.0,394.0,560.0,408.0,527.0,422.0,527.0,422.0
10464.jpg,0.595,556.0,349.5,505.0,279.0,513.0,302.0,595.0,323.0,615.0,303.0,525.0,423.0,505.0,396.0,559.0,409.0,527.0,423.0,527.0,421.0
10470.jpg,0.585,557.5,348.5,506.0,279.0,514.0,303.0,596.0,324.0,615.0,304.0,527.0,421.0,506.0,394.0,561.0,406.0,529.0,421.0,529.0,421.0
10476.jpg,0.585,557.5,348.5,506.0,280.0,515.0,304.0,597.0,323.0,615.0,304.0,527.0,421.0,507.0,393.0,561.0,406.0,529.0,421.0,529.0,421.0
10482.jpg,0.585,557.0,349.5,506.0,281.0,515.0,305.0,597.0,323.0,615.0,304.0,527.0,422.0,507.0,393.0,561.0,408.0,529.0,422.0,529.0,422.0
10488.jpg,0.585,558.5,350.5,507.0,282.0,515.0,305.0,598.0,323.0,616.0,304.0,528.0,423.0,508.0,394.0,563.0,408.0,530.0,423.0,530.0,423.0
10494.jpg,0.58,559.0,351.0,507.0,283.0,516.0,306.0,599.0,324.0,617.0,303.0,529.0,423.0,509.0,395.0,563.0,409.0,533.0,423.0,534.0,421.0
10500.jpg,0.58,560.5,353.0,506.0,285.0,515.0,308.0,600.0,325.0,617.0,305.0,533.0,425.0,511.0,395.0,565.0,410.0,535.0,425.0,536.0,423.0
10506.jpg,0.565,561.5,356.5,507.0,289.0,517.0,309.0,602.0,326.0,619.0,306.0,537.0,427.0,513.0,394.0,567.0,408.0,537.0,427.0,537.0,423.0
10512.jpg,0.56,565.0,357.0,512.0,292.0,521.0,314.0,608.0,327.0,622.0,309.0,545.0,426.0,519.0,391.0,575.0,404.0,544.0,425.0,544.0,419.0
10518.jpg,0.57,571.0,359.0,516.0,294.0,528.0,318.0,613.0,327.0,628.0,307.0,557.0,430.0,530.0,401.0,585.0,407.0,556.0,425.0,556.0,419.0
10524.jpg,0.575,573.0,363.5,520.0,297.0,531.0,317.0,617.0,326.0,631.0,306.0,559.0,435.0,535.0,404.0,589.0,413.0,561.0,435.0,562.0,424.0
10530.jpg,0.575,573.0,361.5,518.0,295.0,530.0,315.0,616.0,324.0,630.0,304.0,559.0,433.0,531.0,402.0,595.0,409.0,559.0,433.0,559.0,433.0
10536.jpg,0.58,572.5,362.0,518.0,294.0,529.0,315.0,614.0,325.0,631.0,303.0,558.0,434.0,531.0,404.0,587.0,416.0,558.0,434.0,558.0,434.0
10542.jpg,0.585,572.0,362.5,517.0,294.0,529.0,314.0,614.0,325.0,630.0,304.0,558.0,435.0,530.0,404.0,588.0,414.0,558.0,435.0,558.0,435.0
10548.jpg,0.58,571.5,362.0,517.0,294.0,527.0,314.0,613.0,325.0,629.0,304.0,557.0,434.0,530.0,405.0,586.0,415.0,557.0,434.0,557.0,434.0
10554.jpg,0.58,571.0,362.0,517.0,294.0,528.0,314.0,614.0,325.0,629.0,304.0,557.0,434.0,530.0,404.0,587.0,416.0,557.0,434.0,557.0,434.0
10560.jpg,0.585,571.0,362.5,516.0,294.0,528.0,314.0,613.0,324.0,629.0,304.0,557.0,435.0,529.0,404.0,586.0,415.0,557.0,435.0,556.0,429.0
10566.jpg,0.58,570.5,362.0,516.0,294.0,529.0,315.0,612.0,325.0,628.0,303.0,554.0,434.0,529.0,405.0,585.0,415.0,556.0,434.0,556.0,434.0
10572.jpg,0.58,570.5,362.0,516.0,294.0,527.0,314.0,612.0,325.0,628.0,304.0,554.0,434.0,529.0,404.0,585.0,415.0,556.0,434.0,556.0,434.0
10578.jpg,0.575,569.5,362.5,514.0,294.0,526.0,313.0,612.0,324.0,627.0,304.0,553.0,434.0,529.0,406.0,582.0,419.0,553.0,434.0,553.0,434.0
10584.jpg,0.575,569.5,358.5,514.0,291.0,526.0,312.0,612.0,323.0,627.0,301.0,553.0,430.0,530.0,409.0,576.0,421.0,555.0,428.0,555.0,428.0
10590.jpg,0.58,569.0,358.5,516.0,290.0,527.0,313.0,611.0,322.0,627.0,301.0,550.0,430.0,529.0,409.0,583.0,417.0,555.0,430.0,555.0,430.0
10596.jpg,0.575,568.5,359.0,513.0,292.0,525.0,313.0,610.0,324.0,626.0,303.0,548.0,430.0,527.0,407.0,575.0,420.0,550.0,430.0,552.0,430.0
10602.jpg,0.58,568.0,360.0,515.0,292.0,525.0,312.0,611.0,325.0,627.0,303.0,554.0,432.0,527.0,403.0,582.0,417.0,554.0,432.0,554.0,432.0
10608.jpg,0.58,570.0,360.0,516.0,293.0,526.0,313.0,613.0,324.0,628.0,303.0,556.0,432.0,530.0,408.0,584.0,415.0,556.0,432.0,556.0,432.0
10614.jpg,0.57,569.5,359.0,516.0,292.0,526.0,313.0,612.0,323.0,626.0,302.0,556.0,430.0,529.0,402.0,583.0,415.0,556.0,430.0,556.0,430.0
10620.jpg,0.575,570.5,361.5,515.0,294.0,526.0,314.0,613.0,324.0,628.0,304.0,556.0,433.0,529.0,404.0,584.0,414.0,556.0,433.0,556.0,433.0
10626.jpg,0.575,570.5,360.0,515.0,294.0,527.0,314.0,613.0,324.0,628.0,304.0,556.0,431.0,530.0,404.0,587.0,410.0,556.0,431.0,556.0,431.0
10632.jpg,0.575,570.5,360.0,515.0,294.0,528.0,314.0,613.0,324.0,628.0,303.0,556.0,431.0,529.0,403.0,592.0,406.0,556.0,431.0,556.0,431.0
10638.jpg,0.58,571.5,361.0,517.0,294.0,527.0,316.0,614.0,325.0,629.0,304.0,560.0,433.0,532.0,405.0,591.0,410.0,560.0,433.0,560.0,433.0
10644.jpg,0.575,571.5,361.0,516.0,295.0,530.0,318.0,614.0,324.0,629.0,304.0,560.0,432.0,537.0,409.0,587.0,414.0,562.0,432.0,560.0,432.0
10650.jpg,0.575,572.0,362.5,518.0,296.0,530.0,318.0,616.0,324.0,630.0,305.0,560.0,434.0,538.0,406.0,590.0,414.0,562.0,434.0,562.0,434.0
10656.jpg,0.575,572.5,362.5,519.0,296.0,530.0,316.0,616.0,324.0,632.0,304.0,563.0,434.0,539.0,405.0,595.0,410.0,563.0,434.0,563.0,434.0
10662.jpg,0.575,573.0,362.5,518.0,296.0,530.0,316.0,617.0,324.0,631.0,304.0,563.0,434.0,535.0,399.0,595.0,407.0,564.0,432.0,564.0,426.0
10668.jpg,0.58,572.5,362.0,519.0,296.0,529.0,318.0,617.0,325.0,631.0,304.0,563.0,434.0,536.0,402.0,594.0,408.0,565.0,430.0,565.0,423.0
10674.jpg,0.575,573.0,362.5,519.0,297.0,529.0,318.0,617.0,324.0,631.0,304.0,566.0,434.0,543.0,410.0,594.0,408.0,565.0,432.0,566.0,434.0
10680.jpg,0.575,574.0,363.5,520.0,299.0,531.0,319.0,617.0,326.0,631.0,305.0,567.0,432.0,541.0,404.0,596.0,408.0,568.0,430.0,569.0,424.0
10686.jpg,0.575,575.0,363.5,521.0,301.0,532.0,319.0,619.0,324.0,633.0,305.0,570.0,431.0,537.0,394.0,601.0,405.0,570.0,429.0,570.0,424.0
10692.jpg,0.575,574.5,363.5,519.0,299.0,531.0,319.0,619.0,324.0,633.0,305.0,567.0,435.0,542.0,408.0,599.0,409.0,569.0,435.0,569.0,435.0
10698.jpg,0.57,575.0,363.0,520.0,298.0,532.0,318.0,619.0,324.0,633.0,304.0,569.0,429.0,544.0,402.0,599.0,406.0,570.0,429.0,570.0,428.0
10704.jpg,0.57,576.0,362.0,521.0,298.0,531.0,319.0,622.0,324.0,634.0,304.0,571.0,425.0,538.0,392.0,600.0,404.0,571.0,425.0,570.0,425.0
10710.jpg,0.575,578.5,360.5,523.0,301.0,535.0,321.0,623.0,325.0,636.0,303.0,576.0,423.0,541.0,391.0,608.0,399.0,576.0,424.0,576.0,424.0
10716.jpg,0.575,592.5,358.5,536.0,303.0,549.0,324.0,640.0,318.0,650.0,298.0,605.0,419.0,569.0,392.0,631.0,393.0,604.0,420.0,604.0,420.0
10722.jpg,0.57,590.5,361.0,537.0,322.0,548.0,338.0,639.0,324.0,646.0,304.0,613.0,418.0,585.0,402.0,638.0,387.0,614.0,417.0,613.0,412.0
10728.jpg,0.545,617.5,347.0,565.0,330.0,574.0,341.0,662.0,320.0,666.0,298.0,653.0,397.0,627.0,390.0,664.0,375.0,652.0,397.0,650.0,397.0
10734.jpg,0.48,669.0,307.0,692.0,260.0,692.0,284.0,693.0,284.0,692.0,260.0,705.0,355.0,634.0,331.0,712.0,330.0,688.0,357.0,683.0,358.0
10740.jpg,0.98,636.0,264.5,549.0,274.0,570.0,270.0,712.0,262.0,718.0,239.0,731.0,314.0,628.0,304.0,735.0,253.0,729.0,310.0,726.0,312.0
10746.jpg,0.34,701.0,300.0,704.0,260.0,706.0,278.0,706.0,278.0,704.0,260.0,724.0,341.0,685.0,321.0,695.0,324.0,707.0,342.0,703.0,342.0
10752.jpg,0.38,694.0,299.0,702.0,254.0,704.0,274.0,705.0,274.0,702.0,255.0,722.0,345.0,656.0,327.0,656.0,327.0,702.0,344.0,699.0,345.0
10758.jpg,0.575,672.5,301.0,619.0,318.0,633.0,326.0,706.0,275.0,702.0,250.0,724.0,350.0,677.0,353.0,730.0,323.0,718.0,347.0,715.0,345.0
10764.jpg,0.555,670.5,299.5,620.0,318.0,634.0,324.0,705.0,273.0,701.0,250.0,720.0,347.0,681.0,350.0,727.0,321.0,716.0,346.0,712.0,341.0
10770.jpg,0.545,668.5,292.0,620.0,314.0,700.0,267.0,701.0,267.0,699.0,244.0,714.0,336.0,622.0,314.0,724.0,314.0,695.0,340.0,692.0,341.0
10776.jpg,0.925,613.5,261.5,521.0,288.0,546.0,247.0,693.0,261.0,678.0,183.0,700.0,312.0,653.0,323.0,709.0,268.0,700.0,310.0,702.0,306.0
10782.jpg,0.725,614.5,269.5,526.0,254.0,558.0,262.0,679.0,259.0,682.0,240.0,677.0,323.0,633.0,326.0,689.0,275.0,674.0,325.0,672.0,325.0
10788.jpg,0.5,629.0,281.0,673.0,245.0,671.0,264.0,671.0,264.0,674.0,246.0,659.0,326.0,578.0,292.0,674.0,307.0,643.0,331.0,637.0,332.0
10794.jpg,0.475,639.5,303.5,592.0,312.0,608.0,321.0,681.0,281.0,683.0,261.0,672.0,345.0,631.0,346.0,684.0,326.0,666.0,350.0,661.0,352.0
10800.jpg,0.485,650.5,319.0,598.0,328.0,611.0,336.0,688.0,299.0,689.0,276.0,676.0,364.0,645.0,363.0,691.0,344.0,674.0,365.0,674.0,365.0
10806.jpg,0.535,628.5,296.5,578.0,303.0,590.0,311.0,672.0,273.0,675.0,253.0,661.0,343.0,626.0,341.0,674.0,324.0,661.0,345.0,661.0,345.0
10812.jpg,0.42,637.0,286.5,665.0,251.0,663.0,269.0,664.0,269.0,667.0,251.0,647.0,329.0,600.0,308.0,603.0,309.0,629.0,330.0,622.0,329.0
10818.jpg,0.415,633.5,279.5,662.0,249.0,659.0,266.0,660.0,266.0,664.0,249.0,643.0,323.0,591.0,298.0,660.0,311.0,624.0,325.0,617.0,323.0
10824.jpg,0.475,610.5,295.5,556.0,289.0,562.0,295.0,650.0,273.0,657.0,256.0,620.0,341.0,588.0,330.0,644.0,322.0,621.0,340.0,620.0,341.0
10830.jpg,0.505,582.5,306.0,530.0,274.0,540.0,290.0,626.0,287.0,636.0,270.0,572.0,346.0,551.0,333.0,592.0,335.0,572.0,347.0,571.0,347.0
10836.jpg,0.52,573.0,309.0,521.0,272.0,533.0,295.0,617.0,297.0,627.0,281.0,552.0,351.0,535.0,337.0,573.0,343.0,552.0,352.0,552.0,352.0
10842.jpg,0.515,565.5,318.5,515.0,273.0,525.0,297.0,605.0,308.0,619.0,290.0,535.0,369.0,522.0,349.0,557.0,361.0,535.0,370.0,535.0,369.0
10848.jpg,0.53,559.0,328.0,511.0,274.0,518.0,301.0,597.0,318.0,613.0,300.0,522.0,385.0,512.0,363.0,547.0,375.0,522.0,387.0,523.0,386.0
10854.jpg,0.575,552.5,331.5,508.0,272.0,514.0,300.0,593.0,321.0,610.0,304.0,514.0,393.0,504.0,370.0,547.0,382.0,515.0,394.0,515.0,393.0
10860.jpg,0.545,559.5,331.5,512.0,275.0,518.0,302.0,598.0,320.0,614.0,303.0,524.0,392.0,513.0,368.0,554.0,378.0,524.0,392.0,525.0,391.0
10866.jpg,0.535,562.5,331.5,513.0,276.0,521.0,302.0,601.0,320.0,618.0,302.0,528.0,391.0,517.0,368.0,560.0,377.0,529.0,391.0,531.0,390.0
10872.jpg,0.54,564.0,336.0,515.0,278.0,523.0,304.0,603.0,321.0,620.0,303.0,531.0,396.0,519.0,375.0,560.0,382.0,533.0,396.0,533.0,394.0
10878.jpg,0.545,563.5,336.5,515.0,278.0,522.0,305.0,603.0,322.0,619.0,305.0,533.0,397.0,520.0,373.0,559.0,385.0,533.0,397.0,535.0,394.0
10884.jpg,0.545,564.5,338.5,514.0,279.0,523.0,303.0,603.0,321.0,620.0,303.0,535.0,398.0,516.0,369.0,560.0,385.0,535.0,399.0,535.0,398.0
10890.jpg,0.545,565.5,337.5,515.0,280.0,523.0,303.0,605.0,320.0,621.0,303.0,538.0,396.0,523.0,377.0,563.0,384.0,539.0,397.0,539.0,397.0
10896.jpg,0.53,566.0,335.0,516.0,279.0,524.0,304.0,606.0,318.0,621.0,301.0,540.0,393.0,516.0,363.0,566.0,381.0,540.0,394.0,541.0,394.0
10902.jpg,0.53,567.0,335.5,516.0,281.0,525.0,303.0,607.0,318.0,623.0,300.0,541.0,392.0,519.0,362.0,571.0,377.0,542.0,393.0,542.0,393.0
10908.jpg,0.535,568.5,337.5,517.0,280.0,526.0,306.0,609.0,319.0,624.0,301.0,545.0,397.0,520.0,366.0,570.0,382.0,544.0,397.0,544.0,397.0
10914.jpg,0.54,570.0,339.0,518.0,283.0,528.0,308.0,612.0,320.0,626.0,302.0,550.0,399.0,525.0,369.0,574.0,384.0,550.0,399.0,549.0,398.0
10920.jpg,0.55,571.5,338.0,519.0,282.0,528.0,307.0,612.0,318.0,626.0,300.0,553.0,398.0,526.0,368.0,581.0,379.0,552.0,398.0,552.0,398.0
10926.jpg,0.545,571.5,337.5,519.0,282.0,529.0,307.0,612.0,317.0,627.0,299.0,553.0,397.0,528.0,367.0,578.0,383.0,553.0,397.0,553.0,397.0
10932.jpg,0.55,572.5,338.0,520.0,283.0,528.0,307.0,613.0,318.0,628.0,299.0,555.0,398.0,529.0,369.0,580.0,383.0,555.0,399.0,554.0,398.0
10938.jpg,0.55,572.5,338.0,519.0,282.0,528.0,307.0,614.0,318.0,628.0,299.0,555.0,397.0,531.0,370.0,581.0,383.0,555.0,399.0,555.0,399.0
10944.jpg,0.55,573.0,339.0,520.0,284.0,530.0,308.0,615.0,316.0,629.0,299.0,558.0,398.0,535.0,375.0,585.0,380.0,558.0,399.0,557.0,399.0
10950.jpg,0.555,573.0,340.5,519.0,284.0,530.0,308.0,615.0,318.0,629.0,299.0,558.0,400.0,534.0,373.0,585.0,383.0,558.0,402.0,558.0,401.0
10956.jpg,0.555,572.5,342.0,518.0,286.0,529.0,308.0,615.0,318.0,629.0,299.0,558.0,403.0,532.0,374.0,584.0,384.0,558.0,403.0,557.0,402.0
10962.jpg,0.55,572.0,341.0,519.0,285.0,529.0,309.0,614.0,317.0,628.0,299.0,558.0,401.0,532.0,373.0,585.0,383.0,558.0,402.0,558.0,401.0
10968.jpg,0.555,573.0,340.5,520.0,285.0,530.0,309.0,616.0,316.0,629.0,297.0,560.0,400.0,534.0,373.0,586.0,382.0,560.0,401.0,559.0,401.0
10974.jpg,0.56,574.0,340.0,520.0,285.0,531.0,308.0,617.0,316.0,630.0,297.0,562.0,399.0,535.0,372.0,589.0,379.0,561.0,399.0,561.0,400.0
10980.jpg,0.555,574.0,339.5,521.0,285.0,532.0,308.0,617.0,316.0,630.0,297.0,563.0,398.0,536.0,372.0,588.0,380.0,562.0,398.0,562.0,399.0
10986.jpg,0.55,575.0,340.0,522.0,285.0,532.0,309.0,617.0,316.0,631.0,296.0,562.0,398.0,538.0,373.0,588.0,380.0,562.0,399.0,561.0,399.0
10992.jpg,0.555,575.5,341.5,522.0,286.0,533.0,309.0,619.0,314.0,632.0,295.0,564.0,401.0,538.0,374.0,590.0,382.0,562.0,402.0,562.0,402.0
10998.jpg,0.56,574.5,344.0,522.0,288.0,532.0,311.0,619.0,316.0,632.0,296.0,566.0,404.0,537.0,376.0,590.0,386.0,565.0,405.0,565.0,405.0
11004.jpg,0.565,577.5,346.5,522.0,290.0,533.0,312.0,623.0,316.0,635.0,295.0,573.0,405.0,545.0,381.0,598.0,386.0,572.0,406.0,572.0,407.0
11010.jpg,0.565,578.0,344.5,524.0,290.0,535.0,312.0,622.0,315.0,634.0,295.0,574.0,402.0,542.0,373.0,599.0,384.0,574.0,402.0,574.0,400.0
11016.jpg,0.565,577.0,342.5,523.0,289.0,534.0,309.0,621.0,313.0,634.0,292.0,574.0,399.0,546.0,376.0,597.0,382.0,573.0,399.0,571.0,398.0
11022.jpg,0.565,578.5,342.5,524.0,288.0,534.0,309.0,624.0,312.0,636.0,291.0,575.0,400.0,545.0,376.0,598.0,382.0,574.0,400.0,573.0,401.0
11028.jpg,0.57,578.5,344.0,523.0,288.0,535.0,311.0,623.0,314.0,635.0,293.0,573.0,403.0,548.0,380.0,597.0,384.0,573.0,401.0,573.0,398.0
11034.jpg,0.565,578.0,343.5,524.0,288.0,535.0,310.0,622.0,314.0,634.0,293.0,572.0,401.0,548.0,378.0,597.0,382.0,572.0,400.0,572.0,398.0
11040.jpg,0.555,579.0,342.5,525.0,288.0,536.0,310.0,623.0,312.0,635.0,293.0,574.0,400.0,548.0,376.0,598.0,381.0,572.0,400.0,572.0,400.0
11046.jpg,0.55,580.0,342.0,525.0,288.0,537.0,310.0,624.0,312.0,636.0,291.0,575.0,399.0,546.0,373.0,600.0,380.0,574.0,398.0,574.0,399.0
11052.jpg,0.545,580.5,342.5,526.0,289.0,537.0,309.0,624.0,312.0,636.0,292.0,575.0,399.0,546.0,373.0,600.0,382.0,574.0,399.0,574.0,400.0
11058.jpg,0.55,580.5,343.0,526.0,288.0,536.0,310.0,625.0,312.0,636.0,292.0,576.0,400.0,547.0,375.0,601.0,382.0,576.0,399.0,575.0,400.0
11064.jpg,0.56,581.5,347.0,526.0,291.0,538.0,312.0,626.0,313.0,638.0,291.0,580.0,405.0,557.0,385.0,604.0,385.0,579.0,405.0,579.0,406.0
11070.jpg,0.565,584.5,347.5,528.0,294.0,539.0,315.0,630.0,311.0,641.0,290.0,588.0,407.0,556.0,379.0,615.0,383.0,588.0,407.0,587.0,408.0
11076.jpg,0.555,583.5,344.5,528.0,297.0,540.0,315.0,629.0,311.0,640.0,290.0,589.0,403.0,561.0,381.0,613.0,382.0,590.0,403.0,589.0,404.0
11082.jpg,0.56,585.0,343.0,529.0,295.0,540.0,313.0,631.0,310.0,642.0,288.0,590.0,401.0,564.0,381.0,620.0,376.0,592.0,401.0,592.0,402.0
11088.jpg,0.555,585.5,343.5,530.0,294.0,542.0,313.0,631.0,309.0,642.0,287.0,590.0,401.0,565.0,382.0,618.0,377.0,592.0,401.0,591.0,402.0
11094.jpg,0.56,584.5,345.0,529.0,292.0,541.0,313.0,630.0,310.0,641.0,288.0,587.0,403.0,563.0,382.0,610.0,382.0,588.0,400.0,589.0,395.0
11100.jpg,0.56,583.5,345.0,528.0,291.0,539.0,313.0,630.0,310.0,640.0,289.0,586.0,403.0,555.0,377.0,611.0,379.0,586.0,403.0,586.0,400.0
11106.jpg,0.555,583.5,343.0,527.0,290.0,539.0,312.0,629.0,309.0,640.0,289.0,585.0,400.0,562.0,381.0,606.0,381.0,585.0,401.0,585.0,403.0
11112.jpg,0.555,583.5,342.5,528.0,293.0,539.0,312.0,628.0,311.0,640.0,289.0,585.0,399.0,561.0,381.0,606.0,380.0,586.0,398.0,586.0,397.0
11118.jpg,0.55,582.0,343.0,527.0,291.0,538.0,311.0,628.0,310.0,638.0,289.0,582.0,399.0,559.0,379.0,606.0,379.0,583.0,398.0,582.0,396.0
11124.jpg,0.565,580.0,344.5,525.0,289.0,536.0,311.0,625.0,311.0,636.0,291.0,577.0,402.0,552.0,381.0,602.0,384.0,577.0,402.0,577.0,395.0
11130.jpg,0.57,574.0,346.0,517.0,288.0,529.0,311.0,621.0,315.0,633.0,295.0,564.0,405.0,544.0,384.0,591.0,387.0,565.0,406.0,567.0,397.0
11136.jpg,0.555,566.5,348.5,511.0,289.0,521.0,309.0,609.0,320.0,623.0,302.0,547.0,409.0,526.0,385.0,574.0,395.0,547.0,409.0,547.0,408.0
11142.jpg,0.56,563.5,349.0,510.0,289.0,519.0,310.0,606.0,322.0,620.0,303.0,542.0,409.0,524.0,387.0,573.0,395.0,542.0,410.0,542.0,409.0
11148.jpg,0.555,564.5,348.0,510.0,286.0,519.0,309.0,607.0,320.0,621.0,300.0,546.0,410.0,524.0,387.0,573.0,393.0,546.0,410.0,546.0,410.0
11154.jpg,0.55,566.5,347.0,513.0,288.0,521.0,309.0,609.0,320.0,622.0,300.0,551.0,409.0,521.0,375.0,578.0,389.0,551.0,408.0,551.0,406.0
11160.jpg,0.55,568.0,348.0,513.0,288.0,523.0,309.0,611.0,319.0,624.0,301.0,552.0,410.0,529.0,384.0,580.0,392.0,553.0,409.0,552.0,407.0
11166.jpg,0.55,569.5,347.0,515.0,288.0,524.0,308.0,611.0,319.0,625.0,300.0,555.0,410.0,533.0,385.0,582.0,392.0,555.0,408.0,555.0,408.0
11172.jpg,0.55,569.0,347.5,514.0,288.0,524.0,309.0,611.0,318.0,624.0,299.0,553.0,410.0,529.0,383.0,582.0,393.0,553.0,410.0,552.0,409.0
11178.jpg,0.55,569.0,347.0,514.0,289.0,524.0,308.0,611.0,319.0,625.0,300.0,553.0,409.0,531.0,385.0,582.0,390.0,553.0,408.0,552.0,406.0
11184.jpg,0.55,569.0,347.0,514.0,289.0,525.0,309.0,611.0,318.0,625.0,299.0,554.0,409.0,534.0,387.0,581.0,391.0,554.0,408.0,555.0,406.0
11190.jpg,0.55,569.0,346.5,514.0,288.0,524.0,309.0,611.0,317.0,625.0,298.0,556.0,408.0,532.0,382.0,581.0,393.0,556.0,409.0,556.0,408.0
11196.jpg,0.55,570.5,350.0,516.0,290.0,525.0,312.0,612.0,319.0,626.0,299.0,560.0,413.0,533.0,386.0,586.0,395.0,560.0,412.0,560.0,407.0
11202.jpg,0.56,574.5,349.0,520.0,292.0,532.0,312.0,619.0,317.0,634.0,298.0,571.0,411.0,534.0,378.0,596.0,389.0,570.0,411.0,570.0,409.0
11208.jpg,0.555,576.0,352.5,522.0,294.0,533.0,313.0,621.0,317.0,633.0,296.0,572.0,415.0,547.0,394.0,598.0,397.0,572.0,414.0,571.0,414.0
11214.jpg,0.555,577.5,352.5,522.0,294.0,533.0,313.0,622.0,316.0,634.0,296.0,573.0,414.0,548.0,390.0,600.0,393.0,573.0,414.0,572.0,414.0
11220.jpg,0.565,579.0,350.5,525.0,292.0,535.0,312.0,623.0,314.0,635.0,294.0,576.0,413.0,551.0,390.0,602.0,392.0,576.0,413.0,575.0,413.0
11226.jpg,0.565,580.0,350.5,525.0,292.0,536.0,312.0,624.0,314.0,635.0,294.0,577.0,411.0,552.0,390.0,602.0,393.0,576.0,413.0,576.0,413.0
11232.jpg,0.56,579.0,350.0,524.0,292.0,535.0,312.0,624.0,314.0,636.0,294.0,576.0,412.0,551.0,387.0,603.0,392.0,576.0,412.0,576.0,412.0
11238.jpg,0.565,579.0,349.5,524.0,291.0,535.0,312.0,623.0,314.0,635.0,293.0,576.0,412.0,550.0,388.0,603.0,389.0,576.0,412.0,576.0,411.0
11244.jpg,0.565,578.5,349.5,523.0,291.0,534.0,312.0,624.0,314.0,635.0,293.0,575.0,412.0,550.0,388.0,602.0,391.0,575.0,412.0,574.0,411.0
11250.jpg,0.565,578.5,349.5,523.0,291.0,534.0,312.0,624.0,314.0,635.0,294.0,576.0,412.0,549.0,388.0,601.0,392.0,575.0,412.0,575.0,411.0
11256.jpg,0.565,578.5,349.5,523.0,291.0,534.0,312.0,623.0,314.0,635.0,294.0,575.0,412.0,550.0,388.0,601.0,392.0,575.0,412.0,574.0,411.0
11262.jpg,0.56,577.5,348.0,524.0,290.0,535.0,312.0,622.0,315.0,634.0,294.0,574.0,410.0,546.0,385.0,598.0,393.0,573.0,410.0,572.0,409.0
11268.jpg,0.56,575.5,351.0,521.0,293.0,532.0,314.0,621.0,317.0,633.0,296.0,572.0,415.0,545.0,390.0,601.0,394.0,572.0,414.0,571.0,413.0
11274.jpg,0.56,577.5,349.0,523.0,292.0,534.0,312.0,623.0,315.0,634.0,295.0,577.0,409.0,552.0,392.0,603.0,389.0,575.0,411.0,575.0,410.0
11280.jpg,0.56,580.0,347.0,523.0,290.0,534.0,310.0,625.0,312.0,637.0,292.0,580.0,407.0,543.0,378.0,609.0,381.0,578.0,408.0,578.0,408.0
11286.jpg,0.56,578.5,348.0,524.0,292.0,535.0,311.0,624.0,312.0,635.0,292.0,576.0,409.0,553.0,391.0,603.0,394.0,576.0,410.0,576.0,410.0
11292.jpg,0.57,576.5,349.0,521.0,290.0,533.0,311.0,622.0,312.0,633.0,292.0,572.0,411.0,547.0,391.0,598.0,398.0,572.0,412.0,572.0,414.0
11298.jpg,0.575,575.0,354.5,521.0,293.0,532.0,311.0,622.0,314.0,633.0,295.0,569.0,420.0,543.0,396.0,597.0,405.0,569.0,420.0,569.0,421.0
11304.jpg,0.575,576.0,349.5,521.0,289.0,530.0,308.0,622.0,312.0,633.0,292.0,571.0,415.0,544.0,392.0,600.0,394.0,570.0,413.0,570.0,415.0
11310.jpg,0.575,576.0,348.5,521.0,289.0,532.0,309.0,622.0,311.0,633.0,291.0,573.0,412.0,547.0,392.0,598.0,397.0,573.0,412.0,571.0,412.0
11316.jpg,0.565,577.5,348.5,521.0,289.0,532.0,309.0,623.0,311.0,634.0,291.0,574.0,412.0,548.0,391.0,601.0,394.0,574.0,411.0,573.0,411.0
11322.jpg,0.56,577.0,349.0,522.0,290.0,533.0,308.0,623.0,312.0,634.0,292.0,573.0,412.0,549.0,392.0,599.0,396.0,573.0,412.0,571.0,411.0
11328.jpg,0.585,576.5,354.5,522.0,290.0,534.0,310.0,622.0,312.0,634.0,294.0,574.0,421.0,546.0,396.0,599.0,404.0,573.0,420.0,573.0,420.0
11334.jpg,0.59,577.0,355.0,520.0,286.0,534.0,303.0,621.0,308.0,636.0,288.0,569.0,428.0,544.0,406.0,601.0,407.0,569.0,428.0,569.0,428.0
11340.jpg,0.595,578.5,352.5,523.0,282.0,539.0,299.0,623.0,302.0,638.0,283.0,573.0,426.0,545.0,406.0,602.0,413.0,573.0,426.0,573.0,426.0
11346.jpg,0.58,580.0,351.0,526.0,285.0,540.0,303.0,626.0,303.0,639.0,284.0,582.0,423.0,552.0,399.0,611.0,400.0,579.0,423.0,579.0,423.0
11352.jpg,0.585,581.5,349.5,525.0,285.0,540.0,303.0,626.0,303.0,639.0,282.0,581.0,422.0,552.0,394.0,610.0,399.0,581.0,422.0,581.0,422.0
11358.jpg,0.585,582.5,347.5,526.0,286.0,541.0,303.0,627.0,302.0,640.0,282.0,584.0,420.0,555.0,394.0,609.0,399.0,584.0,416.0,582.0,413.0
11364.jpg,0.585,583.0,347.5,527.0,286.0,542.0,303.0,627.0,302.0,641.0,281.0,585.0,420.0,558.0,397.0,611.0,397.0,584.0,416.0,583.0,414.0
11370.jpg,0.58,583.0,347.0,527.0,286.0,542.0,303.0,628.0,303.0,641.0,281.0,582.0,419.0,553.0,392.0,614.0,396.0,585.0,419.0,585.0,419.0
11376.jpg,0.58,583.0,347.0,527.0,287.0,542.0,303.0,629.0,302.0,641.0,281.0,585.0,419.0,553.0,391.0,614.0,396.0,585.0,419.0,585.0,419.0
11382.jpg,0.58,583.0,347.0,527.0,287.0,542.0,304.0,629.0,302.0,642.0,281.0,587.0,419.0,555.0,391.0,614.0,396.0,585.0,419.0,585.0,419.0
11388.jpg,0.585,583.5,347.5,529.0,287.0,542.0,304.0,629.0,302.0,642.0,281.0,587.0,420.0,553.0,389.0,613.0,398.0,587.0,420.0,585.0,420.0
11394.jpg,0.585,584.0,346.5,528.0,286.0,543.0,304.0,628.0,302.0,642.0,281.0,588.0,419.0,554.0,390.0,615.0,394.0,586.0,419.0,586.0,419.0
11400.jpg,0.58,584.5,346.0,528.0,286.0,543.0,305.0,630.0,302.0,642.0,281.0,588.0,418.0,556.0,391.0,615.0,394.0,586.0,418.0,586.0,418.0
11406.jpg,0.57,584.5,342.0,529.0,283.0,542.0,303.0,630.0,301.0,641.0,281.0,587.0,409.0,558.0,385.0,610.0,390.0,587.0,410.0,586.0,413.0
11412.jpg,0.59,586.5,337.0,541.0,283.0,547.0,294.0,636.0,297.0,646.0,276.0,599.0,399.0,571.0,385.0,629.0,374.0,599.0,400.0,599.0,401.0
11418.jpg,0.515,593.5,314.5,540.0,287.0,544.0,294.0,638.0,285.0,647.0,266.0,601.0,362.0,570.0,351.0,623.0,348.0,601.0,362.0,601.0,362.0
11424.jpg,0.475,600.5,309.0,549.0,273.0,548.0,289.0,640.0,284.0,649.0,265.0,606.0,353.0,575.0,342.0,626.0,336.0,605.0,354.0,605.0,354.0
11430.jpg,0.505,594.5,305.0,540.0,281.0,545.0,290.0,637.0,282.0,646.0,264.0,598.0,351.0,566.0,335.0,618.0,337.0,597.0,351.0,596.0,351.0
11436.jpg,0.535,592.5,310.5,537.0,280.0,550.0,296.0,638.0,284.0,646.0,266.0,592.0,357.0,568.0,345.0,614.0,341.0,592.0,356.0,591.0,357.0
11442.jpg,0.54,580.0,323.0,527.0,281.0,538.0,296.0,627.0,294.0,636.0,277.0,569.0,376.0,550.0,355.0,594.0,360.0,569.0,376.0,570.0,375.0
11448.jpg,0.555,579.0,326.5,523.0,277.0,532.0,294.0,624.0,297.0,635.0,281.0,571.0,381.0,549.0,362.0,594.0,367.0,570.0,382.0,570.0,380.0
11454.jpg,0.565,577.0,347.5,522.0,289.0,534.0,306.0,621.0,309.0,634.0,291.0,564.0,411.0,541.0,390.0,598.0,392.0,565.0,413.0,565.0,413.0
11460.jpg,0.555,576.5,336.5,522.0,287.0,532.0,299.0,622.0,302.0,633.0,286.0,562.0,388.0,540.0,369.0,589.0,377.0,561.0,391.0,561.0,392.0
11466.jpg,0.56,575.5,336.0,521.0,280.0,532.0,299.0,621.0,304.0,632.0,287.0,563.0,393.0,533.0,364.0,590.0,378.0,562.0,395.0,561.0,396.0
11472.jpg,0.545,580.5,329.5,526.0,282.0,536.0,298.0,625.0,300.0,635.0,282.0,571.0,382.0,550.0,366.0,593.0,372.0,571.0,383.0,571.0,383.0
11478.jpg,0.53,576.0,321.0,523.0,280.0,533.0,295.0,622.0,298.0,632.0,280.0,567.0,370.0,543.0,351.0,590.0,356.0,566.0,370.0,566.0,370.0
11484.jpg,0.53,574.5,315.0,523.0,276.0,531.0,292.0,619.0,295.0,629.0,276.0,563.0,363.0,539.0,347.0,586.0,350.0,561.0,363.0,560.0,363.0
11490.jpg,0.515,577.5,309.5,525.0,275.0,535.0,291.0,623.0,290.0,633.0,273.0,568.0,352.0,547.0,340.0,592.0,340.0,568.0,353.0,568.0,352.0
11496.jpg,0.535,583.5,300.5,528.0,271.0,536.0,282.0,630.0,279.0,639.0,262.0,588.0,344.0,564.0,335.0,612.0,328.0,587.0,344.0,586.0,343.0
11502.jpg,0.49,594.0,297.5,537.0,276.0,543.0,286.0,635.0,276.0,644.0,259.0,598.0,339.0,572.0,330.0,627.0,320.0,599.0,338.0,599.0,338.0
11508.jpg,0.44,605.0,291.5,648.0,253.0,554.0,270.0,640.0,272.0,648.0,255.0,610.0,332.0,573.0,304.0,630.0,318.0,606.0,332.0,602.0,335.0
11514.jpg,0.525,597.5,302.5,542.0,280.0,551.0,292.0,642.0,279.0,649.0,259.0,612.0,347.0,586.0,341.0,629.0,331.0,611.0,349.0,611.0,349.0
11520.jpg,0.515,598.5,306.0,543.0,279.0,553.0,293.0,643.0,280.0,651.0,260.0,609.0,353.0,585.0,345.0,629.0,336.0,609.0,353.0,609.0,353.0
11526.jpg,0.535,594.0,313.5,539.0,280.0,550.0,295.0,640.0,283.0,647.0,263.0,600.0,363.0,580.0,351.0,618.0,349.0,600.0,364.0,600.0,364.0
11532.jpg,0.545,592.5,313.5,537.0,280.0,549.0,295.0,638.0,285.0,647.0,266.0,603.0,363.0,580.0,349.0,623.0,345.0,603.0,363.0,603.0,363.0
11538.jpg,0.545,593.0,319.5,539.0,283.0,549.0,297.0,639.0,288.0,648.0,265.0,605.0,369.0,582.0,357.0,625.0,352.0,604.0,369.0,605.0,369.0
11544.jpg,0.54,593.0,317.0,539.0,282.0,551.0,297.0,639.0,286.0,648.0,265.0,605.0,370.0,582.0,355.0,624.0,354.0,605.0,369.0,605.0,367.0
11550.jpg,0.55,593.0,316.5,539.0,281.0,550.0,296.0,639.0,285.0,648.0,264.0,605.0,368.0,582.0,354.0,625.0,351.0,605.0,367.0,604.0,367.0
11556.jpg,0.54,594.0,315.5,540.0,282.0,551.0,296.0,640.0,286.0,649.0,263.0,606.0,368.0,582.0,353.0,625.0,352.0,606.0,368.0,606.0,366.0
11562.jpg,0.54,598.5,315.0,546.0,286.0,554.0,296.0,646.0,280.0,652.0,259.0,621.0,371.0,595.0,359.0,643.0,343.0,622.0,372.0,620.0,361.0
11568.jpg,0.63,629.0,314.0,570.0,292.0,590.0,303.0,666.0,268.0,671.0,245.0,671.0,382.0,636.0,377.0,688.0,356.0,669.0,379.0,666.0,370.0
11574.jpg,0.605,584.0,326.5,526.0,265.0,541.0,283.0,626.0,278.0,641.0,258.0,590.0,401.0,552.0,377.0,626.0,383.0,591.0,397.0,591.0,393.0
11580.jpg,0.605,572.0,323.5,519.0,251.0,531.0,268.0,614.0,282.0,632.0,263.0,551.0,394.0,521.0,373.0,585.0,392.0,555.0,393.0,555.0,392.0
11586.jpg,0.57,564.0,324.0,513.0,256.0,522.0,275.0,602.0,297.0,622.0,279.0,523.0,395.0,508.0,373.0,568.0,389.0,532.0,395.0,534.0,393.0
11592.jpg,0.58,565.5,326.0,517.0,258.0,526.0,282.0,605.0,303.0,624.0,285.0,526.0,398.0,509.0,374.0,565.0,391.0,533.0,398.0,534.0,396.0
11598.jpg,0.54,575.5,324.0,525.0,266.0,533.0,289.0,614.0,303.0,630.0,286.0,543.0,387.0,527.0,361.0,580.0,372.0,545.0,387.0,545.0,385.0
11604.jpg,0.535,574.0,312.5,526.0,259.0,533.0,284.0,614.0,297.0,628.0,278.0,544.0,370.0,529.0,347.0,584.0,352.0,545.0,371.0,544.0,371.0
11610.jpg,0.555,561.5,307.0,520.0,258.0,526.0,284.0,604.0,299.0,619.0,281.0,524.0,358.0,512.0,337.0,547.0,352.0,522.0,360.0,522.0,360.0
11616.jpg,0.59,554.0,308.5,516.0,255.0,522.0,282.0,599.0,302.0,614.0,284.0,510.0,361.0,503.0,334.0,553.0,349.0,512.0,363.0,529.0,357.0
11622.jpg,0.635,531.5,304.0,508.0,242.0,512.0,278.0,582.0,308.0,600.0,295.0,479.0,370.0,476.0,340.0,525.0,363.0,482.0,371.0,482.0,372.0
11628.jpg,0.67,519.0,316.0,498.0,253.0,499.0,290.0,567.0,322.0,587.0,309.0,464.0,383.0,463.0,351.0,506.0,376.0,468.0,381.0,468.0,380.0
11634.jpg,0.63,522.0,327.5,495.0,267.0,496.0,302.0,569.0,331.0,587.0,315.0,473.0,393.0,468.0,364.0,512.0,383.0,475.0,394.0,474.0,394.0
11640.jpg,0.63,524.0,326.5,496.0,266.0,498.0,298.0,572.0,328.0,589.0,313.0,477.0,392.0,472.0,355.0,513.0,383.0,477.0,393.0,477.0,394.0
11646.jpg,0.62,526.0,327.5,497.0,267.0,499.0,297.0,573.0,326.0,591.0,312.0,482.0,390.0,474.0,356.0,521.0,381.0,481.0,392.0,481.0,392.0
11652.jpg,0.62,528.0,327.5,498.0,267.0,500.0,298.0,575.0,326.0,593.0,310.0,486.0,392.0,477.0,361.0,521.0,382.0,484.0,393.0,484.0,393.0
11658.jpg,0.61,530.0,328.0,497.0,267.0,501.0,298.0,575.0,326.0,594.0,311.0,487.0,392.0,481.0,359.0,516.0,384.0,487.0,393.0,487.0,393.0
11664.jpg,0.615,531.5,328.5,498.0,267.0,501.0,298.0,577.0,326.0,594.0,312.0,488.0,392.0,480.0,363.0,525.0,380.0,487.0,393.0,486.0,393.0
11670.jpg,0.615,532.5,329.5,498.0,268.0,502.0,298.0,577.0,326.0,595.0,310.0,490.0,392.0,480.0,364.0,519.0,383.0,489.0,393.0,489.0,393.0
11676.jpg,0.615,533.5,330.5,499.0,268.0,502.0,299.0,578.0,327.0,596.0,310.0,491.0,392.0,481.0,365.0,518.0,386.0,490.0,394.0,490.0,394.0
11682.jpg,0.615,534.5,330.5,498.0,269.0,502.0,299.0,578.0,327.0,596.0,310.0,492.0,392.0,483.0,366.0,520.0,384.0,491.0,394.0,491.0,394.0
11688.jpg,0.615,535.5,331.5,499.0,269.0,504.0,299.0,580.0,325.0,597.0,310.0,495.0,393.0,484.0,367.0,521.0,385.0,495.0,394.0,495.0,395.0
11694.jpg,0.61,537.0,332.5,499.0,270.0,505.0,300.0,580.0,326.0,598.0,310.0,498.0,393.0,484.0,368.0,524.0,384.0,498.0,393.0,498.0,391.0
11700.jpg,0.605,538.0,333.5,500.0,271.0,505.0,300.0,580.0,326.0,598.0,310.0,499.0,394.0,487.0,369.0,526.0,385.0,499.0,395.0,498.0,392.0
11706.jpg,0.6,539.0,333.5,500.0,272.0,505.0,301.0,582.0,326.0,599.0,310.0,499.0,393.0,487.0,369.0,525.0,386.0,499.0,396.0,499.0,396.0
11712.jpg,0.605,539.5,333.5,502.0,272.0,505.0,300.0,583.0,326.0,600.0,310.0,500.0,394.0,487.0,368.0,526.0,385.0,500.0,395.0,500.0,392.0
11718.jpg,0.605,540.0,333.5,502.0,272.0,506.0,300.0,584.0,326.0,600.0,309.0,502.0,394.0,489.0,369.0,528.0,385.0,502.0,396.0,502.0,392.0
11724.jpg,0.595,541.5,334.5,502.0,273.0,507.0,301.0,583.0,326.0,601.0,309.0,503.0,394.0,490.0,369.0,529.0,386.0,503.0,396.0,503.0,396.0
11730.jpg,0.595,544.5,334.5,503.0,274.0,507.0,302.0,586.0,326.0,603.0,310.0,508.0,395.0,492.0,369.0,541.0,383.0,507.0,396.0,507.0,397.0
11736.jpg,0.58,547.5,335.0,506.0,276.0,511.0,303.0,589.0,327.0,606.0,310.0,513.0,396.0,496.0,373.0,543.0,386.0,512.0,397.0,512.0,398.0
11742.jpg,0.575,552.0,336.5,507.0,278.0,514.0,304.0,592.0,326.0,609.0,308.0,518.0,397.0,503.0,375.0,547.0,386.0,519.0,398.0,518.0,399.0
11748.jpg,0.56,557.0,337.0,510.0,279.0,515.0,305.0,596.0,326.0,613.0,310.0,524.0,397.0,508.0,376.0,553.0,386.0,524.0,398.0,523.0,398.0
11754.jpg,0.555,557.5,336.5,510.0,279.0,516.0,305.0,596.0,326.0,613.0,308.0,525.0,396.0,509.0,377.0,553.0,385.0,525.0,398.0,524.0,398.0
11760.jpg,0.55,559.5,337.0,511.0,279.0,518.0,306.0,597.0,325.0,614.0,308.0,527.0,396.0,509.0,376.0,555.0,385.0,527.0,397.0,526.0,398.0
11766.jpg,0.545,560.5,338.5,513.0,280.0,518.0,305.0,599.0,325.0,616.0,308.0,530.0,396.0,513.0,375.0,556.0,384.0,530.0,397.0,529.0,398.0
11772.jpg,0.545,559.5,337.5,512.0,280.0,518.0,306.0,599.0,324.0,615.0,308.0,530.0,395.0,511.0,374.0,555.0,384.0,529.0,397.0,529.0,398.0
11778.jpg,0.545,561.0,337.5,512.0,280.0,518.0,306.0,600.0,324.0,616.0,308.0,531.0,395.0,511.0,374.0,558.0,383.0,530.0,397.0,529.0,398.0
11784.jpg,0.545,560.0,337.5,512.0,278.0,518.0,306.0,599.0,324.0,616.0,307.0,530.0,395.0,512.0,375.0,557.0,384.0,529.0,396.0,528.0,397.0
11790.jpg,0.54,561.0,337.0,514.0,279.0,519.0,305.0,600.0,323.0,617.0,306.0,532.0,395.0,512.0,374.0,560.0,382.0,532.0,396.0,530.0,396.0
11796.jpg,0.55,561.5,337.0,513.0,279.0,520.0,306.0,601.0,323.0,617.0,307.0,532.0,395.0,513.0,375.0,558.0,383.0,532.0,396.0,530.0,397.0
11802.jpg,0.545,562.5,336.5,515.0,280.0,520.0,306.0,602.0,323.0,618.0,307.0,534.0,395.0,516.0,374.0,559.0,383.0,533.0,396.0,532.0,395.0
11808.jpg,0.545,562.5,337.5,515.0,280.0,520.0,306.0,601.0,324.0,617.0,307.0,534.0,396.0,515.0,374.0,560.0,384.0,533.0,397.0,532.0,397.0
11814.jpg,0.545,562.5,337.0,515.0,279.0,520.0,305.0,602.0,323.0,617.0,306.0,535.0,396.0,514.0,372.0,561.0,384.0,535.0,397.0,534.0,397.0
11820.jpg,0.54,563.0,337.0,514.0,280.0,521.0,305.0,603.0,323.0,619.0,306.0,536.0,396.0,516.0,374.0,561.0,384.0,534.0,397.0,534.0,397.0
11826.jpg,0.545,563.5,336.5,515.0,280.0,521.0,306.0,603.0,323.0,618.0,306.0,537.0,395.0,516.0,372.0,563.0,382.0,536.0,396.0,537.0,396.0
11832.jpg,0.54,564.0,337.0,515.0,280.0,522.0,305.0,604.0,322.0,619.0,306.0,539.0,396.0,517.0,373.0,565.0,382.0,538.0,397.0,538.0,397.0
11838.jpg,0.54,567.0,340.0,517.0,282.0,524.0,306.0,607.0,322.0,622.0,305.0,544.0,399.0,521.0,371.0,566.0,387.0,543.0,400.0,543.0,400.0
11844.jpg,0.54,566.0,339.0,516.0,282.0,523.0,307.0,606.0,322.0,621.0,304.0,543.0,399.0,520.0,367.0,570.0,384.0,543.0,399.0,543.0,398.0
11850.jpg,0.53,567.0,340.0,516.0,281.0,524.0,306.0,605.0,322.0,622.0,304.0,544.0,398.0,527.0,379.0,570.0,384.0,544.0,399.0,543.0,399.0
11856.jpg,0.535,568.5,340.5,516.0,282.0,525.0,306.0,608.0,321.0,624.0,303.0,545.0,401.0,525.0,377.0,573.0,385.0,545.0,400.0,545.0,399.0
11862.jpg,0.535,567.5,338.5,516.0,282.0,524.0,305.0,607.0,320.0,623.0,302.0,544.0,398.0,526.0,377.0,572.0,383.0,544.0,398.0,544.0,398.0
11868.jpg,0.545,568.5,340.5,517.0,281.0,525.0,305.0,608.0,320.0,623.0,303.0,546.0,402.0,527.0,380.0,572.0,388.0,545.0,401.0,545.0,400.0
11874.jpg,0.54,569.0,340.0,517.0,281.0,525.0,305.0,609.0,321.0,624.0,303.0,547.0,401.0,524.0,376.0,573.0,386.0,546.0,400.0,545.0,400.0
11880.jpg,0.54,567.0,340.0,516.0,280.0,524.0,306.0,608.0,321.0,623.0,302.0,545.0,402.0,524.0,378.0,571.0,390.0,545.0,402.0,545.0,400.0
11886.jpg,0.54,569.0,340.0,517.0,280.0,525.0,305.0,609.0,320.0,625.0,302.0,548.0,400.0,526.0,376.0,573.0,386.0,547.0,400.0,547.0,399.0
11892.jpg,0.545,568.5,343.5,518.0,282.0,525.0,306.0,609.0,321.0,624.0,304.0,547.0,405.0,528.0,385.0,576.0,390.0,547.0,405.0,546.0,404.0
11898.jpg,0.545,570.0,342.5,517.0,284.0,526.0,306.0,611.0,319.0,624.0,302.0,548.0,402.0,525.0,378.0,576.0,389.0,548.0,403.0,547.0,404.0
11904.jpg,0.54,576.5,339.0,523.0,285.0,533.0,308.0,620.0,314.0,631.0,296.0,563.0,397.0,537.0,375.0,590.0,382.0,563.0,398.0,562.0,399.0
11910.jpg,0.555,588.5,335.0,534.0,288.0,544.0,305.0,634.0,304.0,645.0,284.0,590.0,387.0,560.0,369.0,609.0,373.0,588.0,386.0,588.0,386.0
11916.jpg,0.53,607.0,331.0,554.0,298.0,568.0,312.0,654.0,295.0,661.0,275.0,624.0,386.0,586.0,368.0,643.0,363.0,623.0,386.0,621.0,386.0
11922.jpg,0.58,636.0,299.0,578.0,294.0,592.0,303.0,674.0,265.0,679.0,243.0,674.0,352.0,646.0,351.0,688.0,328.0,672.0,351.0,670.0,350.0
11928.jpg,0.555,663.5,289.5,607.0,304.0,620.0,310.0,693.0,260.0,692.0,236.0,709.0,339.0,662.0,339.0,715.0,312.0,704.0,337.0,702.0,331.0
11934.jpg,0.31,711.0,262.0,702.0,225.0,708.0,240.0,708.0,239.0,704.0,224.0,738.0,299.0,698.0,288.0,738.0,279.0,719.0,300.0,717.0,301.0
11940.jpg,0.3,716.5,259.0,707.0,223.0,714.0,238.0,714.0,237.0,707.0,223.0,739.0,296.0,701.0,283.0,703.0,283.0,727.0,296.0,723.0,296.0
11946.jpg,0.49,698.0,265.0,709.0,222.0,715.0,241.0,716.0,240.0,709.0,221.0,747.0,306.0,675.0,307.0,649.0,300.0,685.0,316.0,681.0,316.0
11952.jpg,0.535,691.5,265.5,637.0,296.0,655.0,302.0,714.0,240.0,709.0,221.0,744.0,309.0,707.0,223.0,744.0,275.0,729.0,312.0,721.0,315.0
11958.jpg,0.535,691.5,266.0,637.0,296.0,654.0,303.0,714.0,242.0,708.0,222.0,744.0,310.0,688.0,318.0,744.0,275.0,736.0,306.0,731.0,308.0
11964.jpg,0.535,691.5,267.5,638.0,298.0,655.0,304.0,714.0,241.0,708.0,222.0,743.0,312.0,689.0,321.0,745.0,277.0,734.0,309.0,735.0,307.0
11970.jpg,0.545,690.5,268.0,637.0,297.0,655.0,303.0,715.0,242.0,709.0,222.0,744.0,313.0,694.0,321.0,744.0,278.0,738.0,308.0,737.0,307.0
11976.jpg,0.535,690.5,268.0,637.0,297.0,655.0,305.0,715.0,243.0,709.0,222.0,744.0,313.0,688.0,321.0,744.0,277.0,736.0,309.0,736.0,308.0
11982.jpg,0.54,690.0,268.5,637.0,297.0,656.0,303.0,715.0,243.0,710.0,222.0,744.0,313.0,693.0,321.0,746.0,279.0,736.0,309.0,736.0,309.0
11988.jpg,0.535,689.5,269.0,637.0,298.0,656.0,305.0,715.0,243.0,709.0,222.0,744.0,313.0,694.0,322.0,744.0,280.0,735.0,309.0,735.0,309.0
11994.jpg,0.535,689.5,269.0,636.0,298.0,655.0,305.0,715.0,244.0,710.0,223.0,743.0,314.0,693.0,322.0,745.0,279.0,734.0,312.0,731.0,311.0
12000.jpg,0.54,689.0,270.0,636.0,298.0,656.0,305.0,714.0,245.0,710.0,224.0,743.0,314.0,693.0,323.0,745.0,282.0,736.0,310.0,736.0,310.0
12006.jpg,0.535,689.5,269.0,636.0,298.0,655.0,305.0,715.0,244.0,709.0,223.0,743.0,314.0,693.0,322.0,744.0,280.0,735.0,311.0,731.0,311.0
12012.jpg,0.535,688.5,270.0,635.0,298.0,655.0,304.0,715.0,244.0,709.0,223.0,743.0,314.0,693.0,323.0,744.0,281.0,734.0,314.0,733.0,311.0
12018.jpg,0.54,688.0,271.0,635.0,298.0,656.0,306.0,714.0,245.0,709.0,224.0,742.0,316.0,697.0,325.0,744.0,284.0,733.0,312.0,733.0,311.0
12024.jpg,0.545,688.5,270.5,635.0,298.0,655.0,305.0,714.0,245.0,710.0,224.0,741.0,315.0,695.0,324.0,744.0,283.0,736.0,314.0,732.0,311.0
12030.jpg,0.54,688.0,271.0,635.0,298.0,655.0,305.0,714.0,246.0,709.0,225.0,741.0,317.0,695.0,325.0,744.0,285.0,734.0,314.0,732.0,312.0
12036.jpg,0.54,688.0,271.0,635.0,298.0,655.0,306.0,713.0,246.0,709.0,224.0,742.0,316.0,693.0,325.0,744.0,284.0,734.0,313.0,733.0,312.0
12042.jpg,0.535,687.5,271.0,635.0,299.0,654.0,305.0,714.0,245.0,709.0,224.0,741.0,318.0,691.0,324.0,744.0,280.0,728.0,316.0,726.0,317.0
12048.jpg,0.54,688.0,271.5,635.0,299.0,655.0,305.0,714.0,245.0,709.0,224.0,741.0,318.0,696.0,325.0,744.0,284.0,733.0,315.0,730.0,313.0
12054.jpg,0.54,688.0,271.5,635.0,299.0,654.0,305.0,714.0,245.0,709.0,224.0,741.0,317.0,701.0,324.0,744.0,283.0,732.0,315.0,730.0,314.0
12060.jpg,0.54,687.0,272.0,634.0,299.0,654.0,307.0,714.0,247.0,708.0,225.0,741.0,317.0,693.0,326.0,743.0,286.0,732.0,314.0,732.0,313.0
12066.jpg,0.54,687.0,272.0,635.0,299.0,654.0,306.0,714.0,247.0,708.0,225.0,740.0,318.0,694.0,326.0,743.0,286.0,732.0,314.0,732.0,312.0
12072.jpg,0.545,687.5,272.0,634.0,300.0,653.0,306.0,713.0,245.0,709.0,224.0,740.0,318.0,696.0,325.0,742.0,285.0,732.0,313.0,731.0,312.0
12078.jpg,0.54,687.0,273.5,634.0,299.0,653.0,306.0,713.0,246.0,709.0,225.0,740.0,318.0,695.0,326.0,743.0,285.0,734.0,317.0,732.0,314.0
12084.jpg,0.54,686.0,273.0,634.0,300.0,654.0,306.0,713.0,248.0,708.0,226.0,739.0,319.0,697.0,327.0,743.0,286.0,733.0,316.0,732.0,313.0
12090.jpg,0.545,686.5,273.5,633.0,299.0,652.0,306.0,713.0,246.0,707.0,226.0,739.0,318.0,696.0,327.0,742.0,287.0,734.0,316.0,730.0,314.0
12096.jpg,0.55,686.0,273.5,633.0,299.0,653.0,306.0,713.0,246.0,707.0,225.0,739.0,320.0,695.0,327.0,742.0,289.0,734.0,318.0,731.0,314.0
12102.jpg,0.545,687.0,275.5,634.0,300.0,653.0,306.0,713.0,247.0,708.0,227.0,739.0,320.0,695.0,329.0,742.0,289.0,736.0,319.0,731.0,315.0
12108.jpg,0.555,686.5,275.5,632.0,300.0,652.0,307.0,712.0,247.0,707.0,227.0,737.0,321.0,695.0,329.0,742.0,288.0,732.0,317.0,731.0,316.0
12114.jpg,0.55,685.0,276.0,632.0,301.0,652.0,307.0,712.0,248.0,706.0,227.0,739.0,321.0,695.0,329.0,741.0,289.0,732.0,316.0,731.0,316.0
12120.jpg,0.55,686.0,276.0,633.0,301.0,652.0,307.0,712.0,247.0,707.0,227.0,739.0,321.0,695.0,329.0,742.0,289.0,735.0,320.0,730.0,317.0
12126.jpg,0.555,686.0,275.5,633.0,300.0,651.0,307.0,712.0,247.0,708.0,227.0,737.0,322.0,694.0,329.0,741.0,290.0,731.0,317.0,731.0,317.0
12132.jpg,0.55,685.0,276.5,633.0,301.0,652.0,308.0,712.0,247.0,708.0,227.0,738.0,323.0,694.0,329.0,741.0,290.0,734.0,321.0,732.0,317.0
12138.jpg,0.54,686.0,276.0,633.0,302.0,651.0,308.0,711.0,249.0,707.0,227.0,738.0,322.0,691.0,330.0,741.0,294.0,731.0,320.0,729.0,317.0
12144.jpg,0.55,685.0,276.0,630.0,302.0,648.0,308.0,711.0,248.0,705.0,228.0,737.0,323.0,690.0,331.0,740.0,295.0,727.0,323.0,726.0,321.0
12150.jpg,0.545,679.5,285.5,625.0,302.0,642.0,310.0,709.0,249.0,703.0,231.0,729.0,332.0,683.0,334.0,734.0,296.0,722.0,325.0,720.0,325.0
12156.jpg,0.58,639.0,301.5,583.0,292.0,599.0,303.0,681.0,260.0,683.0,243.0,679.0,356.0,653.0,350.0,689.0,332.0,676.0,354.0,674.0,352.0
12162.jpg,0.535,610.0,299.5,556.0,278.0,569.0,290.0,656.0,263.0,662.0,245.0,634.0,350.0,611.0,339.0,648.0,332.0,634.0,349.0,633.0,349.0
12168.jpg,0.51,612.5,296.0,558.0,281.0,567.0,290.0,655.0,266.0,661.0,247.0,634.0,343.0,604.0,334.0,654.0,322.0,634.0,342.0,635.0,343.0
12174.jpg,0.525,615.5,294.5,559.0,279.0,572.0,291.0,660.0,262.0,665.0,242.0,645.0,343.0,622.0,338.0,661.0,322.0,645.0,344.0,644.0,344.0
12180.jpg,0.54,618.0,293.5,562.0,279.0,577.0,290.0,662.0,258.0,668.0,239.0,654.0,343.0,627.0,339.0,666.0,322.0,652.0,342.0,652.0,343.0
12186.jpg,0.565,619.0,290.5,563.0,275.0,578.0,287.0,663.0,253.0,668.0,233.0,659.0,347.0,628.0,339.0,673.0,318.0,660.0,346.0,651.0,338.0
12192.jpg,0.555,613.5,297.5,559.0,277.0,570.0,287.0,659.0,255.0,663.0,237.0,647.0,355.0,611.0,340.0,663.0,327.0,647.0,355.0,644.0,344.0
12198.jpg,0.59,580.0,330.0,522.0,267.0,537.0,284.0,625.0,284.0,639.0,265.0,576.0,397.0,548.0,371.0,605.0,378.0,576.0,397.0,576.0,393.0
12204.jpg,0.6,559.5,333.0,506.0,261.0,517.0,281.0,598.0,301.0,620.0,280.0,531.0,407.0,507.0,384.0,571.0,393.0,533.0,407.0,535.0,406.0
12210.jpg,0.595,562.5,324.5,509.0,254.0,521.0,272.0,602.0,294.0,622.0,274.0,529.0,398.0,504.0,380.0,568.0,393.0,534.0,398.0,536.0,398.0
12216.jpg,0.59,560.0,332.0,507.0,262.0,518.0,284.0,599.0,303.0,619.0,284.0,527.0,405.0,502.0,384.0,566.0,398.0,532.0,405.0,532.0,405.0
12222.jpg,0.595,561.0,334.5,507.0,264.0,519.0,284.0,600.0,303.0,621.0,283.0,532.0,408.0,503.0,384.0,570.0,397.0,535.0,408.0,537.0,408.0
12228.jpg,0.605,568.5,333.0,514.0,261.0,527.0,281.0,610.0,296.0,630.0,274.0,547.0,408.0,516.0,385.0,577.0,401.0,549.0,408.0,549.0,408.0
12234.jpg,0.6,570.0,336.5,515.0,265.0,529.0,286.0,612.0,299.0,631.0,277.0,552.0,409.0,522.0,390.0,585.0,400.0,553.0,411.0,555.0,411.0
12240.jpg,0.6,574.5,341.0,521.0,269.0,533.0,289.0,619.0,299.0,635.0,279.0,562.0,415.0,532.0,398.0,596.0,402.0,562.0,415.0,562.0,415.0
12246.jpg,0.595,580.0,347.5,523.0,278.0,538.0,299.0,623.0,306.0,638.0,285.0,568.0,421.0,538.0,401.0,602.0,402.0,570.0,421.0,570.0,421.0
12252.jpg,0.59,571.5,343.0,516.0,273.0,529.0,295.0,613.0,307.0,630.0,284.0,550.0,416.0,523.0,394.0,585.0,403.0,552.0,416.0,552.0,416.0
12258.jpg,0.615,557.0,335.5,505.0,262.0,515.0,285.0,598.0,308.0,618.0,286.0,523.0,412.0,496.0,386.0,562.0,405.0,527.0,412.0,527.0,412.0
12264.jpg,0.615,558.0,327.5,504.0,252.0,515.0,275.0,599.0,299.0,619.0,277.0,524.0,399.0,497.0,387.0,562.0,398.0,526.0,404.0,528.0,404.0
12270.jpg,0.61,558.0,327.0,504.0,254.0,515.0,277.0,597.0,301.0,620.0,278.0,524.0,403.0,498.0,385.0,563.0,398.0,529.0,403.0,529.0,403.0
12276.jpg,0.61,566.0,333.0,510.0,260.0,523.0,283.0,608.0,300.0,627.0,277.0,541.0,409.0,512.0,391.0,574.0,401.0,544.0,409.0,544.0,409.0
12282.jpg,0.6,579.0,334.0,521.0,262.0,537.0,284.0,623.0,292.0,639.0,271.0,574.0,408.0,536.0,395.0,604.0,396.0,571.0,408.0,571.0,408.0
12288.jpg,0.6,598.0,323.5,539.0,262.0,559.0,284.0,645.0,274.0,657.0,252.0,618.0,398.0,583.0,398.0,651.0,376.0,614.0,398.0,614.0,398.0
12294.jpg,0.615,614.5,313.5,554.0,267.0,578.0,285.0,660.0,259.0,668.0,240.0,653.0,385.0,614.0,390.0,689.0,364.0,652.0,390.0,652.0,390.0
12300.jpg,0.615,605.5,338.5,545.0,282.0,567.0,302.0,653.0,286.0,662.0,265.0,632.0,413.0,600.0,415.0,676.0,384.0,634.0,415.0,634.0,415.0
12306.jpg,0.61,609.5,375.0,551.0,315.0,572.0,339.0,656.0,322.0,665.0,302.0,637.0,451.0,601.0,444.0,668.0,429.0,637.0,451.0,638.0,449.0
12312.jpg,0.595,624.5,373.5,567.0,328.0,588.0,347.0,670.0,325.0,677.0,303.0,655.0,443.0,614.0,441.0,686.0,426.0,656.0,447.0,656.0,447.0
12318.jpg,0.6,658.5,368.0,602.0,343.0,621.0,360.0,698.0,325.0,699.0,301.0,700.0,442.0,653.0,429.0,721.0,407.0,698.0,441.0,694.0,430.0
12324.jpg,0.54,676.5,355.0,625.0,350.0,644.0,363.0,715.0,323.0,713.0,300.0,720.0,422.0,687.0,413.0,732.0,382.0,713.0,410.0,709.0,408.0
12330.jpg,0.545,684.5,359.5,634.0,353.0,653.0,367.0,724.0,326.0,722.0,303.0,729.0,422.0,694.0,414.0,740.0,389.0,725.0,414.0,722.0,408.0
12336.jpg,0.535,681.5,361.5,631.0,352.0,650.0,368.0,721.0,326.0,719.0,302.0,728.0,426.0,680.0,414.0,738.0,392.0,722.0,416.0,720.0,415.0
12342.jpg,0.575,677.5,367.5,622.0,355.0,643.0,370.0,716.0,330.0,716.0,307.0,721.0,436.0,671.0,424.0,735.0,406.0,717.0,428.0,716.0,426.0
12348.jpg,0.58,668.0,372.0,615.0,354.0,634.0,371.0,708.0,335.0,709.0,310.0,706.0,444.0,672.0,432.0,723.0,414.0,702.0,432.0,700.0,430.0
12354.jpg,0.55,647.0,387.0,596.0,355.0,615.0,373.0,691.0,344.0,695.0,323.0,679.0,455.0,644.0,442.0,702.0,425.0,677.0,455.0,676.0,446.0
12360.jpg,0.55,637.5,390.0,586.0,352.0,603.0,374.0,682.0,350.0,687.0,327.0,665.0,458.0,625.0,439.0,686.0,432.0,663.0,458.0,662.0,457.0
12366.jpg,0.55,636.0,387.5,585.0,354.0,603.0,372.0,680.0,348.0,685.0,325.0,666.0,456.0,631.0,441.0,686.0,427.0,663.0,456.0,661.0,448.0
12372.jpg,0.545,636.5,386.5,588.0,350.0,605.0,373.0,681.0,348.0,686.0,325.0,666.0,454.0,627.0,436.0,686.0,426.0,664.0,454.0,661.0,444.0
12378.jpg,0.57,639.5,386.0,587.0,353.0,607.0,370.0,684.0,346.0,688.0,321.0,672.0,457.0,635.0,443.0,695.0,424.0,670.0,449.0,670.0,445.0
12384.jpg,0.565,641.0,385.5,589.0,348.0,608.0,369.0,685.0,344.0,690.0,320.0,674.0,456.0,646.0,445.0,694.0,428.0,672.0,448.0,672.0,445.0
12390.jpg,0.56,641.0,385.0,588.0,349.0,608.0,370.0,686.0,343.0,690.0,319.0,671.0,454.0,630.0,436.0,695.0,423.0,671.0,454.0,670.0,448.0
12396.jpg,0.555,642.0,384.5,588.0,352.0,608.0,368.0,685.0,343.0,691.0,319.0,674.0,453.0,640.0,440.0,695.0,426.0,674.0,453.0,672.0,452.0
12402.jpg,0.55,643.0,383.0,590.0,348.0,610.0,368.0,686.0,342.0,691.0,319.0,677.0,451.0,633.0,437.0,697.0,422.0,675.0,451.0,673.0,450.0
12408.jpg,0.555,644.0,382.5,590.0,350.0,609.0,367.0,686.0,341.0,692.0,317.0,680.0,451.0,634.0,436.0,698.0,421.0,676.0,451.0,674.0,442.0
12414.jpg,0.555,644.0,380.5,590.0,350.0,607.0,366.0,689.0,339.0,693.0,317.0,685.0,449.0,634.0,432.0,701.0,413.0,682.0,449.0,676.0,438.0
12420.jpg,0.62,655.5,353.0,594.0,341.0,613.0,353.0,691.0,313.0,692.0,289.0,703.0,423.0,661.0,413.0,716.0,387.0,700.0,417.0,694.0,407.0
12426.jpg,0.68,695.0,307.0,627.0,323.0,648.0,327.0,709.0,270.0,704.0,242.0,761.0,371.0,724.0,379.0,765.0,333.0,757.0,367.0,756.0,361.0
12432.jpg,0.665,706.5,286.5,640.0,311.0,660.0,315.0,717.0,251.0,710.0,225.0,775.0,345.0,738.0,354.0,776.0,301.0,771.0,336.0,771.0,334.0
12438.jpg,0.63,673.0,294.5,610.0,305.0,627.0,312.0,695.0,261.0,693.0,235.0,728.0,352.0,704.0,353.0,736.0,323.0,726.0,350.0,720.0,341.0
12444.jpg,0.555,635.5,293.0,583.0,293.0,596.0,299.0,673.0,262.0,674.0,238.0,681.0,348.0,655.0,344.0,691.0,322.0,679.0,347.0,676.0,340.0
12450.jpg,0.51,637.0,300.5,586.0,299.0,600.0,309.0,677.0,273.0,679.0,250.0,675.0,351.0,639.0,346.0,688.0,326.0,675.0,350.0,673.0,345.0
12456.jpg,0.57,643.0,300.0,586.0,301.0,602.0,311.0,676.0,271.0,677.0,248.0,689.0,352.0,655.0,351.0,699.0,327.0,685.0,351.0,684.0,348.0
12462.jpg,0.575,638.5,308.5,581.0,301.0,597.0,312.0,674.0,276.0,675.0,252.0,680.0,366.0,652.0,361.0,693.0,340.0,679.0,363.0,677.0,358.0
12468.jpg,0.53,604.5,311.0,553.0,286.0,567.0,298.0,650.0,277.0,655.0,255.0,632.0,367.0,598.0,353.0,652.0,341.0,631.0,368.0,630.0,368.0
12474.jpg,0.52,576.0,319.5,523.0,268.0,535.0,290.0,621.0,294.0,631.0,276.0,559.0,374.0,540.0,352.0,600.0,352.0,560.0,376.0,560.0,376.0
12480.jpg,0.545,562.5,307.5,518.0,260.0,525.0,284.0,604.0,297.0,618.0,280.0,532.0,361.0,516.0,338.0,553.0,353.0,532.0,361.0,531.0,360.0
12486.jpg,0.54,563.0,308.0,520.0,261.0,526.0,287.0,604.0,300.0,618.0,282.0,532.0,358.0,518.0,338.0,552.0,352.0,532.0,360.0,532.0,360.0
12492.jpg,0.52,566.0,309.0,518.0,262.0,527.0,287.0,605.0,300.0,619.0,282.0,538.0,358.0,516.0,337.0,574.0,344.0,537.0,359.0,536.0,360.0
12498.jpg,0.52,568.0,312.0,520.0,263.0,528.0,290.0,608.0,300.0,622.0,282.0,545.0,363.0,523.0,341.0,568.0,353.0,544.0,365.0,543.0,363.0
12504.jpg,0.515,570.0,312.5,522.0,262.0,530.0,290.0,609.0,300.0,623.0,282.0,548.0,366.0,528.0,347.0,572.0,355.0,546.0,367.0,546.0,368.0
12510.jpg,0.515,573.5,314.0,523.0,264.0,532.0,290.0,613.0,299.0,626.0,281.0,554.0,368.0,531.0,344.0,581.0,353.0,553.0,368.0,552.0,369.0
12516.jpg,0.525,607.5,291.5,562.0,248.0,569.0,255.0,652.0,257.0,658.0,238.0,638.0,344.0,600.0,334.0,653.0,320.0,636.0,342.0,635.0,338.0
12522.jpg,0.515,609.5,282.5,549.0,257.0,548.0,257.0,652.0,253.0,658.0,234.0,637.0,330.0,599.0,321.0,654.0,309.0,635.0,330.0,635.0,331.0
12528.jpg,0.455,626.5,261.0,665.0,218.0,654.0,236.0,656.0,236.0,665.0,219.0,651.0,304.0,585.0,265.0,662.0,285.0,630.0,305.0,628.0,306.0
12534.jpg,0.555,613.5,258.0,561.0,261.0,574.0,270.0,656.0,240.0,663.0,223.0,644.0,300.0,611.0,303.0,663.0,276.0,641.0,302.0,641.0,302.0
12540.jpg,0.525,604.5,274.0,552.0,264.0,562.0,272.0,649.0,249.0,657.0,234.0,618.0,317.0,594.0,313.0,638.0,302.0,618.0,318.0,618.0,317.0
12546.jpg,0.505,585.5,284.0,535.0,257.0,547.0,269.0,632.0,262.0,642.0,248.0,580.0,321.0,559.0,311.0,599.0,310.0,578.0,322.0,578.0,323.0
12552.jpg,0.51,586.0,290.0,536.0,262.0,549.0,276.0,630.0,270.0,640.0,254.0,582.0,326.0,560.0,315.0,600.0,316.0,580.0,328.0,580.0,329.0
12558.jpg,0.5,595.0,327.5,544.0,295.0,554.0,315.0,635.0,309.0,644.0,291.0,582.0,368.0,560.0,355.0,603.0,357.0,582.0,370.0,582.0,370.0
12564.jpg,0.54,596.0,339.5,541.0,312.0,551.0,329.0,639.0,323.0,646.0,304.0,592.0,378.0,567.0,368.0,612.0,367.0,590.0,380.0,590.0,381.0
12570.jpg,0.52,580.0,332.0,526.0,306.0,531.0,319.0,621.0,324.0,631.0,305.0,582.0,370.0,563.0,360.0,601.0,359.0,582.0,371.0,580.0,371.0
12582.jpg,0.53,577.0,336.0,521.0,319.0,525.0,328.0,617.0,334.0,626.0,316.0,581.0,377.0,557.0,367.0,601.0,367.0,580.0,378.0,579.0,377.0
12588.jpg,0.515,576.5,333.0,523.0,307.0,533.0,324.0,619.0,321.0,628.0,303.0,580.0,369.0,558.0,357.0,599.0,359.0,580.0,370.0,578.0,370.0
12594.jpg,0.505,571.5,353.5,520.0,319.0,530.0,338.0,614.0,338.0,624.0,319.0,567.0,395.0,540.0,376.0,584.0,382.0,567.0,396.0,566.0,395.0
12600.jpg,0.535,558.5,354.0,506.0,317.0,515.0,336.0,600.0,344.0,612.0,325.0,551.0,396.0,531.0,382.0,573.0,385.0,550.0,398.0,550.0,398.0
12606.jpg,0.51,570.0,347.0,517.0,311.0,526.0,331.0,612.0,333.0,622.0,314.0,574.0,389.0,557.0,376.0,592.0,377.0,574.0,389.0,573.0,388.0
12612.jpg,0.535,582.5,338.0,528.0,310.0,541.0,329.0,624.0,322.0,634.0,302.0,593.0,380.0,574.0,368.0,611.0,364.0,592.0,380.0,591.0,380.0
12618.jpg,0.495,604.5,314.0,552.0,303.0,564.0,318.0,646.0,300.0,654.0,280.0,632.0,355.0,604.0,349.0,646.0,340.0,630.0,355.0,629.0,355.0
12624.jpg,0.505,620.5,292.5,566.0,293.0,576.0,304.0,658.0,277.0,664.0,258.0,647.0,330.0,567.0,293.0,567.0,293.0,642.0,331.0,626.0,335.0
12630.jpg,0.505,613.5,302.5,561.0,296.0,574.0,307.0,655.0,284.0,662.0,264.0,634.0,340.0,606.0,340.0,651.0,328.0,635.0,342.0,634.0,343.0
12636.jpg,0.545,596.5,338.0,540.0,328.0,551.0,338.0,638.0,324.0,643.0,308.0,610.0,379.0,585.0,375.0,628.0,366.0,608.0,381.0,607.0,381.0
12642.jpg,0.545,573.5,341.0,521.0,314.0,532.0,332.0,618.0,327.0,625.0,310.0,575.0,380.0,552.0,372.0,594.0,370.0,573.0,381.0,572.0,382.0
12648.jpg,0.535,587.5,340.5,535.0,310.0,549.0,329.0,632.0,317.0,642.0,298.0,600.0,383.0,580.0,373.0,617.0,368.0,600.0,383.0,599.0,383.0
12654.jpg,0.54,585.0,369.0,532.0,325.0,545.0,342.0,630.0,335.0,640.0,315.0,590.0,422.0,566.0,402.0,620.0,395.0,590.0,422.0,591.0,421.0
12660.jpg,0.565,562.5,378.5,507.0,320.0,519.0,339.0,603.0,346.0,619.0,324.0,551.0,449.0,526.0,427.0,578.0,429.0,551.0,437.0,551.0,437.0
12666.jpg,0.59,557.0,386.0,502.0,317.0,515.0,336.0,598.0,348.0,616.0,327.0,538.0,459.0,502.0,426.0,571.0,445.0,538.0,459.0,538.0,459.0
12672.jpg,0.575,567.5,380.5,512.0,314.0,525.0,334.0,610.0,341.0,626.0,320.0,560.0,452.0,535.0,437.0,584.0,439.0,560.0,452.0,560.0,452.0
12678.jpg,0.585,570.0,374.5,515.0,308.0,528.0,330.0,612.0,336.0,627.0,314.0,563.0,447.0,533.0,432.0,592.0,433.0,563.0,447.0,563.0,445.0
12684.jpg,0.585,571.0,369.5,516.0,301.0,530.0,324.0,613.0,329.0,629.0,308.0,559.0,442.0,531.0,429.0,591.0,433.0,561.0,442.0,561.0,442.0
12690.jpg,0.63,541.0,345.0,490.0,270.0,500.0,294.0,581.0,319.0,602.0,301.0,503.0,423.0,490.0,392.0,548.0,417.0,508.0,423.0,511.0,423.0
12696.jpg,0.72,512.5,330.0,479.0,251.0,483.0,282.0,560.0,321.0,583.0,304.0,463.0,409.0,457.0,369.0,505.0,413.0,470.0,406.0,473.0,404.0
12702.jpg,0.685,516.5,343.5,480.0,266.0,483.0,298.0,560.0,331.0,583.0,313.0,467.0,428.0,449.0,404.0,510.0,421.0,470.0,428.0,472.0,422.0
12708.jpg,0.67,523.5,348.0,484.0,271.0,489.0,301.0,568.0,331.0,590.0,311.0,483.0,426.0,457.0,407.0,521.0,424.0,485.0,422.0,487.0,419.0
12714.jpg,0.66,530.0,346.0,487.0,270.0,494.0,299.0,572.0,329.0,594.0,308.0,488.0,428.0,464.0,405.0,530.0,423.0,493.0,428.0,493.0,428.0
12720.jpg,0.64,534.5,345.0,489.0,269.0,496.0,296.0,577.0,325.0,597.0,305.0,493.0,420.0,469.0,401.0,538.0,419.0,501.0,419.0,502.0,416.0
12726.jpg,0.63,536.0,349.0,492.0,274.0,499.0,301.0,579.0,327.0,599.0,305.0,501.0,427.0,472.0,402.0,541.0,420.0,503.0,427.0,506.0,427.0
12732.jpg,0.64,551.0,349.0,500.0,273.0,512.0,298.0,593.0,318.0,612.0,296.0,523.0,424.0,488.0,404.0,558.0,421.0,525.0,426.0,525.0,428.0
12738.jpg,0.635,553.0,340.5,500.0,263.0,512.0,286.0,596.0,307.0,615.0,286.0,526.0,414.0,490.0,397.0,558.0,417.0,522.0,419.0,522.0,419.0
12744.jpg,0.645,551.5,346.5,500.0,268.0,512.0,293.0,595.0,314.0,614.0,292.0,523.0,426.0,496.0,411.0,558.0,421.0,526.0,426.0,526.0,422.0
12750.jpg,0.65,550.0,347.0,499.0,269.0,511.0,295.0,593.0,315.0,612.0,294.0,516.0,427.0,489.0,405.0,556.0,420.0,522.0,423.0,523.0,420.0
12756.jpg,0.655,547.0,352.5,500.0,276.0,508.0,305.0,592.0,324.0,610.0,301.0,518.0,434.0,491.0,415.0,555.0,427.0,518.0,434.0,518.0,434.0
12762.jpg,0.61,551.5,364.0,501.0,289.0,511.0,314.0,593.0,332.0,611.0,310.0,522.0,440.0,491.0,418.0,556.0,432.0,525.0,440.0,525.0,440.0
12768.jpg,0.59,559.5,370.0,508.0,298.0,518.0,322.0,602.0,335.0,618.0,312.0,538.0,443.0,504.0,419.0,566.0,437.0,540.0,443.0,540.0,443.0
12774.jpg,0.585,563.5,369.5,510.0,298.0,522.0,323.0,605.0,334.0,621.0,311.0,542.0,442.0,507.0,419.0,571.0,435.0,542.0,442.0,542.0,442.0
12780.jpg,0.585,563.5,367.0,513.0,296.0,522.0,320.0,606.0,333.0,622.0,309.0,542.0,439.0,510.0,421.0,573.0,433.0,545.0,439.0,545.0,439.0
12786.jpg,0.59,563.0,368.5,509.0,296.0,523.0,320.0,604.0,333.0,621.0,310.0,539.0,442.0,511.0,423.0,572.0,434.0,544.0,442.0,544.0,442.0
12792.jpg,0.595,562.5,367.0,511.0,294.0,522.0,319.0,604.0,332.0,621.0,308.0,541.0,441.0,512.0,426.0,574.0,434.0,543.0,441.0,543.0,441.0
12798.jpg,0.585,562.5,368.5,507.0,297.0,522.0,320.0,605.0,332.0,621.0,309.0,541.0,441.0,512.0,424.0,570.0,434.0,544.0,441.0,544.0,441.0
12804.jpg,0.585,563.5,368.0,508.0,297.0,522.0,319.0,606.0,331.0,622.0,309.0,542.0,440.0,514.0,423.0,577.0,428.0,547.0,440.0,545.0,440.0
12810.jpg,0.58,574.5,374.0,519.0,307.0,535.0,324.0,620.0,326.0,633.0,306.0,569.0,446.0,543.0,425.0,598.0,429.0,569.0,446.0,569.0,446.0
12816.jpg,0.63,625.0,328.5,565.0,293.0,588.0,310.0,667.0,282.0,672.0,256.0,666.0,407.0,625.0,405.0,695.0,375.0,661.0,407.0,661.0,405.0
12822.jpg,0.675,616.5,303.5,548.0,266.0,573.0,282.0,653.0,252.0,661.0,227.0,657.0,371.0,620.0,385.0,688.0,361.0,661.0,381.0,661.0,387.0
12828.jpg,0.62,580.0,316.0,519.0,244.0,539.0,264.0,626.0,264.0,640.0,244.0,580.0,376.0,552.0,387.0,606.0,393.0,579.0,389.0,579.0,393.0
12834.jpg,0.605,576.5,333.5,521.0,260.0,534.0,281.0,618.0,294.0,635.0,273.0,553.0,405.0,519.0,385.0,588.0,407.0,555.0,404.0,555.0,403.0
12840.jpg,0.6,560.0,342.0,515.0,272.0,524.0,299.0,601.0,322.0,620.0,302.0,519.0,416.0,500.0,396.0,563.0,411.0,527.0,416.0,528.0,415.0
12846.jpg,0.55,563.5,340.0,515.0,281.0,524.0,302.0,603.0,320.0,619.0,300.0,526.0,408.0,511.0,381.0,562.0,394.0,530.0,405.0,532.0,405.0
12852.jpg,0.59,571.5,323.0,530.0,257.0,540.0,290.0,616.0,303.0,631.0,285.0,533.0,387.0,529.0,349.0,584.0,366.0,537.0,387.0,535.0,386.0
12858.jpg,0.695,554.5,314.0,537.0,245.0,542.0,283.0,609.0,310.0,637.0,299.0,510.0,387.0,486.0,346.0,553.0,376.0,507.0,387.0,496.0,372.0
12864.jpg,0.5,474.5,289.0,444.0,239.0,447.0,255.0,512.0,268.0,523.0,235.0,433.0,318.0,425.0,321.0,480.0,350.0,454.0,351.0,454.0,351.0
12870.jpg,0.515,461.0,294.5,507.0,241.0,495.0,277.0,496.0,278.0,511.0,243.0,411.0,344.0,416.0,302.0,486.0,344.0,441.0,352.0,442.0,354.0
12876.jpg,0.43,453.5,295.0,417.0,244.0,427.0,254.0,479.0,290.0,497.0,263.0,417.0,339.0,416.0,315.0,462.0,343.0,438.0,344.0,438.0,345.0
12882.jpg,0.395,442.5,313.5,477.0,273.0,422.0,275.0,463.0,302.0,482.0,275.0,413.0,358.0,406.0,332.0,486.0,274.0,430.0,359.0,430.0,360.0
12888.jpg,0.36,431.0,316.5,415.0,274.0,409.0,280.0,449.0,305.0,468.0,281.0,404.0,357.0,400.0,333.0,435.0,357.0,408.0,360.0,408.0,360.0
12894.jpg,0.325,440.0,319.5,469.0,285.0,418.0,292.0,459.0,311.0,470.0,287.0,413.0,339.0,445.0,360.0,446.0,359.0,421.0,359.0,420.0,360.0
12900.jpg,0.415,464.5,331.0,474.0,289.0,472.0,317.0,473.0,317.0,478.0,290.0,441.0,381.0,426.0,338.0,479.0,373.0,468.0,378.0,471.0,379.0
12906.jpg,0.385,455.0,336.5,478.0,292.0,433.0,304.0,470.0,322.0,481.0,297.0,428.0,364.0,427.0,363.0,449.0,383.0,436.0,372.0,439.0,383.0
12912.jpg,0.425,464.5,335.0,475.0,289.0,471.0,319.0,472.0,319.0,479.0,291.0,434.0,388.0,429.0,364.0,479.0,383.0,460.0,387.0,461.0,388.0
12918.jpg,0.595,487.5,334.0,476.0,286.0,475.0,318.0,542.0,348.0,561.0,338.0,443.0,390.0,436.0,365.0,482.0,384.0,441.0,391.0,440.0,391.0
12924.jpg,0.605,489.5,334.5,479.0,285.0,476.0,318.0,544.0,349.0,563.0,336.0,446.0,389.0,430.0,357.0,482.0,385.0,442.0,390.0,433.0,385.0
12930.jpg,0.595,492.5,333.5,477.0,286.0,477.0,318.0,546.0,347.0,563.0,335.0,448.0,389.0,441.0,357.0,487.0,385.0,447.0,390.0,446.0,392.0
12936.jpg,0.62,496.0,334.0,478.0,287.0,478.0,318.0,547.0,348.0,564.0,338.0,450.0,391.0,435.0,357.0,487.0,386.0,447.0,393.0,446.0,393.0
12942.jpg,0.565,493.5,334.0,477.0,288.0,479.0,317.0,548.0,347.0,564.0,336.0,447.0,390.0,442.0,358.0,489.0,384.0,449.0,394.0,448.0,395.0
12948.jpg,0.615,493.5,333.0,479.0,285.0,478.0,316.0,546.0,346.0,565.0,337.0,448.0,388.0,435.0,353.0,481.0,382.0,447.0,388.0,442.0,388.0
12954.jpg,0.59,498.0,331.5,477.0,285.0,479.0,316.0,547.0,346.0,567.0,334.0,450.0,389.0,446.0,365.0,485.0,383.0,453.0,390.0,451.0,391.0
12960.jpg,0.575,496.5,333.5,480.0,286.0,480.0,317.0,549.0,347.0,568.0,333.0,449.0,390.0,441.0,362.0,484.0,383.0,452.0,390.0,450.0,392.0
12966.jpg,0.6,500.0,333.0,479.0,286.0,481.0,315.0,550.0,346.0,568.0,333.0,453.0,388.0,442.0,362.0,488.0,383.0,454.0,390.0,453.0,390.0
12972.jpg,0.585,499.5,332.5,479.0,287.0,481.0,315.0,550.0,345.0,569.0,334.0,451.0,385.0,442.0,354.0,487.0,380.0,454.0,387.0,453.0,388.0
12978.jpg,0.585,515.5,335.5,489.0,285.0,491.0,316.0,563.0,342.0,581.0,332.0,477.0,391.0,461.0,363.0,504.0,385.0,474.0,393.0,474.0,393.0
12984.jpg,0.525,574.5,347.5,538.0,294.0,545.0,297.0,614.0,330.0,627.0,312.0,565.0,397.0,540.0,379.0,587.0,379.0,564.0,397.0,563.0,396.0
12990.jpg,0.465,625.5,312.0,666.0,266.0,579.0,287.0,663.0,286.0,667.0,267.0,650.0,357.0,615.0,354.0,662.0,337.0,648.0,359.0,631.0,359.0
12996.jpg,0.5,625.0,295.0,572.0,292.0,584.0,302.0,666.0,270.0,669.0,248.0,659.0,339.0,628.0,337.0,669.0,316.0,653.0,336.0,646.0,336.0
13002.jpg,0.505,620.5,307.0,567.0,302.0,579.0,313.0,660.0,284.0,664.0,263.0,656.0,354.0,617.0,347.0,666.0,331.0,655.0,353.0,649.0,350.0
13008.jpg,0.575,630.5,321.5,572.0,315.0,586.0,324.0,665.0,290.0,669.0,268.0,672.0,379.0,638.0,372.0,682.0,352.0,670.0,373.0,669.0,371.0
13014.jpg,0.465,699.0,282.5,685.0,228.0,691.0,255.0,692.0,254.0,688.0,228.0,745.0,330.0,695.0,311.0,695.0,311.0,720.0,339.0,717.0,340.0
13020.jpg,0.6,697.0,275.5,684.0,216.0,650.0,306.0,692.0,245.0,686.0,216.0,756.0,333.0,647.0,306.0,648.0,307.0,747.0,327.0,747.0,326.0
13026.jpg,0.625,687.5,278.5,623.0,300.0,639.0,304.0,698.0,245.0,691.0,219.0,746.0,338.0,693.0,341.0,752.0,304.0,740.0,330.0,740.0,328.0
13032.jpg,0.625,682.5,278.0,618.0,297.0,634.0,304.0,696.0,245.0,690.0,218.0,743.0,338.0,687.0,339.0,745.0,304.0,734.0,330.0,729.0,330.0
13038.jpg,0.62,680.0,277.5,617.0,297.0,634.0,303.0,697.0,245.0,691.0,218.0,740.0,336.0,686.0,338.0,742.0,303.0,731.0,327.0,730.0,325.0
13044.jpg,0.61,677.0,278.0,614.0,297.0,630.0,303.0,695.0,246.0,690.0,221.0,735.0,336.0,685.0,339.0,738.0,301.0,728.0,329.0,727.0,327.0
13050.jpg,0.61,673.0,280.5,612.0,298.0,628.0,303.0,694.0,248.0,691.0,223.0,729.0,338.0,682.0,340.0,734.0,305.0,725.0,332.0,723.0,328.0
13056.jpg,0.615,671.5,281.5,610.0,297.0,627.0,303.0,693.0,249.0,689.0,223.0,728.0,339.0,703.0,339.0,733.0,308.0,723.0,333.0,721.0,327.0
13062.jpg,0.625,670.5,282.0,608.0,297.0,626.0,303.0,692.0,249.0,690.0,222.0,727.0,339.0,692.0,339.0,733.0,308.0,722.0,332.0,719.0,328.0
13068.jpg,0.615,671.5,281.5,610.0,297.0,627.0,303.0,693.0,249.0,691.0,223.0,728.0,338.0,701.0,340.0,733.0,307.0,724.0,333.0,722.0,327.0
13074.jpg,0.615,671.5,281.5,610.0,297.0,628.0,303.0,694.0,248.0,691.0,221.0,728.0,338.0,701.0,340.0,734.0,305.0,724.0,331.0,723.0,326.0
13080.jpg,0.615,671.5,281.5,610.0,297.0,628.0,303.0,694.0,248.0,691.0,221.0,728.0,338.0,703.0,340.0,734.0,307.0,724.0,333.0,722.0,327.0
13086.jpg,0.62,671.0,281.0,610.0,297.0,629.0,303.0,694.0,248.0,691.0,222.0,728.0,338.0,702.0,340.0,734.0,306.0,723.0,334.0,722.0,327.0
13092.jpg,0.62,671.0,281.0,610.0,297.0,629.0,303.0,694.0,248.0,690.0,222.0,728.0,338.0,681.0,338.0,734.0,305.0,723.0,333.0,719.0,327.0
13098.jpg,0.62,671.0,281.0,610.0,297.0,629.0,303.0,694.0,248.0,690.0,222.0,727.0,338.0,702.0,339.0,734.0,305.0,723.0,332.0,723.0,327.0
13104.jpg,0.62,671.0,281.0,610.0,297.0,627.0,303.0,694.0,248.0,690.0,223.0,727.0,339.0,679.0,339.0,733.0,306.0,723.0,333.0,722.0,327.0
13110.jpg,0.615,671.5,281.5,610.0,297.0,628.0,303.0,694.0,248.0,691.0,223.0,728.0,338.0,704.0,340.0,733.0,305.0,724.0,333.0,723.0,327.0
13116.jpg,0.61,674.0,283.0,613.0,298.0,631.0,304.0,697.0,250.0,693.0,225.0,732.0,339.0,704.0,342.0,736.0,307.0,728.0,334.0,725.0,328.0
13122.jpg,0.615,679.5,284.0,618.0,301.0,635.0,307.0,701.0,250.0,696.0,225.0,738.0,339.0,705.0,345.0,742.0,309.0,735.0,337.0,731.0,330.0
13128.jpg,0.575,670.5,281.5,613.0,299.0,629.0,304.0,699.0,248.0,693.0,224.0,723.0,335.0,678.0,334.0,728.0,306.0,716.0,331.0,713.0,329.0
13134.jpg,0.56,664.0,284.0,607.0,298.0,622.0,305.0,696.0,252.0,691.0,229.0,713.0,338.0,672.0,339.0,721.0,310.0,710.0,334.0,706.0,331.0
13140.jpg,0.565,662.5,285.5,606.0,300.0,622.0,305.0,694.0,252.0,690.0,230.0,712.0,341.0,671.0,340.0,720.0,310.0,708.0,336.0,703.0,332.0
13146.jpg,0.575,661.5,285.5,605.0,299.0,620.0,306.0,694.0,253.0,690.0,229.0,712.0,342.0,670.0,342.0,719.0,310.0,707.0,336.0,704.0,331.0
13152.jpg,0.575,661.5,286.0,604.0,298.0,619.0,304.0,693.0,253.0,690.0,230.0,711.0,341.0,682.0,342.0,719.0,312.0,707.0,338.0,703.0,333.0
13158.jpg,0.58,661.0,286.5,603.0,298.0,620.0,305.0,693.0,254.0,689.0,230.0,712.0,341.0,685.0,343.0,719.0,310.0,710.0,339.0,704.0,332.0
13164.jpg,0.575,661.5,286.5,604.0,299.0,619.0,304.0,693.0,253.0,690.0,229.0,713.0,340.0,685.0,343.0,719.0,311.0,711.0,339.0,704.0,330.0
13170.jpg,0.58,660.5,286.0,604.0,300.0,619.0,305.0,692.0,253.0,689.0,229.0,711.0,343.0,684.0,343.0,718.0,311.0,707.0,336.0,703.0,332.0
13176.jpg,0.575,661.5,286.0,604.0,299.0,619.0,305.0,693.0,253.0,690.0,230.0,713.0,341.0,685.0,342.0,719.0,311.0,709.0,335.0,706.0,332.0
13182.jpg,0.59,661.0,287.5,604.0,300.0,619.0,306.0,692.0,254.0,690.0,230.0,710.0,344.0,683.0,343.0,717.0,314.0,705.0,337.0,702.0,334.0
13188.jpg,0.6,665.0,292.0,606.0,301.0,624.0,308.0,695.0,258.0,692.0,232.0,716.0,349.0,674.0,348.0,721.0,322.0,711.0,343.0,709.0,342.0
13194.jpg,0.6,666.0,299.0,606.0,302.0,626.0,312.0,698.0,260.0,694.0,237.0,720.0,361.0,682.0,359.0,728.0,329.0,715.0,353.0,710.0,349.0
13200.jpg,0.595,669.5,300.5,611.0,306.0,629.0,314.0,703.0,262.0,698.0,239.0,723.0,361.0,681.0,355.0,729.0,329.0,719.0,353.0,716.0,350.0
13206.jpg,0.6,666.5,305.0,608.0,308.0,625.0,319.0,700.0,267.0,697.0,244.0,720.0,368.0,678.0,364.0,727.0,337.0,716.0,359.0,712.0,356.0
13212.jpg,0.625,659.5,317.5,598.0,313.0,617.0,325.0,694.0,277.0,692.0,255.0,707.0,385.0,673.0,380.0,718.0,352.0,703.0,374.0,702.0,371.0
13218.jpg,0.615,657.0,314.5,598.0,311.0,616.0,322.0,694.0,278.0,694.0,256.0,707.0,377.0,667.0,370.0,715.0,346.0,703.0,368.0,700.0,366.0
13224.jpg,0.605,668.5,311.5,607.0,310.0,625.0,323.0,701.0,275.0,699.0,252.0,719.0,374.0,678.0,369.0,725.0,346.0,714.0,365.0,712.0,362.0
13230.jpg,0.625,668.5,316.5,606.0,313.0,626.0,324.0,700.0,276.0,699.0,254.0,718.0,380.0,681.0,376.0,729.0,348.0,715.0,373.0,712.0,370.0
13236.jpg,0.62,652.0,326.0,591.0,313.0,612.0,323.0,688.0,288.0,691.0,262.0,702.0,396.0,662.0,390.0,714.0,368.0,697.0,388.0,693.0,380.0
13242.jpg,0.655,656.5,317.0,591.0,307.0,614.0,317.0,690.0,280.0,690.0,250.0,706.0,387.0,667.0,385.0,723.0,355.0,704.0,377.0,701.0,374.0
13248.jpg,0.655,651.5,321.5,587.0,306.0,610.0,319.0,685.0,278.0,687.0,254.0,704.0,393.0,664.0,396.0,720.0,365.0,701.0,388.0,699.0,380.0
13254.jpg,0.655,646.5,324.0,582.0,300.0,607.0,316.0,682.0,280.0,685.0,253.0,698.0,398.0,655.0,396.0,715.0,362.0,694.0,390.0,691.0,385.0
13260.jpg,0.685,648.5,316.0,581.0,296.0,607.0,309.0,682.0,270.0,683.0,244.0,703.0,391.0,666.0,392.0,718.0,363.0,699.0,381.0,698.0,379.0
13266.jpg,0.675,651.5,316.5,587.0,298.0,612.0,311.0,684.0,272.0,687.0,245.0,707.0,393.0,666.0,391.0,721.0,362.0,704.0,384.0,701.0,381.0
13272.jpg,0.69,656.0,314.0,590.0,298.0,614.0,311.0,688.0,269.0,688.0,241.0,712.0,388.0,675.0,391.0,729.0,353.0,710.0,381.0,707.0,376.0
13278.jpg,0.68,672.0,308.0,605.0,303.0,632.0,314.0,700.0,264.0,697.0,237.0,732.0,380.0,693.0,382.0,742.0,346.0,729.0,372.0,728.0,368.0
13284.jpg,0.69,672.0,304.0,604.0,300.0,629.0,309.0,697.0,259.0,696.0,232.0,732.0,377.0,697.0,381.0,745.0,342.0,730.0,367.0,728.0,364.0
13290.jpg,0.695,667.5,306.0,599.0,298.0,625.0,309.0,694.0,260.0,693.0,233.0,728.0,379.0,690.0,383.0,743.0,340.0,726.0,368.0,724.0,367.0
13296.jpg,0.68,665.5,310.0,599.0,298.0,624.0,311.0,696.0,266.0,693.0,238.0,725.0,387.0,683.0,387.0,738.0,350.0,722.0,379.0,720.0,376.0
13302.jpg,0.685,677.5,305.5,610.0,304.0,636.0,316.0,703.0,264.0,700.0,236.0,743.0,379.0,701.0,380.0,747.0,343.0,738.0,371.0,735.0,366.0
13308.jpg,0.71,690.0,299.0,620.0,306.0,645.0,311.0,709.0,257.0,704.0,229.0,756.0,370.0,716.0,374.0,762.0,327.0,749.0,360.0,748.0,358.0
13314.jpg,0.73,689.0,288.0,617.0,298.0,643.0,305.0,703.0,246.0,699.0,216.0,762.0,353.0,722.0,365.0,766.0,302.0,754.0,343.0,753.0,342.0
13320.jpg,0.735,675.5,285.5,602.0,291.0,628.0,300.0,691.0,242.0,688.0,215.0,744.0,351.0,710.0,367.0,757.0,308.0,740.0,343.0,740.0,341.0
13326.jpg,0.75,672.0,292.5,599.0,294.0,625.0,301.0,691.0,247.0,688.0,219.0,739.0,364.0,705.0,374.0,754.0,324.0,735.0,355.0,735.0,355.0
13332.jpg,0.745,666.5,295.0,594.0,290.0,620.0,301.0,688.0,248.0,687.0,221.0,730.0,368.0,695.0,378.0,748.0,336.0,729.0,360.0,726.0,359.0
13338.jpg,0.725,678.5,292.5,606.0,295.0,633.0,305.0,697.0,248.0,694.0,220.0,748.0,365.0,709.0,373.0,756.0,321.0,741.0,353.0,739.0,353.0
13344.jpg,0.73,715.5,275.0,643.0,302.0,667.0,303.0,718.0,238.0,710.0,209.0,789.0,332.0,745.0,346.0,782.0,293.0,781.0,325.0,779.0,323.0
13350.jpg,0.715,744.5,255.5,673.0,294.0,697.0,294.0,735.0,222.0,719.0,195.0,818.0,286.0,750.0,308.0,793.0,247.0,814.0,290.0,796.0,297.0
13356.jpg,0.645,750.5,251.0,685.0,294.0,706.0,292.0,744.0,219.0,725.0,195.0,823.0,279.0,755.0,300.0,801.0,252.0,820.0,279.0,820.0,276.0
13362.jpg,0.65,749.0,256.0,683.0,294.0,704.0,295.0,745.0,224.0,727.0,199.0,819.0,289.0,755.0,308.0,803.0,253.0,814.0,293.0,803.0,291.0
13368.jpg,0.675,740.5,264.5,672.0,300.0,694.0,300.0,739.0,233.0,725.0,204.0,810.0,313.0,744.0,321.0,801.0,276.0,801.0,304.0,798.0,301.0
13374.jpg,0.71,708.0,280.5,636.0,300.0,662.0,305.0,715.0,240.0,704.0,212.0,780.0,343.0,740.0,355.0,780.0,293.0,772.0,334.0,770.0,334.0
13380.jpg,0.715,699.5,273.5,625.0,297.0,650.0,300.0,702.0,236.0,694.0,208.0,771.0,331.0,730.0,347.0,772.0,289.0,764.0,324.0,764.0,322.0
13386.jpg,0.74,685.0,283.0,611.0,297.0,636.0,303.0,693.0,241.0,688.0,212.0,754.0,348.0,722.0,362.0,761.0,289.0,753.0,345.0,750.0,341.0
13392.jpg,0.735,666.5,294.5,593.0,293.0,620.0,303.0,684.0,248.0,682.0,221.0,729.0,367.0,696.0,376.0,744.0,310.0,727.0,356.0,727.0,357.0
13398.jpg,0.745,680.5,276.0,605.0,292.0,631.0,296.0,688.0,235.0,683.0,206.0,753.0,335.0,721.0,356.0,756.0,286.0,750.0,341.0,747.0,330.0
13404.jpg,0.76,689.0,274.0,613.0,293.0,637.0,296.0,689.0,234.0,684.0,205.0,761.0,330.0,736.0,349.0,766.0,286.0,760.0,335.0,756.0,321.0
13410.jpg,0.755,701.5,269.0,623.0,295.0,647.0,297.0,694.0,229.0,688.0,201.0,774.0,322.0,757.0,337.0,766.0,261.0,771.0,319.0,766.0,312.0
13416.jpg,0.755,713.5,261.5,635.0,294.0,659.0,295.0,700.0,226.0,691.0,196.0,787.0,308.0,753.0,331.0,786.0,270.0,766.0,292.0,781.0,301.0
13422.jpg,0.72,742.0,246.0,666.0,291.0,686.0,288.0,719.0,218.0,704.0,190.0,818.0,278.0,740.0,299.0,797.0,242.0,802.0,280.0,802.0,280.0
13428.jpg,0.675,761.5,237.0,682.0,286.0,701.0,283.0,731.0,210.0,711.0,185.0,831.0,254.0,759.0,287.0,804.0,224.0,830.0,254.0,796.0,284.0
13434.jpg,0.555,770.5,235.0,721.0,185.0,739.0,207.0,740.0,207.0,722.0,182.0,831.0,252.0,720.0,277.0,720.0,277.0,782.0,285.0,765.0,291.0
13440.jpg,0.47,760.5,239.0,718.0,190.0,735.0,212.0,738.0,212.0,718.0,189.0,814.0,264.0,750.0,287.0,712.0,279.0,777.0,285.0,759.0,294.0
13446.jpg,0.455,745.5,247.5,706.0,195.0,719.0,216.0,721.0,214.0,706.0,194.0,796.0,277.0,729.0,298.0,730.0,298.0,763.0,296.0,757.0,301.0
13452.jpg,0.485,744.5,244.5,699.0,195.0,714.0,220.0,714.0,220.0,700.0,194.0,799.0,266.0,727.0,297.0,738.0,295.0,771.0,288.0,766.0,293.0
13458.jpg,0.49,747.0,233.0,701.0,192.0,716.0,216.0,716.0,215.0,702.0,191.0,799.0,266.0,733.0,288.0,745.0,285.0,772.0,280.0,770.0,283.0
13464.jpg,0.63,681.0,267.0,618.0,289.0,633.0,294.0,694.0,236.0,689.0,212.0,733.0,323.0,677.0,323.0,736.0,290.0,726.0,315.0,724.0,312.0
13470.jpg,0.54,647.0,257.0,594.0,273.0,610.0,280.0,680.0,231.0,681.0,210.0,694.0,303.0,652.0,309.0,699.0,283.0,687.0,301.0,686.0,298.0
13476.jpg,0.57,641.0,251.5,596.0,273.0,612.0,277.0,680.0,228.0,682.0,208.0,689.0,294.0,639.0,298.0,695.0,273.0,683.0,296.0,672.0,297.0
13482.jpg,0.51,645.0,265.5,595.0,277.0,614.0,287.0,682.0,242.0,683.0,220.0,683.0,309.0,649.0,313.0,693.0,289.0,682.0,311.0,679.0,313.0
13488.jpg,0.505,644.5,272.5,595.0,280.0,617.0,292.0,684.0,249.0,684.0,227.0,687.0,320.0,650.0,320.0,694.0,300.0,684.0,321.0,684.0,321.0
13494.jpg,0.505,648.5,276.0,601.0,287.0,621.0,297.0,687.0,253.0,687.0,231.0,692.0,326.0,655.0,326.0,699.0,304.0,689.0,327.0,685.0,320.0
13500.jpg,0.51,648.0,276.0,599.0,284.0,620.0,296.0,687.0,252.0,687.0,230.0,691.0,326.0,654.0,326.0,699.0,303.0,689.0,326.0,688.0,325.0
13506.jpg,0.51,648.0,277.0,599.0,285.0,619.0,296.0,687.0,252.0,687.0,230.0,691.0,326.0,653.0,326.0,699.0,304.0,689.0,326.0,686.0,322.0
13512.jpg,0.505,648.5,276.5,600.0,285.0,619.0,296.0,687.0,253.0,686.0,230.0,691.0,327.0,653.0,326.0,699.0,303.0,689.0,327.0,685.0,320.0
13518.jpg,0.51,648.0,277.5,600.0,285.0,619.0,296.0,687.0,253.0,686.0,230.0,692.0,327.0,651.0,327.0,699.0,304.0,689.0,327.0,688.0,327.0
13524.jpg,0.51,649.0,277.5,600.0,286.0,619.0,297.0,687.0,253.0,686.0,230.0,692.0,328.0,654.0,328.0,700.0,304.0,690.0,328.0,673.0,328.0
13530.jpg,0.51,648.5,277.0,600.0,286.0,619.0,297.0,687.0,253.0,686.0,230.0,691.0,328.0,654.0,328.0,700.0,304.0,689.0,328.0,688.0,330.0
13536.jpg,0.51,648.0,278.0,599.0,285.0,618.0,296.0,687.0,253.0,686.0,230.0,692.0,327.0,652.0,327.0,700.0,304.0,690.0,327.0,686.0,322.0
13542.jpg,0.515,648.5,278.0,599.0,285.0,617.0,296.0,687.0,253.0,686.0,230.0,692.0,328.0,652.0,328.0,701.0,305.0,690.0,328.0,687.0,323.0
13548.jpg,0.515,648.5,278.0,599.0,286.0,617.0,297.0,687.0,254.0,687.0,230.0,692.0,328.0,654.0,328.0,701.0,305.0,690.0,328.0,688.0,327.0
13554.jpg,0.51,648.5,278.0,599.0,285.0,618.0,297.0,687.0,253.0,685.0,230.0,692.0,329.0,649.0,327.0,700.0,304.0,690.0,328.0,689.0,328.0
13560.jpg,0.515,648.5,278.0,599.0,286.0,617.0,297.0,687.0,253.0,686.0,230.0,692.0,328.0,653.0,328.0,701.0,305.0,690.0,329.0,689.0,327.0
13566.jpg,0.51,648.0,279.0,599.0,286.0,617.0,297.0,687.0,254.0,686.0,230.0,692.0,329.0,652.0,328.0,700.0,306.0,690.0,329.0,689.0,329.0
13572.jpg,0.515,647.5,279.5,599.0,287.0,616.0,298.0,688.0,253.0,686.0,230.0,693.0,329.0,652.0,327.0,699.0,305.0,690.0,327.0,687.0,323.0
13578.jpg,0.55,651.0,285.0,599.0,292.0,617.0,301.0,689.0,255.0,686.0,231.0,699.0,340.0,655.0,337.0,707.0,313.0,692.0,332.0,691.0,331.0
13584.jpg,0.625,666.5,290.5,605.0,295.0,624.0,304.0,696.0,253.0,693.0,229.0,719.0,349.0,685.0,345.0,726.0,321.0,715.0,344.0,713.0,340.0
13590.jpg,0.6,640.0,318.5,581.0,297.0,598.0,310.0,679.0,282.0,682.0,256.0,679.0,381.0,646.0,368.0,697.0,349.0,679.0,373.0,677.0,371.0
13596.jpg,0.575,620.0,331.5,563.0,292.0,581.0,309.0,663.0,292.0,672.0,269.0,650.0,395.0,614.0,379.0,669.0,371.0,649.0,392.0,650.0,383.0
13602.jpg,0.575,600.5,339.5,544.0,281.0,561.0,301.0,643.0,302.0,657.0,280.0,607.0,405.0,578.0,383.0,632.0,387.0,607.0,402.0,607.0,400.0
13608.jpg,0.56,599.0,339.0,544.0,281.0,560.0,301.0,645.0,297.0,656.0,276.0,605.0,408.0,576.0,388.0,630.0,394.0,605.0,408.0,604.0,401.0
13614.jpg,0.565,607.5,336.5,553.0,283.0,570.0,303.0,654.0,291.0,663.0,271.0,629.0,407.0,601.0,393.0,649.0,385.0,628.0,399.0,628.0,396.0
13620.jpg,0.56,611.0,337.0,557.0,284.0,575.0,305.0,657.0,291.0,666.0,271.0,632.0,406.0,601.0,387.0,653.0,385.0,633.0,399.0,633.0,396.0
13626.jpg,0.565,610.5,336.5,556.0,285.0,573.0,304.0,656.0,291.0,665.0,270.0,630.0,407.0,604.0,392.0,652.0,383.0,630.0,400.0,630.0,396.0
13632.jpg,0.565,608.5,336.5,554.0,282.0,570.0,303.0,655.0,290.0,663.0,270.0,626.0,407.0,590.0,381.0,650.0,379.0,625.0,399.0,625.0,397.0
13638.jpg,0.57,606.0,336.0,550.0,279.0,568.0,300.0,652.0,289.0,662.0,269.0,621.0,407.0,586.0,385.0,654.0,378.0,620.0,405.0,620.0,398.0
13644.jpg,0.585,584.0,329.5,529.0,261.0,542.0,281.0,626.0,293.0,641.0,275.0,565.0,402.0,541.0,381.0,603.0,388.0,567.0,402.0,568.0,398.0
13650.jpg,0.59,571.0,319.0,521.0,250.0,531.0,271.0,610.0,298.0,630.0,280.0,529.0,392.0,513.0,370.0,570.0,387.0,538.0,392.0,541.0,390.0
13656.jpg,0.665,549.0,305.5,514.0,235.0,519.0,264.0,592.0,300.0,614.0,286.0,496.0,383.0,484.0,356.0,542.0,381.0,519.0,382.0,519.0,383.0
13662.jpg,0.67,541.5,308.0,513.0,238.0,515.0,267.0,587.0,304.0,608.0,291.0,490.0,382.0,477.0,352.0,530.0,377.0,492.0,384.0,492.0,384.0
13668.jpg,0.69,545.0,307.0,515.0,237.0,518.0,266.0,591.0,303.0,612.0,288.0,495.0,382.0,479.0,346.0,541.0,376.0,496.0,384.0,496.0,381.0
13674.jpg,0.665,549.0,309.5,515.0,241.0,520.0,269.0,592.0,303.0,614.0,289.0,499.0,387.0,484.0,354.0,546.0,377.0,502.0,387.0,503.0,379.0
13680.jpg,0.65,551.0,311.0,514.0,240.0,520.0,269.0,593.0,303.0,614.0,287.0,502.0,391.0,487.0,355.0,545.0,378.0,509.0,384.0,517.0,383.0
13686.jpg,0.65,551.0,312.0,514.0,241.0,520.0,270.0,593.0,303.0,616.0,286.0,505.0,392.0,487.0,358.0,547.0,378.0,508.0,389.0,514.0,379.0
13692.jpg,0.65,551.0,312.0,514.0,241.0,520.0,270.0,593.0,303.0,616.0,286.0,505.0,392.0,489.0,359.0,546.0,378.0,508.0,385.0,509.0,380.0
13698.jpg,0.645,552.0,311.5,515.0,241.0,520.0,271.0,593.0,303.0,615.0,286.0,506.0,391.0,490.0,358.0,549.0,377.0,508.0,387.0,512.0,379.0
13704.jpg,0.64,553.0,313.0,514.0,242.0,520.0,270.0,594.0,302.0,615.0,287.0,507.0,392.0,492.0,359.0,548.0,378.0,510.0,392.0,517.0,379.0
13710.jpg,0.635,554.0,313.5,514.0,243.0,520.0,272.0,595.0,302.0,616.0,286.0,509.0,392.0,493.0,359.0,549.0,377.0,511.0,392.0,520.0,384.0
13716.jpg,0.62,556.0,315.0,515.0,246.0,522.0,275.0,597.0,304.0,616.0,287.0,512.0,392.0,495.0,365.0,553.0,378.0,514.0,392.0,516.0,386.0
13722.jpg,0.615,558.0,319.5,518.0,251.0,525.0,279.0,601.0,305.0,620.0,289.0,516.0,396.0,499.0,363.0,560.0,377.0,521.0,396.0,522.0,393.0
13734.jpg,0.575,575.5,336.5,526.0,277.0,537.0,302.0,621.0,311.0,635.0,297.0,555.0,402.0,531.0,368.0,580.0,386.0,554.0,400.0,554.0,398.0
13740.jpg,0.555,581.0,336.5,529.0,277.0,539.0,297.0,625.0,308.0,638.0,291.0,560.0,400.0,535.0,370.0,592.0,380.0,559.0,398.0,560.0,395.0
13746.jpg,0.555,584.0,337.5,531.0,276.0,542.0,297.0,627.0,307.0,640.0,289.0,567.0,400.0,544.0,376.0,588.0,385.0,567.0,397.0,566.0,396.0
13752.jpg,0.55,586.0,338.0,533.0,277.0,544.0,299.0,629.0,308.0,642.0,289.0,569.0,401.0,543.0,374.0,604.0,376.0,569.0,400.0,569.0,396.0
13758.jpg,0.55,586.0,338.0,533.0,276.0,544.0,298.0,629.0,307.0,642.0,287.0,569.0,401.0,547.0,378.0,598.0,381.0,570.0,399.0,569.0,396.0
13764.jpg,0.55,586.0,338.0,534.0,275.0,545.0,298.0,629.0,307.0,642.0,287.0,570.0,401.0,546.0,377.0,599.0,381.0,570.0,399.0,570.0,396.0
13770.jpg,0.55,586.0,338.0,533.0,276.0,544.0,298.0,630.0,306.0,643.0,287.0,571.0,401.0,546.0,377.0,595.0,384.0,570.0,400.0,570.0,397.0
13776.jpg,0.545,586.5,338.5,533.0,277.0,544.0,297.0,630.0,307.0,643.0,287.0,572.0,401.0,546.0,374.0,597.0,383.0,571.0,400.0,571.0,397.0
13782.jpg,0.55,586.0,338.0,533.0,277.0,544.0,298.0,630.0,306.0,643.0,286.0,571.0,400.0,546.0,374.0,592.0,386.0,571.0,400.0,571.0,397.0
13788.jpg,0.55,586.5,338.0,534.0,278.0,543.0,298.0,631.0,306.0,642.0,287.0,571.0,401.0,547.0,377.0,599.0,381.0,571.0,400.0,571.0,396.0
13794.jpg,0.55,587.0,338.0,534.0,277.0,545.0,298.0,630.0,306.0,643.0,286.0,572.0,401.0,547.0,376.0,598.0,383.0,572.0,400.0,572.0,396.0
13800.jpg,0.55,587.0,338.0,534.0,278.0,545.0,298.0,630.0,306.0,643.0,286.0,571.0,401.0,547.0,374.0,593.0,387.0,572.0,399.0,572.0,396.0
13806.jpg,0.555,587.0,337.5,534.0,277.0,545.0,298.0,630.0,306.0,643.0,287.0,572.0,401.0,548.0,375.0,598.0,383.0,572.0,399.0,572.0,396.0
13812.jpg,0.555,588.0,337.5,534.0,276.0,545.0,298.0,631.0,306.0,643.0,287.0,573.0,401.0,549.0,375.0,599.0,383.0,573.0,400.0,574.0,396.0
13818.jpg,0.56,589.0,339.0,535.0,278.0,545.0,298.0,633.0,306.0,645.0,289.0,574.0,402.0,550.0,376.0,597.0,385.0,574.0,401.0,574.0,400.0
13824.jpg,0.56,598.5,341.0,543.0,286.0,554.0,306.0,643.0,307.0,653.0,292.0,589.0,403.0,560.0,373.0,618.0,380.0,589.0,403.0,589.0,402.0
13830.jpg,0.565,604.0,344.5,549.0,288.0,563.0,310.0,646.0,312.0,659.0,289.0,605.0,404.0,579.0,384.0,630.0,382.0,604.0,404.0,605.0,395.0
13836.jpg,0.56,603.0,345.0,547.0,288.0,561.0,309.0,646.0,311.0,659.0,289.0,602.0,407.0,575.0,389.0,625.0,393.0,602.0,406.0,601.0,404.0
13842.jpg,0.56,600.0,344.0,545.0,286.0,558.0,307.0,644.0,309.0,657.0,287.0,596.0,406.0,572.0,384.0,616.0,391.0,594.0,405.0,594.0,403.0
13848.jpg,0.55,600.0,342.0,545.0,285.0,557.0,303.0,646.0,303.0,656.0,285.0,597.0,404.0,570.0,377.0,618.0,388.0,596.0,403.0,596.0,401.0
13854.jpg,0.555,601.5,341.5,546.0,284.0,557.0,302.0,647.0,302.0,657.0,285.0,597.0,404.0,571.0,377.0,619.0,388.0,597.0,403.0,597.0,402.0
13860.jpg,0.565,603.0,340.5,547.0,283.0,559.0,303.0,648.0,302.0,658.0,284.0,599.0,403.0,573.0,378.0,620.0,388.0,597.0,403.0,597.0,401.0
13866.jpg,0.56,602.0,341.0,547.0,284.0,559.0,305.0,648.0,303.0,658.0,285.0,599.0,401.0,572.0,376.0,623.0,381.0,599.0,402.0,598.0,401.0
13872.jpg,0.56,602.0,340.0,547.0,284.0,558.0,305.0,648.0,303.0,658.0,284.0,600.0,400.0,575.0,376.0,623.0,382.0,599.0,401.0,598.0,400.0
13878.jpg,0.56,602.0,340.0,546.0,283.0,558.0,304.0,648.0,302.0,657.0,284.0,600.0,399.0,570.0,373.0,623.0,380.0,600.0,399.0,599.0,399.0
13884.jpg,0.555,601.5,340.5,547.0,284.0,557.0,304.0,648.0,303.0,658.0,284.0,599.0,401.0,578.0,381.0,620.0,387.0,599.0,400.0,599.0,399.0
13890.jpg,0.56,601.5,340.0,547.0,283.0,558.0,304.0,648.0,303.0,658.0,283.0,599.0,401.0,578.0,382.0,622.0,383.0,599.0,401.0,599.0,400.0
13896.jpg,0.555,601.5,340.5,546.0,284.0,558.0,305.0,647.0,303.0,657.0,284.0,599.0,401.0,579.0,383.0,620.0,387.0,598.0,401.0,598.0,400.0
13902.jpg,0.555,601.0,340.5,546.0,283.0,557.0,304.0,648.0,301.0,657.0,284.0,599.0,400.0,578.0,382.0,619.0,386.0,598.0,401.0,598.0,400.0
13908.jpg,0.555,600.5,340.5,546.0,284.0,556.0,304.0,647.0,301.0,657.0,284.0,597.0,400.0,578.0,382.0,621.0,383.0,596.0,401.0,596.0,400.0
13914.jpg,0.55,600.5,341.0,546.0,284.0,556.0,303.0,648.0,302.0,656.0,284.0,597.0,400.0,578.0,382.0,619.0,386.0,597.0,401.0,597.0,400.0
13920.jpg,0.55,600.0,340.0,545.0,284.0,557.0,302.0,646.0,302.0,656.0,284.0,598.0,400.0,570.0,373.0,621.0,383.0,598.0,401.0,598.0,399.0
13926.jpg,0.55,600.0,340.5,546.0,285.0,557.0,303.0,646.0,303.0,656.0,284.0,598.0,401.0,576.0,380.0,620.0,382.0,598.0,401.0,598.0,398.0
13932.jpg,0.55,600.0,340.0,546.0,284.0,557.0,303.0,646.0,302.0,656.0,284.0,598.0,399.0,576.0,380.0,619.0,385.0,598.0,400.0,597.0,399.0
13938.jpg,0.545,599.5,339.5,545.0,284.0,556.0,303.0,646.0,302.0,656.0,283.0,597.0,399.0,576.0,380.0,619.0,386.0,597.0,399.0,597.0,397.0
13944.jpg,0.55,600.0,340.0,545.0,284.0,556.0,303.0,646.0,302.0,656.0,284.0,598.0,399.0,577.0,381.0,619.0,385.0,598.0,400.0,597.0,399.0
13950.jpg,0.55,600.0,340.0,545.0,283.0,556.0,303.0,646.0,302.0,656.0,284.0,599.0,399.0,576.0,380.0,618.0,386.0,598.0,399.0,598.0,399.0
13956.jpg,0.55,600.5,340.0,546.0,285.0,557.0,305.0,647.0,302.0,656.0,284.0,598.0,399.0,577.0,381.0,619.0,386.0,597.0,400.0,596.0,399.0
13962.jpg,0.55,600.5,340.0,546.0,285.0,557.0,305.0,647.0,302.0,656.0,284.0,598.0,399.0,578.0,381.0,624.0,379.0,597.0,400.0,597.0,399.0
13968.jpg,0.55,600.5,340.0,546.0,284.0,556.0,303.0,647.0,302.0,656.0,284.0,599.0,398.0,578.0,380.0,620.0,384.0,599.0,399.0,598.0,399.0
13974.jpg,0.55,601.0,339.0,547.0,284.0,558.0,305.0,647.0,301.0,657.0,283.0,600.0,397.0,573.0,372.0,621.0,379.0,600.0,398.0,600.0,398.0
13980.jpg,0.555,601.5,338.5,547.0,284.0,560.0,307.0,647.0,302.0,657.0,282.0,603.0,397.0,578.0,377.0,623.0,380.0,601.0,397.0,600.0,398.0
13986.jpg,0.56,602.0,339.0,548.0,286.0,560.0,305.0,649.0,301.0,659.0,282.0,606.0,396.0,580.0,375.0,625.0,379.0,606.0,397.0,606.0,394.0
13998.jpg,0.32,721.0,256.0,698.0,218.0,706.0,230.0,729.0,226.0,699.0,218.0,749.0,295.0,707.0,285.0,708.0,246.0,734.0,295.0,729.0,295.0
14004.jpg,0.33,737.0,246.0,708.0,213.0,718.0,226.0,718.0,226.0,709.0,211.0,771.0,255.0,732.0,272.0,731.0,274.0,759.0,280.0,746.0,285.0
14010.jpg,0.335,736.0,251.5,708.0,213.0,718.0,227.0,718.0,227.0,709.0,212.0,772.0,286.0,703.0,275.0,737.0,289.0,751.0,292.0,745.0,293.0
14016.jpg,0.385,738.0,251.5,706.0,207.0,717.0,225.0,718.0,224.0,707.0,206.0,782.0,286.0,740.0,287.0,741.0,288.0,758.0,296.0,755.0,297.0
14022.jpg,0.455,743.5,254.5,705.0,202.0,718.0,222.0,719.0,221.0,707.0,200.0,792.0,287.0,724.0,305.0,727.0,305.0,763.0,305.0,761.0,306.0
14028.jpg,0.405,739.5,251.5,705.0,204.0,716.0,222.0,717.0,221.0,706.0,203.0,785.0,283.0,740.0,287.0,742.0,287.0,761.0,297.0,759.0,297.0
14034.jpg,0.35,731.5,252.0,703.0,210.0,712.0,226.0,712.0,224.0,703.0,209.0,763.0,296.0,722.0,281.0,723.0,280.0,746.0,295.0,737.0,295.0
14058.jpg,0.27,694.5,249.0,694.0,216.0,690.0,234.0,714.0,231.0,697.0,216.0,715.0,238.0,682.0,268.0,716.0,270.0,698.0,282.0,692.0,280.0
14064.jpg,0.525,600.5,301.0,548.0,272.0,560.0,283.0,648.0,269.0,653.0,259.0,609.0,345.0,593.0,331.0,632.0,330.0,610.0,345.0,611.0,344.0
14070.jpg,0.535,578.5,318.5,524.0,268.0,535.0,287.0,622.0,287.0,633.0,271.0,565.0,374.0,544.0,353.0,593.0,356.0,565.0,374.0,564.0,375.0
14076.jpg,0.54,586.0,317.5,534.0,273.0,547.0,293.0,631.0,288.0,642.0,269.0,589.0,371.0,565.0,352.0,613.0,350.0,589.0,370.0,589.0,366.0
14082.jpg,0.545,623.5,286.0,569.0,276.0,584.0,288.0,666.0,252.0,668.0,232.0,665.0,335.0,630.0,334.0,671.0,313.0,663.0,336.0,661.0,337.0
14088.jpg,0.565,630.5,271.0,572.0,271.0,589.0,281.0,668.0,239.0,670.0,219.0,676.0,323.0,639.0,323.0,681.0,297.0,672.0,322.0,669.0,316.0
14094.jpg,0.545,630.5,276.0,578.0,282.0,594.0,291.0,673.0,248.0,674.0,229.0,672.0,328.0,629.0,325.0,684.0,305.0,671.0,328.0,661.0,321.0
14100.jpg,0.505,657.5,280.0,598.0,295.0,606.0,299.0,682.0,249.0,681.0,229.0,701.0,333.0,649.0,331.0,707.0,306.0,694.0,325.0,694.0,323.0
14106.jpg,0.555,645.5,289.5,588.0,293.0,599.0,300.0,679.0,258.0,678.0,237.0,690.0,340.0,654.0,339.0,700.0,317.0,687.0,338.0,683.0,331.0
14112.jpg,0.45,659.0,257.0,666.0,204.0,663.0,232.0,664.0,232.0,667.0,205.0,692.0,305.0,607.0,273.0,698.0,279.0,669.0,308.0,665.0,308.0
14118.jpg,0.31,691.0,240.0,680.0,202.0,677.0,223.0,672.0,209.0,680.0,202.0,720.0,270.0,674.0,257.0,718.0,264.0,695.0,278.0,671.0,211.0
14124.jpg,0.295,707.0,246.5,682.0,212.0,686.0,222.0,723.0,225.0,688.0,212.0,733.0,281.0,701.0,281.0,732.0,261.0,729.0,283.0,731.0,283.0
14130.jpg,0.325,720.5,243.5,690.0,209.0,697.0,226.0,701.0,210.0,690.0,207.0,755.0,270.0,724.0,279.0,726.0,278.0,750.0,277.0,749.0,279.0
14136.jpg,0.5,740.5,229.0,694.0,191.0,707.0,215.0,707.0,214.0,695.0,190.0,783.0,225.0,736.0,280.0,732.0,279.0,782.0,271.0,767.0,275.0
14142.jpg,0.56,743.5,227.0,691.0,195.0,708.0,219.0,707.0,219.0,690.0,193.0,794.0,232.0,769.0,289.0,775.0,271.0,799.0,276.0,797.0,282.0
14148.jpg,0.595,730.0,240.5,673.0,208.0,689.0,233.0,737.0,190.0,735.0,179.0,786.0,252.0,759.0,301.0,785.0,249.0,787.0,293.0,775.0,300.0
14154.jpg,0.65,726.0,225.0,662.0,197.0,683.0,220.0,740.0,170.0,741.0,159.0,786.0,240.0,740.0,297.0,788.0,234.0,784.0,281.0,777.0,288.0
14160.jpg,0.625,731.5,222.5,672.0,194.0,690.0,216.0,739.0,174.0,736.0,159.0,788.0,236.0,759.0,279.0,786.0,230.0,794.0,270.0,788.0,279.0
14166.jpg,0.59,728.5,229.0,671.0,194.0,689.0,219.0,690.0,220.0,672.0,191.0,791.0,276.0,711.0,291.0,718.0,289.0,760.0,288.0,753.0,291.0
14172.jpg,0.465,736.5,235.5,692.0,196.0,709.0,219.0,709.0,216.0,692.0,195.0,783.0,238.0,749.0,270.0,750.0,270.0,761.0,276.0,755.0,277.0
14178.jpg,0.335,711.5,235.5,689.0,196.0,697.0,209.0,697.0,208.0,689.0,195.0,742.0,267.0,713.0,277.0,704.0,264.0,731.0,277.0,717.0,277.0
14184.jpg,0.36,685.0,238.0,683.0,195.0,687.0,211.0,687.0,209.0,683.0,195.0,711.0,281.0,690.0,196.0,691.0,196.0,693.0,282.0,690.0,283.0
14190.jpg,0.315,704.0,239.5,686.0,202.0,691.0,215.0,691.0,214.0,694.0,202.0,731.0,278.0,693.0,265.0,697.0,266.0,710.0,278.0,707.0,278.0
14196.jpg,0.32,704.0,243.5,693.0,206.0,699.0,219.0,699.0,217.0,693.0,205.0,732.0,282.0,686.0,269.0,690.0,269.0,710.0,282.0,703.0,282.0
14202.jpg,0.33,697.0,240.0,686.0,201.0,689.0,212.0,690.0,212.0,690.0,200.0,725.0,281.0,675.0,253.0,681.0,257.0,704.0,280.0,697.0,280.0
14208.jpg,0.35,712.5,244.0,687.0,202.0,693.0,220.0,693.0,219.0,691.0,202.0,737.0,287.0,710.0,280.0,711.0,280.0,732.0,287.0,716.0,288.0
14214.jpg,0.41,727.0,237.5,690.0,195.0,701.0,216.0,731.0,202.0,691.0,193.0,762.0,242.0,736.0,279.0,741.0,278.0,761.0,284.0,749.0,286.0
14220.jpg,0.495,728.5,248.0,679.0,203.0,691.0,230.0,690.0,229.0,680.0,202.0,779.0,266.0,751.0,302.0,751.0,290.0,775.0,300.0,773.0,302.0
14238.jpg,0.425,689.0,234.5,662.0,184.0,669.0,206.0,711.0,196.0,662.0,184.0,717.0,286.0,656.0,272.0,727.0,252.0,695.0,283.0,692.0,284.0
14250.jpg,0.555,600.5,361.0,545.0,317.0,551.0,344.0,648.0,331.0,654.0,312.0,619.0,417.0,591.0,401.0,646.0,389.0,618.0,416.0,617.0,414.0
14256.jpg,0.565,554.5,374.5,505.0,328.0,510.0,349.0,602.0,353.0,611.0,334.0,561.0,425.0,542.0,410.0,586.0,409.0,562.0,426.0,562.0,425.0
14262.jpg,0.525,573.5,348.0,512.0,315.0,515.0,323.0,618.0,327.0,626.0,310.0,585.0,400.0,566.0,386.0,605.0,387.0,586.0,400.0,585.0,398.0
14268.jpg,0.53,568.0,367.5,507.0,337.0,515.0,350.0,612.0,352.0,623.0,332.0,575.0,412.0,557.0,398.0,597.0,399.0,576.0,412.0,576.0,411.0
14274.jpg,0.54,556.0,346.0,503.0,320.0,510.0,333.0,601.0,342.0,610.0,324.0,554.0,386.0,536.0,374.0,573.0,374.0,554.0,386.0,553.0,386.0
14280.jpg,0.605,548.5,345.0,482.0,302.0,489.0,301.0,602.0,359.0,607.0,344.0,546.0,402.0,521.0,387.0,607.0,343.0,546.0,403.0,547.0,400.0
14286.jpg,0.525,565.5,339.0,512.0,310.0,518.0,324.0,608.0,328.0,618.0,309.0,571.0,380.0,553.0,369.0,592.0,370.0,571.0,382.0,571.0,382.0
14292.jpg,0.51,570.0,342.5,516.0,316.0,520.0,329.0,611.0,335.0,621.0,317.0,574.0,383.0,557.0,371.0,594.0,370.0,574.0,383.0,573.0,383.0
14298.jpg,0.515,580.5,352.0,527.0,326.0,532.0,339.0,621.0,339.0,632.0,320.0,588.0,392.0,569.0,380.0,606.0,379.0,588.0,393.0,587.0,392.0
14304.jpg,0.56,561.0,358.5,507.0,328.0,514.0,339.0,607.0,345.0,617.0,328.0,563.0,405.0,546.0,390.0,584.0,390.0,564.0,404.0,564.0,403.0
14310.jpg,0.54,527.0,356.5,475.0,317.0,481.0,335.0,570.0,356.0,581.0,343.0,508.0,401.0,491.0,384.0,530.0,393.0,508.0,402.0,507.0,402.0
14316.jpg,0.525,545.5,343.5,492.0,308.0,498.0,328.0,587.0,342.0,599.0,325.0,535.0,382.0,517.0,369.0,556.0,375.0,535.0,386.0,534.0,386.0
14322.jpg,0.53,555.0,341.5,502.0,307.0,508.0,323.0,595.0,332.0,609.0,315.0,555.0,381.0,537.0,368.0,575.0,370.0,555.0,382.0,555.0,382.0
14328.jpg,0.46,581.0,354.0,532.0,331.0,527.0,336.0,616.0,343.0,626.0,326.0,584.0,392.0,565.0,380.0,603.0,381.0,584.0,393.0,582.0,392.0
14334.jpg,0.73,593.5,300.0,506.0,305.0,523.0,311.0,647.0,337.0,655.0,315.0,636.0,382.0,618.0,381.0,655.0,314.0,639.0,381.0,647.0,377.0
14340.jpg,0.47,608.0,336.5,570.0,348.0,643.0,322.0,644.0,323.0,652.0,303.0,629.0,374.0,614.0,371.0,644.0,361.0,630.0,374.0,629.0,374.0
14346.jpg,0.745,585.5,287.0,654.0,294.0,499.0,256.0,648.0,317.0,655.0,296.0,638.0,361.0,594.0,354.0,657.0,296.0,641.0,358.0,643.0,360.0
14352.jpg,0.505,582.5,337.0,526.0,317.0,532.0,331.0,622.0,325.0,631.0,306.0,588.0,375.0,569.0,367.0,606.0,365.0,588.0,377.0,586.0,376.0
14358.jpg,0.51,585.0,333.0,531.0,316.0,534.0,324.0,627.0,321.0,635.0,302.0,599.0,371.0,582.0,362.0,615.0,359.0,600.0,372.0,599.0,372.0
14364.jpg,0.495,589.5,343.0,571.0,301.0,573.0,308.0,626.0,330.0,636.0,312.0,592.0,387.0,576.0,377.0,610.0,375.0,591.0,387.0,591.0,387.0
14370.jpg,0.535,581.5,343.0,527.0,317.0,538.0,334.0,623.0,325.0,634.0,305.0,597.0,391.0,578.0,380.0,616.0,375.0,597.0,390.0,597.0,390.0
14376.jpg,0.55,571.0,373.0,516.0,336.0,526.0,350.0,616.0,349.0,626.0,330.0,575.0,420.0,557.0,404.0,596.0,406.0,575.0,421.0,575.0,421.0
14382.jpg,0.535,563.5,373.5,510.0,331.0,518.0,347.0,607.0,352.0,619.0,333.0,563.0,423.0,543.0,405.0,584.0,409.0,563.0,424.0,563.0,423.0
14388.jpg,0.55,566.5,384.0,512.0,339.0,521.0,360.0,612.0,361.0,622.0,343.0,569.0,436.0,549.0,419.0,590.0,420.0,569.0,434.0,570.0,434.0
14394.jpg,0.56,558.0,376.0,504.0,326.0,514.0,345.0,603.0,350.0,615.0,330.0,558.0,431.0,535.0,411.0,583.0,416.0,559.0,428.0,559.0,427.0
14400.jpg,0.545,563.5,377.0,510.0,324.0,520.0,346.0,606.0,349.0,619.0,329.0,561.0,433.0,543.0,413.0,585.0,416.0,562.0,430.0,562.0,429.0
14406.jpg,0.555,563.5,383.5,510.0,327.0,520.0,349.0,606.0,354.0,620.0,334.0,558.0,445.0,534.0,422.0,585.0,431.0,558.0,443.0,558.0,442.0
14412.jpg,0.59,549.5,392.0,494.0,331.0,506.0,353.0,591.0,368.0,607.0,349.0,526.0,465.0,506.0,443.0,564.0,444.0,528.0,453.0,528.0,453.0
14418.jpg,0.62,550.5,411.0,496.0,346.0,507.0,369.0,590.0,384.0,609.0,365.0,526.0,488.0,502.0,462.0,564.0,467.0,527.0,477.0,529.0,475.0
14424.jpg,0.57,556.5,400.0,505.0,342.0,514.0,364.0,599.0,373.0,613.0,352.0,543.0,466.0,521.0,441.0,569.0,448.0,544.0,463.0,544.0,460.0
14430.jpg,0.565,563.5,398.5,510.0,340.0,522.0,362.0,605.0,368.0,621.0,347.0,556.0,465.0,530.0,441.0,586.0,445.0,557.0,461.0,557.0,457.0
14436.jpg,0.545,568.5,387.5,515.0,334.0,528.0,354.0,612.0,352.0,624.0,331.0,574.0,449.0,546.0,426.0,597.0,428.0,575.0,448.0,575.0,444.0
14442.jpg,0.525,569.5,375.5,516.0,338.0,525.0,356.0,614.0,352.0,622.0,331.0,581.0,420.0,558.0,410.0,598.0,403.0,581.0,422.0,580.0,422.0
14448.jpg,0.445,632.5,330.5,590.0,290.0,604.0,308.0,661.0,312.0,666.0,291.0,660.0,371.0,592.0,343.0,671.0,351.0,635.0,370.0,637.0,370.0
14454.jpg,0.34,696.0,334.5,698.0,297.0,697.0,317.0,697.0,317.0,700.0,297.0,716.0,377.0,679.0,359.0,680.0,360.0,700.0,295.0,692.0,377.0
14460.jpg,0.48,654.0,365.0,606.0,345.0,618.0,358.0,682.0,343.0,687.0,322.0,686.0,412.0,644.0,404.0,696.0,389.0,679.0,406.0,679.0,406.0
14466.jpg,0.535,582.5,363.5,528.0,336.0,538.0,350.0,627.0,338.0,635.0,320.0,596.0,406.0,573.0,395.0,611.0,388.0,595.0,405.0,594.0,405.0
14472.jpg,0.53,594.0,333.5,541.0,315.0,551.0,330.0,640.0,315.0,646.0,292.0,626.0,378.0,603.0,371.0,638.0,358.0,625.0,379.0,623.0,377.0
14478.jpg,0.525,597.5,336.5,545.0,310.0,560.0,328.0,643.0,310.0,650.0,287.0,629.0,388.0,607.0,376.0,645.0,367.0,629.0,387.0,627.0,384.0
14484.jpg,0.57,606.0,344.0,551.0,314.0,567.0,332.0,650.0,311.0,657.0,286.0,639.0,409.0,609.0,395.0,659.0,387.0,639.0,403.0,638.0,395.0
14490.jpg,0.6,576.0,365.0,518.0,303.0,535.0,324.0,619.0,317.0,633.0,295.0,587.0,439.0,556.0,426.0,620.0,426.0,589.0,435.0,589.0,432.0
14496.jpg,0.61,556.0,362.0,499.0,290.0,514.0,311.0,600.0,314.0,615.0,292.0,545.0,433.0,514.0,417.0,580.0,430.0,549.0,432.0,550.0,429.0
14502.jpg,0.6,562.5,370.0,507.0,298.0,520.0,320.0,606.0,327.0,622.0,303.0,550.0,444.0,521.0,421.0,587.0,432.0,555.0,444.0,555.0,444.0
14508.jpg,0.595,568.5,369.0,513.0,299.0,525.0,320.0,611.0,326.0,627.0,302.0,559.0,443.0,536.0,428.0,595.0,429.0,563.0,443.0,563.0,443.0
14514.jpg,0.595,572.0,369.5,517.0,300.0,530.0,322.0,616.0,325.0,631.0,301.0,567.0,443.0,541.0,429.0,595.0,436.0,569.0,443.0,569.0,443.0
14520.jpg,0.61,576.0,368.0,521.0,299.0,534.0,321.0,620.0,323.0,634.0,300.0,573.0,444.0,545.0,426.0,607.0,427.0,575.0,444.0,573.0,444.0
14526.jpg,0.6,577.0,366.0,522.0,298.0,535.0,321.0,621.0,321.0,634.0,298.0,579.0,440.0,545.0,425.0,610.0,423.0,579.0,440.0,579.0,432.0
14532.jpg,0.605,578.5,366.5,523.0,298.0,537.0,322.0,622.0,322.0,636.0,298.0,580.0,441.0,548.0,425.0,611.0,424.0,580.0,441.0,580.0,440.0
14538.jpg,0.6,579.0,366.0,525.0,298.0,539.0,323.0,623.0,321.0,638.0,297.0,583.0,440.0,555.0,426.0,611.0,426.0,585.0,440.0,584.0,439.0
14544.jpg,0.605,579.5,367.5,525.0,299.0,540.0,324.0,625.0,321.0,638.0,298.0,584.0,442.0,557.0,428.0,611.0,429.0,586.0,442.0,585.0,441.0
14550.jpg,0.605,580.5,368.0,526.0,301.0,541.0,324.0,626.0,322.0,639.0,298.0,587.0,443.0,558.0,427.0,612.0,428.0,587.0,443.0,587.0,443.0
14556.jpg,0.6,582.0,368.0,528.0,302.0,543.0,326.0,628.0,322.0,642.0,299.0,588.0,442.0,560.0,428.0,614.0,430.0,591.0,442.0,591.0,442.0
14562.jpg,0.6,583.0,367.5,529.0,305.0,544.0,328.0,630.0,323.0,642.0,298.0,592.0,442.0,562.0,427.0,615.0,430.0,592.0,442.0,592.0,442.0
14568.jpg,0.595,583.5,367.5,530.0,305.0,545.0,328.0,630.0,323.0,643.0,299.0,594.0,441.0,566.0,428.0,618.0,427.0,594.0,441.0,594.0,439.0
14574.jpg,0.59,584.0,368.0,530.0,306.0,546.0,329.0,630.0,323.0,642.0,300.0,593.0,441.0,567.0,430.0,617.0,427.0,593.0,441.0,593.0,441.0
14580.jpg,0.595,583.5,368.0,530.0,305.0,546.0,327.0,631.0,321.0,643.0,299.0,594.0,442.0,568.0,431.0,619.0,426.0,594.0,442.0,595.0,440.0
14586.jpg,0.595,583.5,367.5,530.0,305.0,545.0,328.0,630.0,322.0,643.0,299.0,594.0,441.0,567.0,428.0,619.0,422.0,594.0,441.0,595.0,438.0
14592.jpg,0.59,584.0,366.0,530.0,304.0,546.0,327.0,630.0,322.0,643.0,298.0,597.0,439.0,559.0,418.0,627.0,418.0,595.0,439.0,595.0,428.0
14598.jpg,0.59,584.0,366.0,530.0,304.0,546.0,327.0,630.0,322.0,643.0,298.0,590.0,439.0,568.0,425.0,621.0,421.0,593.0,439.0,593.0,435.0
14604.jpg,0.595,583.5,367.0,530.0,304.0,545.0,326.0,630.0,323.0,643.0,298.0,594.0,441.0,559.0,420.0,619.0,424.0,594.0,441.0,595.0,434.0
14610.jpg,0.595,585.0,364.5,529.0,302.0,545.0,326.0,630.0,320.0,643.0,296.0,591.0,438.0,563.0,421.0,619.0,421.0,591.0,438.0,592.0,431.0
14616.jpg,0.605,579.5,365.5,523.0,298.0,538.0,322.0,623.0,319.0,637.0,297.0,579.0,440.0,546.0,419.0,612.0,423.0,577.0,435.0,577.0,434.0
14622.jpg,0.6,566.0,357.0,508.0,285.0,524.0,307.0,608.0,315.0,626.0,292.0,551.0,431.0,524.0,417.0,586.0,426.0,554.0,431.0,555.0,430.0
14628.jpg,0.615,554.0,353.5,499.0,283.0,508.0,304.0,592.0,325.0,613.0,301.0,522.0,430.0,500.0,407.0,561.0,424.0,527.0,428.0,529.0,428.0
14634.jpg,0.62,537.0,361.0,491.0,287.0,498.0,314.0,578.0,340.0,600.0,320.0,495.0,438.0,481.0,417.0,544.0,431.0,502.0,438.0,503.0,436.0
14640.jpg,0.605,542.0,381.5,491.0,314.0,502.0,338.0,583.0,358.0,602.0,338.0,515.0,456.0,490.0,430.0,549.0,442.0,517.0,451.0,518.0,448.0
14646.jpg,0.565,557.5,378.5,504.0,319.0,514.0,342.0,597.0,354.0,614.0,333.0,537.0,449.0,514.0,420.0,570.0,428.0,537.0,449.0,538.0,441.0
14652.jpg,0.56,571.0,379.0,518.0,319.0,529.0,341.0,613.0,347.0,628.0,325.0,559.0,448.0,537.0,428.0,592.0,428.0,562.0,448.0,563.0,438.0
14658.jpg,0.585,587.0,378.5,532.0,314.0,546.0,337.0,630.0,337.0,645.0,314.0,589.0,451.0,549.0,429.0,617.0,432.0,587.0,444.0,588.0,440.0
14664.jpg,0.59,562.0,364.0,509.0,294.0,519.0,316.0,602.0,332.0,621.0,311.0,531.0,437.0,508.0,419.0,572.0,432.0,538.0,437.0,539.0,435.0
14670.jpg,0.645,536.0,348.5,491.0,272.0,497.0,300.0,577.0,328.0,600.0,309.0,490.0,428.0,472.0,405.0,540.0,420.0,502.0,426.0,502.0,428.0
14676.jpg,0.65,523.5,349.0,481.0,274.0,488.0,303.0,563.0,337.0,587.0,320.0,472.0,429.0,456.0,400.0,516.0,422.0,476.0,426.0,489.0,422.0
14682.jpg,0.625,533.5,361.5,489.0,287.0,494.0,315.0,572.0,344.0,596.0,325.0,491.0,439.0,472.0,414.0,529.0,429.0,496.0,439.0,498.0,437.0
14688.jpg,0.615,536.5,364.5,492.0,291.0,497.0,318.0,577.0,344.0,599.0,325.0,500.0,441.0,476.0,416.0,535.0,433.0,505.0,441.0,504.0,439.0
14694.jpg,0.61,538.5,365.0,494.0,292.0,500.0,318.0,580.0,343.0,600.0,323.0,504.0,441.0,480.0,416.0,546.0,429.0,507.0,441.0,507.0,439.0
14700.jpg,0.605,541.5,365.5,494.0,293.0,501.0,318.0,583.0,342.0,603.0,323.0,508.0,440.0,485.0,419.0,547.0,428.0,510.0,440.0,510.0,440.0
14706.jpg,0.595,543.5,366.5,495.0,296.0,504.0,319.0,584.0,342.0,604.0,322.0,510.0,440.0,488.0,415.0,552.0,427.0,513.0,440.0,514.0,438.0
14712.jpg,0.585,546.5,367.5,497.0,298.0,505.0,321.0,585.0,343.0,605.0,323.0,512.0,440.0,492.0,418.0,553.0,427.0,516.0,440.0,517.0,438.0
14718.jpg,0.59,551.0,371.0,500.0,301.0,508.0,324.0,590.0,343.0,609.0,323.0,520.0,444.0,496.0,416.0,558.0,429.0,520.0,444.0,522.0,442.0
14724.jpg,0.58,553.0,370.0,502.0,301.0,511.0,326.0,593.0,344.0,611.0,322.0,523.0,442.0,502.0,422.0,564.0,427.0,527.0,442.0,528.0,440.0
14730.jpg,0.58,554.0,370.0,503.0,302.0,512.0,326.0,594.0,344.0,612.0,321.0,524.0,442.0,503.0,420.0,565.0,427.0,528.0,442.0,530.0,440.0
14736.jpg,0.58,554.0,369.0,503.0,302.0,512.0,326.0,595.0,344.0,612.0,321.0,524.0,441.0,505.0,419.0,565.0,427.0,531.0,441.0,531.0,441.0
14742.jpg,0.585,554.5,370.5,503.0,303.0,512.0,327.0,594.0,343.0,612.0,322.0,524.0,443.0,505.0,422.0,566.0,425.0,529.0,443.0,529.0,443.0
14748.jpg,0.58,556.5,370.0,504.0,302.0,513.0,327.0,596.0,342.0,613.0,321.0,531.0,442.0,508.0,421.0,562.0,428.0,535.0,442.0,535.0,442.0
14754.jpg,0.58,572.0,378.0,515.0,310.0,529.0,330.0,616.0,337.0,632.0,317.0,569.0,450.0,540.0,433.0,596.0,430.0,567.0,445.0,567.0,443.0
14760.jpg,0.585,597.0,375.5,538.0,323.0,556.0,342.0,644.0,330.0,654.0,308.0,621.0,448.0,576.0,434.0,640.0,426.0,619.0,448.0,620.0,437.0
14766.jpg,0.59,606.5,371.0,550.0,324.0,568.0,342.0,654.0,325.0,662.0,303.0,640.0,444.0,597.0,431.0,658.0,419.0,638.0,433.0,638.0,432.0
14772.jpg,0.585,611.0,371.5,555.0,326.0,572.0,344.0,658.0,323.0,665.0,303.0,645.0,444.0,602.0,425.0,663.0,414.0,643.0,434.0,642.0,432.0
14778.jpg,0.56,615.0,367.5,561.0,329.0,574.0,347.0,663.0,325.0,669.0,303.0,652.0,437.0,616.0,421.0,667.0,402.0,646.0,424.0,646.0,424.0
14784.jpg,0.555,628.0,356.5,573.0,334.0,587.0,348.0,673.0,320.0,678.0,298.0,667.0,419.0,633.0,411.0,679.0,394.0,660.0,412.0,658.0,406.0
14790.jpg,0.535,611.0,363.5,558.0,345.0,568.0,355.0,656.0,331.0,660.0,311.0,638.0,415.0,602.0,403.0,650.0,393.0,637.0,415.0,633.0,409.0
14796.jpg,0.52,600.0,359.0,550.0,331.0,560.0,346.0,647.0,329.0,653.0,306.0,618.0,408.0,587.0,396.0,634.0,389.0,616.0,407.0,615.0,407.0
14802.jpg,0.535,589.5,360.5,537.0,318.0,548.0,337.0,635.0,329.0,645.0,308.0,593.0,413.0,570.0,397.0,610.0,398.0,593.0,413.0,593.0,412.0
14808.jpg,0.545,569.5,368.5,517.0,312.0,526.0,334.0,613.0,341.0,625.0,322.0,554.0,426.0,526.0,400.0,580.0,413.0,554.0,427.0,552.0,427.0
14814.jpg,0.58,556.0,369.0,505.0,305.0,513.0,328.0,599.0,346.0,614.0,328.0,529.0,439.0,500.0,412.0,563.0,423.0,530.0,434.0,531.0,429.0
14820.jpg,0.66,529.0,360.0,490.0,286.0,497.0,317.0,575.0,348.0,595.0,333.0,485.0,436.0,462.0,406.0,547.0,414.0,486.0,433.0,488.0,429.0
14826.jpg,0.605,538.5,366.0,494.0,300.0,501.0,325.0,581.0,349.0,599.0,333.0,499.0,437.0,479.0,410.0,543.0,420.0,502.0,433.0,503.0,430.0
14832.jpg,0.58,547.5,367.0,500.0,301.0,506.0,325.0,589.0,347.0,606.0,330.0,515.0,439.0,495.0,413.0,551.0,419.0,516.0,434.0,517.0,427.0
14838.jpg,0.57,553.0,365.0,503.0,300.0,510.0,325.0,593.0,344.0,610.0,326.0,521.0,436.0,504.0,412.0,550.0,422.0,524.0,432.0,525.0,425.0
14844.jpg,0.565,556.5,364.0,507.0,301.0,513.0,325.0,597.0,343.0,614.0,324.0,531.0,429.0,507.0,403.0,560.0,414.0,531.0,424.0,530.0,424.0
14850.jpg,0.58,554.0,366.0,504.0,302.0,512.0,325.0,595.0,346.0,612.0,326.0,522.0,438.0,500.0,414.0,557.0,423.0,522.0,438.0,523.0,431.0
14856.jpg,0.575,556.5,369.5,505.0,302.0,515.0,327.0,598.0,344.0,614.0,323.0,527.0,441.0,507.0,418.0,564.0,421.0,529.0,441.0,529.0,436.0
14862.jpg,0.585,555.5,369.0,506.0,299.0,515.0,326.0,597.0,344.0,614.0,322.0,525.0,441.0,499.0,419.0,561.0,427.0,527.0,441.0,527.0,441.0
14868.jpg,0.585,552.5,366.5,502.0,300.0,512.0,325.0,592.0,344.0,610.0,325.0,515.0,439.0,496.0,414.0,557.0,421.0,520.0,439.0,520.0,433.0
14874.jpg,0.62,534.0,360.5,493.0,294.0,499.0,322.0,577.0,348.0,597.0,331.0,490.0,437.0,472.0,405.0,530.0,421.0,490.0,437.0,502.0,431.0
14880.jpg,0.63,520.5,360.0,485.0,295.0,490.0,324.0,565.0,354.0,584.0,338.0,474.0,431.0,459.0,405.0,515.0,418.0,475.0,430.0,476.0,426.0
14886.jpg,0.59,528.0,363.0,488.0,301.0,492.0,328.0,569.0,356.0,589.0,338.0,484.0,436.0,474.0,407.0,524.0,417.0,486.0,436.0,501.0,423.0
14892.jpg,0.635,524.5,366.0,486.0,299.0,491.0,329.0,569.0,356.0,588.0,339.0,482.0,437.0,465.0,409.0,523.0,423.0,486.0,434.0,491.0,422.0
14898.jpg,0.67,501.5,356.0,474.0,288.0,475.0,322.0,550.0,356.0,569.0,341.0,448.0,427.0,439.0,394.0,492.0,417.0,450.0,429.0,450.0,428.0
14904.jpg,0.66,498.0,353.5,471.0,288.0,472.0,320.0,544.0,357.0,565.0,343.0,444.0,423.0,435.0,388.0,491.0,409.0,446.0,423.0,451.0,411.0
14910.jpg,0.645,501.5,360.5,471.0,296.0,474.0,325.0,549.0,360.0,567.0,347.0,453.0,432.0,440.0,394.0,495.0,415.0,455.0,428.0,455.0,427.0
14916.jpg,0.65,514.0,369.5,480.0,305.0,483.0,334.0,560.0,367.0,579.0,349.0,471.0,443.0,464.0,392.0,513.0,424.0,472.0,437.0,473.0,437.0
14922.jpg,0.65,516.0,363.5,480.0,295.0,483.0,330.0,559.0,358.0,581.0,343.0,470.0,444.0,459.0,395.0,515.0,423.0,473.0,436.0,474.0,431.0
14928.jpg,0.685,500.0,350.5,474.0,279.0,476.0,313.0,548.0,350.0,569.0,338.0,444.0,425.0,433.0,390.0,490.0,419.0,446.0,427.0,446.0,425.0
14934.jpg,0.67,491.0,343.0,467.0,275.0,466.0,309.0,538.0,349.0,559.0,339.0,431.0,415.0,423.0,379.0,476.0,412.0,433.0,417.0,437.0,419.0
14940.jpg,0.685,482.5,339.5,462.0,272.0,460.0,307.0,528.0,351.0,551.0,341.0,419.0,408.0,417.0,375.0,466.0,404.0,419.0,410.0,418.0,405.0
14946.jpg,0.665,478.5,335.5,461.0,274.0,458.0,309.0,526.0,352.0,547.0,342.0,416.0,402.0,413.0,370.0,463.0,398.0,417.0,405.0,419.0,405.0
14952.jpg,0.645,488.5,341.5,467.0,277.0,464.0,314.0,535.0,353.0,556.0,341.0,434.0,409.0,424.0,373.0,480.0,404.0,433.0,412.0,434.0,412.0
14958.jpg,0.69,503.5,351.0,476.0,277.0,476.0,312.0,549.0,349.0,572.0,335.0,453.0,425.0,436.0,391.0,498.0,413.0,453.0,424.0,456.0,413.0
14964.jpg,0.635,526.0,355.5,487.0,283.0,491.0,313.0,568.0,345.0,590.0,328.0,481.0,434.0,461.0,410.0,523.0,419.0,481.0,432.0,484.0,427.0
14970.jpg,0.66,524.0,347.0,486.0,272.0,492.0,303.0,568.0,339.0,591.0,321.0,477.0,429.0,471.0,379.0,519.0,420.0,477.0,425.0,479.0,420.0
14976.jpg,0.705,507.0,339.5,478.0,265.0,479.0,295.0,552.0,338.0,577.0,323.0,449.0,415.0,437.0,385.0,493.0,414.0,452.0,419.0,457.0,414.0
14982.jpg,0.71,507.0,333.0,478.0,258.0,479.0,287.0,553.0,331.0,578.0,318.0,449.0,408.0,433.0,379.0,490.0,410.0,451.0,410.0,454.0,408.0
14988.jpg,0.71,512.0,335.0,481.0,260.0,483.0,290.0,558.0,332.0,581.0,317.0,459.0,414.0,441.0,386.0,497.0,414.0,459.0,414.0,460.0,411.0
14994.jpg,0.65,526.0,347.5,487.0,272.0,490.0,300.0,568.0,336.0,591.0,318.0,480.0,428.0,460.0,402.0,520.0,417.0,480.0,428.0,481.0,420.0
15000.jpg,0.69,514.5,332.0,481.0,256.0,483.0,286.0,557.0,329.0,582.0,314.0,456.0,410.0,444.0,382.0,501.0,410.0,459.0,413.0,475.0,409.0
15006.jpg,0.71,496.0,321.0,471.0,246.0,471.0,274.0,540.0,324.0,567.0,312.0,429.0,392.0,422.0,358.0,476.0,401.0,435.0,396.0,444.0,394.0
15012.jpg,0.725,484.0,317.5,465.0,242.0,465.0,275.0,531.0,327.0,557.0,317.0,417.0,390.0,410.0,354.0,457.0,398.0,421.0,394.0,431.0,394.0
15018.jpg,0.705,476.0,322.5,461.0,252.0,455.0,287.0,523.0,337.0,546.0,329.0,406.0,390.0,404.0,354.0,452.0,395.0,408.0,397.0,426.0,395.0
15024.jpg,0.69,479.0,329.5,463.0,265.0,457.0,298.0,526.0,345.0,548.0,336.0,415.0,398.0,418.0,367.0,465.0,393.0,421.0,393.0,425.0,390.0
15030.jpg,0.665,483.5,333.5,465.0,274.0,461.0,307.0,529.0,350.0,551.0,340.0,425.0,398.0,425.0,368.0,466.0,392.0,428.0,396.0,426.0,396.0
15036.jpg,0.635,491.5,337.0,469.0,281.0,467.0,312.0,539.0,351.0,558.0,339.0,441.0,403.0,438.0,374.0,480.0,394.0,444.0,404.0,444.0,405.0
15042.jpg,0.635,500.5,342.0,473.0,284.0,472.0,312.0,545.0,351.0,565.0,338.0,453.0,409.0,446.0,379.0,489.0,398.0,453.0,410.0,453.0,410.0
15048.jpg,0.63,503.0,343.5,475.0,283.0,473.0,313.0,547.0,351.0,567.0,337.0,456.0,409.0,449.0,379.0,494.0,399.0,457.0,410.0,471.0,398.0
15054.jpg,0.625,505.5,343.0,475.0,283.0,475.0,314.0,548.0,350.0,568.0,337.0,458.0,408.0,453.0,380.0,501.0,397.0,460.0,410.0,459.0,410.0
15060.jpg,0.63,505.0,343.5,475.0,283.0,475.0,314.0,549.0,351.0,569.0,337.0,459.0,409.0,451.0,380.0,496.0,400.0,459.0,411.0,458.0,411.0
15066.jpg,0.63,505.0,343.5,475.0,283.0,475.0,314.0,549.0,350.0,569.0,337.0,457.0,407.0,452.0,380.0,496.0,401.0,458.0,410.0,458.0,410.0
15072.jpg,0.635,505.5,345.0,473.0,285.0,476.0,315.0,549.0,351.0,569.0,337.0,456.0,411.0,451.0,381.0,498.0,402.0,457.0,412.0,457.0,413.0
15078.jpg,0.65,498.5,348.0,470.0,283.0,472.0,315.0,544.0,353.0,564.0,340.0,445.0,414.0,443.0,385.0,489.0,408.0,448.0,416.0,448.0,416.0
15084.jpg,0.65,498.0,346.0,470.0,282.0,471.0,314.0,542.0,351.0,564.0,340.0,445.0,412.0,442.0,383.0,485.0,406.0,447.0,413.0,470.0,408.0
15090.jpg,0.645,499.5,344.0,472.0,283.0,472.0,314.0,543.0,351.0,565.0,339.0,446.0,412.0,443.0,380.0,489.0,403.0,449.0,416.0,449.0,416.0
15096.jpg,0.625,499.5,344.0,474.0,282.0,473.0,316.0,543.0,352.0,564.0,339.0,448.0,410.0,444.0,381.0,487.0,401.0,451.0,412.0,451.0,411.0
15102.jpg,0.6,495.0,338.0,470.0,288.0,470.0,318.0,542.0,354.0,561.0,341.0,446.0,398.0,443.0,370.0,486.0,392.0,450.0,399.0,468.0,395.0
15108.jpg,0.585,517.5,348.5,481.0,297.0,484.0,326.0,561.0,355.0,577.0,342.0,479.0,411.0,468.0,387.0,514.0,398.0,477.0,411.0,487.0,401.0
15114.jpg,0.61,525.0,362.0,486.0,302.0,492.0,333.0,569.0,358.0,587.0,342.0,489.0,430.0,477.0,406.0,523.0,414.0,492.0,429.0,493.0,425.0
15120.jpg,0.59,531.0,370.0,489.0,309.0,495.0,338.0,574.0,361.0,591.0,343.0,493.0,443.0,476.0,410.0,527.0,422.0,498.0,430.0,498.0,431.0
15126.jpg,0.585,533.5,369.5,492.0,309.0,497.0,337.0,576.0,359.0,593.0,342.0,497.0,437.0,483.0,408.0,530.0,421.0,501.0,430.0,501.0,430.0
15132.jpg,0.61,533.0,370.0,492.0,308.0,498.0,338.0,577.0,360.0,594.0,343.0,498.0,439.0,483.0,414.0,532.0,422.0,498.0,438.0,500.0,434.0
15138.jpg,0.595,530.5,369.5,490.0,308.0,497.0,337.0,573.0,361.0,592.0,343.0,490.0,443.0,475.0,411.0,535.0,421.0,492.0,441.0,499.0,430.0
15144.jpg,0.635,523.5,366.5,486.0,301.0,491.0,332.0,568.0,360.0,587.0,343.0,479.0,440.0,464.0,407.0,523.0,423.0,484.0,433.0,484.0,432.0
15150.jpg,0.65,520.0,364.5,484.0,297.0,489.0,330.0,564.0,359.0,583.0,343.0,473.0,441.0,458.0,411.0,515.0,428.0,479.0,433.0,484.0,430.0
15156.jpg,0.635,521.5,366.5,484.0,301.0,489.0,332.0,566.0,360.0,585.0,343.0,475.0,443.0,462.0,410.0,519.0,425.0,478.0,438.0,487.0,431.0
15162.jpg,0.625,522.5,367.5,486.0,301.0,491.0,332.0,568.0,360.0,585.0,343.0,478.0,445.0,467.0,411.0,528.0,420.0,480.0,445.0,491.0,431.0
15168.jpg,0.625,523.5,368.5,486.0,304.0,490.0,333.0,567.0,360.0,586.0,344.0,479.0,440.0,467.0,411.0,526.0,422.0,487.0,433.0,486.0,433.0
15174.jpg,0.6,527.0,367.0,487.0,305.0,492.0,332.0,571.0,360.0,588.0,342.0,484.0,441.0,471.0,406.0,527.0,421.0,486.0,441.0,494.0,429.0
15180.jpg,0.6,528.5,367.0,489.0,305.0,493.0,332.0,573.0,359.0,591.0,341.0,488.0,441.0,473.0,404.0,527.0,422.0,490.0,441.0,497.0,428.0
15186.jpg,0.595,529.5,367.5,489.0,306.0,495.0,333.0,574.0,359.0,591.0,342.0,489.0,441.0,477.0,409.0,529.0,423.0,492.0,441.0,500.0,428.0
15192.jpg,0.6,530.5,369.0,491.0,307.0,495.0,333.0,575.0,358.0,593.0,341.0,492.0,443.0,477.0,406.0,528.0,424.0,495.0,443.0,499.0,430.0
15198.jpg,0.6,532.0,368.0,491.0,306.0,494.0,333.0,575.0,359.0,593.0,342.0,494.0,442.0,478.0,411.0,537.0,422.0,500.0,429.0,501.0,429.0
15204.jpg,0.595,532.5,369.5,491.0,308.0,495.0,333.0,575.0,359.0,593.0,340.0,492.0,443.0,479.0,410.0,530.0,424.0,495.0,441.0,501.0,431.0
15210.jpg,0.6,532.0,369.5,490.0,307.0,496.0,333.0,574.0,359.0,593.0,341.0,494.0,442.0,479.0,413.0,533.0,424.0,498.0,437.0,500.0,430.0
15216.jpg,0.595,532.5,369.5,491.0,307.0,496.0,333.0,575.0,359.0,593.0,342.0,495.0,443.0,477.0,407.0,532.0,425.0,499.0,437.0,501.0,431.0
15222.jpg,0.59,534.0,370.0,491.0,308.0,496.0,334.0,575.0,358.0,594.0,341.0,494.0,443.0,482.0,411.0,532.0,425.0,501.0,437.0,503.0,430.0
15228.jpg,0.605,534.5,370.0,491.0,307.0,495.0,334.0,577.0,358.0,595.0,342.0,497.0,441.0,482.0,414.0,538.0,421.0,498.0,445.0,504.0,433.0
15234.jpg,0.6,535.5,370.0,492.0,308.0,497.0,335.0,578.0,358.0,595.0,341.0,497.0,444.0,483.0,410.0,534.0,425.0,500.0,444.0,505.0,431.0
15240.jpg,0.6,536.5,371.0,493.0,309.0,498.0,335.0,579.0,359.0,596.0,340.0,500.0,441.0,485.0,413.0,533.0,426.0,501.0,445.0,506.0,432.0
15246.jpg,0.605,536.0,370.5,493.0,308.0,498.0,335.0,577.0,359.0,595.0,341.0,502.0,441.0,484.0,413.0,539.0,422.0,502.0,445.0,505.0,433.0
15252.jpg,0.595,537.0,371.5,493.0,309.0,499.0,335.0,579.0,359.0,596.0,341.0,501.0,441.0,483.0,412.0,533.0,426.0,501.0,445.0,506.0,432.0
15258.jpg,0.6,537.0,371.5,494.0,309.0,498.0,335.0,579.0,359.0,597.0,341.0,503.0,442.0,485.0,415.0,535.0,426.0,503.0,443.0,505.0,434.0
15264.jpg,0.6,537.0,371.5,494.0,309.0,498.0,335.0,579.0,359.0,597.0,341.0,503.0,442.0,485.0,415.0,542.0,422.0,504.0,446.0,506.0,434.0
15270.jpg,0.595,537.5,371.5,493.0,310.0,499.0,335.0,579.0,359.0,597.0,340.0,504.0,441.0,486.0,414.0,536.0,425.0,505.0,443.0,507.0,433.0
15276.jpg,0.595,537.5,371.5,493.0,309.0,499.0,335.0,580.0,357.0,597.0,340.0,504.0,441.0,487.0,416.0,536.0,425.0,505.0,443.0,507.0,433.0
15282.jpg,0.6,537.0,371.0,494.0,309.0,498.0,336.0,579.0,358.0,597.0,340.0,504.0,441.0,487.0,414.0,542.0,422.0,504.0,445.0,506.0,433.0
15288.jpg,0.6,537.0,371.0,494.0,309.0,498.0,336.0,579.0,358.0,597.0,340.0,503.0,441.0,487.0,414.0,536.0,425.0,504.0,445.0,506.0,433.0
15294.jpg,0.595,537.5,371.5,493.0,310.0,499.0,335.0,579.0,359.0,597.0,341.0,504.0,441.0,485.0,413.0,535.0,426.0,504.0,443.0,506.0,433.0
15300.jpg,0.595,537.5,370.5,493.0,309.0,498.0,334.0,579.0,358.0,597.0,340.0,504.0,444.0,486.0,413.0,535.0,426.0,504.0,444.0,507.0,431.0
15306.jpg,0.6,537.0,371.0,494.0,309.0,498.0,335.0,579.0,358.0,597.0,340.0,504.0,441.0,487.0,414.0,535.0,427.0,505.0,439.0,506.0,433.0
15312.jpg,0.6,537.0,370.5,492.0,309.0,498.0,335.0,579.0,359.0,597.0,341.0,504.0,445.0,485.0,414.0,536.0,425.0,504.0,445.0,506.0,433.0
15318.jpg,0.595,537.0,371.5,493.0,309.0,499.0,335.0,579.0,359.0,597.0,340.0,503.0,441.0,486.0,414.0,537.0,425.0,504.0,441.0,506.0,433.0
15324.jpg,0.595,538.0,370.5,493.0,309.0,498.0,334.0,580.0,359.0,597.0,340.0,509.0,440.0,486.0,411.0,538.0,422.0,509.0,433.0,509.0,432.0
15330.jpg,0.57,552.5,380.0,501.0,316.0,509.0,341.0,593.0,357.0,608.0,338.0,532.0,451.0,502.0,421.0,559.0,429.0,532.0,438.0,531.0,439.0
15336.jpg,0.575,585.5,388.5,529.0,330.0,543.0,350.0,631.0,346.0,643.0,326.0,594.0,455.0,563.0,437.0,618.0,430.0,594.0,447.0,593.0,448.0
15342.jpg,0.57,589.0,384.5,534.0,329.0,547.0,349.0,636.0,343.0,646.0,322.0,602.0,451.0,568.0,433.0,622.0,425.0,601.0,442.0,601.0,442.0
15348.jpg,0.57,591.0,386.0,535.0,328.0,550.0,349.0,637.0,343.0,647.0,320.0,599.0,457.0,569.0,434.0,622.0,430.0,600.0,449.0,599.0,446.0
15354.jpg,0.57,594.0,383.0,538.0,324.0,554.0,346.0,641.0,337.0,651.0,316.0,608.0,451.0,573.0,434.0,632.0,423.0,607.0,446.0,606.0,442.0
15360.jpg,0.58,592.0,385.0,536.0,324.0,552.0,346.0,638.0,338.0,649.0,317.0,601.0,455.0,567.0,434.0,626.0,433.0,600.0,447.0,600.0,446.0
15366.jpg,0.585,592.0,384.5,536.0,324.0,552.0,346.0,638.0,338.0,648.0,317.0,600.0,457.0,568.0,435.0,625.0,429.0,601.0,446.0,600.0,446.0
15372.jpg,0.585,592.0,385.5,536.0,324.0,552.0,347.0,638.0,339.0,648.0,317.0,600.0,458.0,570.0,438.0,624.0,431.0,600.0,447.0,599.0,447.0
15378.jpg,0.585,592.0,385.5,536.0,324.0,552.0,345.0,636.0,339.0,648.0,317.0,599.0,455.0,570.0,437.0,623.0,432.0,600.0,447.0,599.0,447.0
15384.jpg,0.59,591.5,385.0,535.0,323.0,551.0,346.0,638.0,338.0,648.0,317.0,599.0,454.0,571.0,437.0,623.0,432.0,599.0,447.0,599.0,447.0
15390.jpg,0.58,592.0,385.0,536.0,324.0,552.0,346.0,637.0,338.0,649.0,317.0,600.0,457.0,569.0,435.0,624.0,433.0,600.0,448.0,599.0,446.0
15396.jpg,0.585,591.5,385.5,535.0,324.0,551.0,347.0,636.0,339.0,647.0,317.0,600.0,458.0,571.0,437.0,622.0,432.0,599.0,448.0,598.0,447.0
15402.jpg,0.585,591.5,384.5,535.0,324.0,551.0,346.0,637.0,339.0,647.0,317.0,601.0,455.0,570.0,436.0,623.0,430.0,601.0,446.0,601.0,445.0
15408.jpg,0.585,592.5,383.5,536.0,323.0,552.0,346.0,636.0,339.0,647.0,316.0,602.0,454.0,571.0,435.0,623.0,430.0,600.0,446.0,599.0,444.0
15414.jpg,0.585,592.5,384.5,536.0,325.0,552.0,347.0,637.0,339.0,647.0,317.0,601.0,457.0,571.0,436.0,623.0,432.0,600.0,450.0,600.0,446.0
15420.jpg,0.59,592.5,384.0,536.0,324.0,552.0,346.0,637.0,339.0,649.0,316.0,601.0,457.0,569.0,433.0,625.0,431.0,602.0,447.0,602.0,445.0
15426.jpg,0.585,592.5,383.5,538.0,323.0,552.0,347.0,638.0,338.0,648.0,316.0,603.0,452.0,572.0,433.0,626.0,428.0,603.0,449.0,603.0,444.0
15432.jpg,0.59,592.5,385.0,537.0,324.0,552.0,346.0,639.0,338.0,649.0,317.0,603.0,458.0,572.0,434.0,625.0,432.0,603.0,447.0,604.0,446.0
15438.jpg,0.58,603.5,377.0,547.0,330.0,565.0,351.0,651.0,335.0,660.0,311.0,635.0,449.0,598.0,432.0,650.0,417.0,632.0,437.0,632.0,436.0
15444.jpg,0.585,622.5,366.5,565.0,334.0,582.0,349.0,667.0,323.0,673.0,299.0,668.0,439.0,629.0,430.0,680.0,410.0,657.0,427.0,656.0,426.0
15450.jpg,0.595,624.0,365.5,566.0,328.0,587.0,347.0,669.0,320.0,675.0,296.0,667.0,439.0,623.0,430.0,684.0,412.0,663.0,439.0,659.0,427.0
15456.jpg,0.58,621.0,367.0,565.0,328.0,585.0,348.0,669.0,322.0,674.0,299.0,659.0,439.0,625.0,432.0,675.0,415.0,657.0,437.0,655.0,434.0
15462.jpg,0.575,617.5,371.5,561.0,327.0,580.0,348.0,665.0,324.0,671.0,303.0,648.0,443.0,612.0,432.0,669.0,419.0,648.0,443.0,647.0,438.0
15468.jpg,0.57,617.5,370.0,564.0,329.0,582.0,349.0,665.0,324.0,672.0,303.0,655.0,441.0,609.0,424.0,670.0,416.0,650.0,441.0,650.0,435.0
15474.jpg,0.575,620.0,369.5,564.0,329.0,584.0,350.0,667.0,325.0,673.0,302.0,658.0,441.0,615.0,428.0,672.0,412.0,654.0,439.0,653.0,433.0
15480.jpg,0.58,622.5,368.0,567.0,329.0,586.0,350.0,669.0,324.0,675.0,300.0,660.0,440.0,627.0,434.0,677.0,417.0,658.0,440.0,656.0,438.0
15486.jpg,0.585,622.0,365.5,566.0,325.0,587.0,345.0,669.0,319.0,674.0,297.0,662.0,438.0,625.0,432.0,680.0,409.0,660.0,438.0,656.0,432.0
15492.jpg,0.58,617.0,367.0,561.0,325.0,582.0,345.0,666.0,322.0,671.0,299.0,653.0,439.0,618.0,434.0,674.0,417.0,650.0,439.0,649.0,437.0
15498.jpg,0.585,615.5,370.5,559.0,325.0,579.0,346.0,662.0,322.0,668.0,302.0,647.0,443.0,610.0,432.0,667.0,420.0,645.0,443.0,645.0,438.0
15504.jpg,0.58,616.0,371.0,560.0,328.0,580.0,347.0,664.0,324.0,669.0,303.0,652.0,443.0,614.0,433.0,668.0,420.0,648.0,441.0,648.0,439.0
15510.jpg,0.585,616.0,372.5,560.0,328.0,581.0,348.0,663.0,326.0,668.0,304.0,647.0,445.0,610.0,431.0,667.0,419.0,647.0,443.0,646.0,441.0
15516.jpg,0.58,616.0,372.0,560.0,328.0,580.0,348.0,662.0,325.0,669.0,304.0,649.0,444.0,609.0,430.0,668.0,420.0,647.0,442.0,647.0,441.0
15522.jpg,0.585,615.5,371.5,561.0,328.0,580.0,347.0,662.0,325.0,668.0,303.0,649.0,444.0,610.0,430.0,668.0,418.0,647.0,442.0,646.0,438.0
15528.jpg,0.58,616.0,371.0,560.0,327.0,580.0,347.0,664.0,324.0,669.0,302.0,649.0,443.0,613.0,431.0,669.0,419.0,647.0,443.0,647.0,441.0
15534.jpg,0.58,616.0,371.0,562.0,328.0,580.0,348.0,664.0,324.0,670.0,302.0,649.0,443.0,613.0,432.0,669.0,419.0,647.0,443.0,648.0,437.0
15540.jpg,0.58,615.5,370.0,561.0,327.0,580.0,347.0,664.0,323.0,670.0,302.0,651.0,442.0,612.0,431.0,669.0,418.0,649.0,442.0,648.0,437.0
15546.jpg,0.57,616.0,370.0,561.0,327.0,581.0,349.0,664.0,324.0,670.0,302.0,651.0,441.0,611.0,430.0,668.0,418.0,649.0,441.0,648.0,438.0
15552.jpg,0.575,617.0,369.5,562.0,328.0,581.0,348.0,664.0,323.0,671.0,302.0,652.0,441.0,615.0,430.0,670.0,418.0,650.0,441.0,648.0,441.0
15558.jpg,0.575,617.0,369.5,562.0,327.0,582.0,348.0,664.0,323.0,671.0,301.0,655.0,441.0,611.0,428.0,671.0,414.0,652.0,441.0,651.0,438.0
15564.jpg,0.57,617.0,369.0,562.0,328.0,581.0,348.0,665.0,322.0,671.0,301.0,654.0,440.0,614.0,429.0,673.0,415.0,652.0,440.0,650.0,438.0
15570.jpg,0.57,617.0,369.0,562.0,328.0,581.0,348.0,666.0,322.0,671.0,301.0,654.0,440.0,611.0,427.0,673.0,415.0,652.0,440.0,650.0,440.0
15576.jpg,0.57,617.0,369.0,562.0,328.0,580.0,347.0,665.0,323.0,671.0,301.0,654.0,440.0,612.0,427.0,674.0,411.0,653.0,438.0,650.0,440.0
15582.jpg,0.57,617.0,369.0,562.0,328.0,581.0,348.0,665.0,323.0,671.0,302.0,654.0,440.0,612.0,426.0,673.0,412.0,652.0,440.0,650.0,440.0
15588.jpg,0.57,617.0,369.0,562.0,329.0,581.0,348.0,665.0,323.0,671.0,301.0,654.0,440.0,612.0,427.0,674.0,411.0,652.0,440.0,650.0,438.0
15594.jpg,0.57,617.0,369.0,562.0,328.0,581.0,348.0,665.0,323.0,671.0,302.0,654.0,440.0,611.0,427.0,673.0,412.0,652.0,440.0,649.0,437.0
15600.jpg,0.57,617.0,369.0,561.0,328.0,581.0,348.0,665.0,323.0,671.0,302.0,652.0,440.0,612.0,427.0,674.0,410.0,652.0,440.0,650.0,436.0
15606.jpg,0.57,617.0,369.5,562.0,328.0,580.0,348.0,665.0,324.0,671.0,303.0,654.0,440.0,614.0,426.0,673.0,412.0,651.0,438.0,650.0,437.0
15612.jpg,0.57,617.0,369.0,562.0,328.0,580.0,348.0,666.0,322.0,671.0,301.0,656.0,440.0,610.0,426.0,673.0,413.0,652.0,440.0,650.0,438.0
15618.jpg,0.585,620.5,368.5,563.0,333.0,580.0,349.0,666.0,326.0,674.0,302.0,661.0,441.0,619.0,423.0,675.0,408.0,656.0,441.0,652.0,428.0
15624.jpg,0.58,620.0,369.0,564.0,337.0,579.0,353.0,668.0,328.0,672.0,305.0,658.0,441.0,614.0,421.0,677.0,407.0,656.0,435.0,654.0,429.0
15630.jpg,0.6,641.0,351.0,582.0,335.0,599.0,349.0,682.0,312.0,684.0,289.0,685.0,415.0,650.0,408.0,697.0,386.0,684.0,413.0,678.0,404.0
15636.jpg,0.6,640.5,356.0,583.0,336.0,601.0,349.0,681.0,315.0,685.0,293.0,685.0,426.0,637.0,415.0,700.0,397.0,681.0,417.0,680.0,417.0
15642.jpg,0.59,631.0,364.0,573.0,331.0,593.0,348.0,675.0,319.0,679.0,295.0,672.0,437.0,629.0,425.0,690.0,408.0,669.0,425.0,665.0,424.0
15648.jpg,0.6,633.0,359.0,574.0,327.0,594.0,345.0,675.0,314.0,680.0,290.0,677.0,433.0,639.0,425.0,693.0,402.0,673.0,420.0,672.0,420.0
15654.jpg,0.625,632.5,353.5,573.0,322.0,595.0,339.0,674.0,308.0,679.0,283.0,679.0,427.0,643.0,425.0,697.0,399.0,676.0,418.0,675.0,417.0
15660.jpg,0.62,639.0,353.0,578.0,326.0,599.0,342.0,679.0,308.0,684.0,284.0,689.0,426.0,651.0,419.0,702.0,396.0,685.0,417.0,682.0,416.0
15666.jpg,0.615,639.5,352.0,579.0,327.0,600.0,342.0,680.0,307.0,684.0,285.0,689.0,424.0,648.0,416.0,702.0,389.0,684.0,414.0,681.0,408.0
15672.jpg,0.61,639.0,353.0,578.0,327.0,598.0,342.0,679.0,308.0,683.0,285.0,686.0,429.0,650.0,420.0,700.0,396.0,681.0,415.0,679.0,414.0
15678.jpg,0.61,638.5,353.0,578.0,327.0,598.0,343.0,678.0,309.0,682.0,286.0,684.0,424.0,643.0,416.0,697.0,395.0,680.0,416.0,674.0,414.0
15684.jpg,0.605,637.5,353.5,577.0,327.0,596.0,343.0,678.0,310.0,681.0,286.0,682.0,428.0,643.0,415.0,696.0,394.0,675.0,415.0,673.0,414.0
15690.jpg,0.605,637.0,353.5,578.0,329.0,596.0,344.0,677.0,310.0,681.0,287.0,682.0,427.0,642.0,414.0,695.0,394.0,676.0,415.0,672.0,412.0
15696.jpg,0.6,636.0,354.0,577.0,329.0,595.0,345.0,677.0,311.0,680.0,288.0,680.0,428.0,641.0,414.0,695.0,395.0,675.0,415.0,671.0,414.0
15702.jpg,0.6,635.5,354.0,577.0,329.0,596.0,345.0,678.0,312.0,681.0,288.0,679.0,428.0,641.0,414.0,695.0,395.0,675.0,416.0,671.0,414.0
15708.jpg,0.6,636.0,354.5,576.0,330.0,595.0,345.0,677.0,312.0,680.0,289.0,680.0,429.0,642.0,414.0,693.0,395.0,675.0,418.0,671.0,414.0
15714.jpg,0.595,636.0,354.5,577.0,330.0,594.0,345.0,678.0,311.0,680.0,288.0,680.0,426.0,642.0,414.0,694.0,392.0,677.0,417.0,674.0,415.0
15720.jpg,0.595,636.5,354.5,577.0,330.0,595.0,345.0,677.0,311.0,681.0,288.0,679.0,424.0,641.0,414.0,693.0,393.0,676.0,417.0,671.0,414.0
15726.jpg,0.6,636.0,354.0,576.0,329.0,594.0,345.0,677.0,312.0,680.0,288.0,678.0,424.0,641.0,414.0,695.0,390.0,675.0,417.0,671.0,414.0
15732.jpg,0.6,635.5,354.0,577.0,329.0,594.0,345.0,678.0,312.0,681.0,288.0,679.0,428.0,642.0,414.0,695.0,395.0,675.0,416.0,671.0,414.0
15738.jpg,0.595,635.5,353.5,577.0,329.0,595.0,345.0,677.0,312.0,681.0,288.0,679.0,427.0,640.0,413.0,694.0,395.0,677.0,427.0,674.0,416.0
15744.jpg,0.595,636.0,353.5,577.0,330.0,594.0,344.0,678.0,312.0,680.0,288.0,679.0,427.0,641.0,413.0,694.0,394.0,677.0,427.0,671.0,414.0
15750.jpg,0.59,636.0,354.0,577.0,330.0,594.0,345.0,677.0,312.0,681.0,288.0,679.0,427.0,637.0,412.0,695.0,395.0,670.0,414.0,669.0,414.0
15756.jpg,0.595,635.5,353.5,576.0,330.0,595.0,345.0,677.0,312.0,681.0,288.0,678.0,423.0,641.0,413.0,694.0,394.0,675.0,416.0,670.0,413.0
15762.jpg,0.595,635.5,354.5,576.0,330.0,594.0,345.0,677.0,313.0,681.0,288.0,678.0,424.0,641.0,414.0,694.0,395.0,674.0,417.0,669.0,414.0
15768.jpg,0.6,635.5,354.0,577.0,329.0,594.0,345.0,678.0,313.0,681.0,288.0,679.0,428.0,640.0,414.0,694.0,396.0,675.0,416.0,671.0,414.0
15774.jpg,0.595,635.5,354.5,577.0,329.0,595.0,345.0,677.0,313.0,681.0,288.0,680.0,424.0,641.0,414.0,694.0,395.0,675.0,417.0,670.0,414.0
15780.jpg,0.6,635.5,354.0,577.0,329.0,596.0,345.0,678.0,312.0,681.0,288.0,679.0,424.0,641.0,414.0,694.0,395.0,675.0,416.0,671.0,414.0
15786.jpg,0.595,635.5,354.5,576.0,330.0,594.0,345.0,677.0,313.0,681.0,289.0,678.0,424.0,641.0,414.0,694.0,395.0,674.0,416.0,670.0,414.0
15792.jpg,0.595,635.0,354.5,576.0,330.0,593.0,345.0,678.0,313.0,680.0,289.0,678.0,428.0,642.0,414.0,693.0,395.0,674.0,416.0,670.0,414.0
15798.jpg,0.595,635.0,354.5,576.0,330.0,593.0,345.0,678.0,313.0,680.0,289.0,678.0,424.0,641.0,414.0,693.0,395.0,671.0,415.0,670.0,414.0
15804.jpg,0.595,635.0,354.5,576.0,331.0,593.0,345.0,678.0,313.0,680.0,289.0,678.0,426.0,638.0,413.0,693.0,395.0,674.0,416.0,670.0,414.0
15810.jpg,0.595,634.5,354.5,576.0,331.0,594.0,345.0,677.0,313.0,680.0,289.0,678.0,428.0,641.0,414.0,693.0,395.0,674.0,416.0,673.0,415.0
15816.jpg,0.595,635.0,354.5,576.0,330.0,593.0,345.0,678.0,313.0,680.0,289.0,678.0,426.0,640.0,413.0,693.0,395.0,673.0,415.0,670.0,410.0
15822.jpg,0.59,635.0,354.0,577.0,330.0,593.0,345.0,678.0,312.0,680.0,289.0,678.0,423.0,641.0,414.0,693.0,392.0,673.0,415.0,668.0,410.0
15828.jpg,0.59,635.0,355.0,577.0,331.0,595.0,346.0,678.0,312.0,680.0,289.0,676.0,424.0,640.0,414.0,693.0,394.0,669.0,415.0,668.0,414.0
15834.jpg,0.59,635.0,355.0,577.0,331.0,595.0,346.0,678.0,312.0,680.0,289.0,678.0,424.0,641.0,414.0,691.0,395.0,673.0,417.0,669.0,414.0
15840.jpg,0.59,634.5,355.0,577.0,331.0,594.0,346.0,677.0,313.0,681.0,289.0,678.0,428.0,638.0,413.0,692.0,395.0,669.0,414.0,668.0,414.0
15846.jpg,0.59,635.0,355.0,577.0,331.0,593.0,346.0,678.0,312.0,680.0,289.0,678.0,424.0,638.0,413.0,691.0,393.0,672.0,415.0,669.0,414.0
15852.jpg,0.59,634.5,355.0,576.0,330.0,594.0,346.0,677.0,313.0,681.0,290.0,677.0,425.0,641.0,414.0,692.0,395.0,674.0,416.0,669.0,414.0
15858.jpg,0.59,634.5,355.0,577.0,331.0,594.0,345.0,677.0,313.0,681.0,289.0,677.0,424.0,637.0,413.0,692.0,393.0,672.0,417.0,669.0,414.0
15864.jpg,0.585,634.0,355.5,576.0,330.0,594.0,346.0,677.0,313.0,681.0,290.0,677.0,428.0,640.0,414.0,691.0,395.0,673.0,416.0,668.0,414.0
15870.jpg,0.58,632.5,355.0,576.0,331.0,595.0,346.0,677.0,313.0,680.0,289.0,675.0,423.0,638.0,414.0,691.0,395.0,672.0,415.0,671.0,414.0
15876.jpg,0.585,631.5,357.5,573.0,329.0,594.0,346.0,675.0,315.0,678.0,290.0,674.0,426.0,635.0,417.0,690.0,396.0,670.0,418.0,669.0,417.0
15882.jpg,0.59,632.0,358.0,573.0,327.0,594.0,345.0,675.0,313.0,679.0,290.0,677.0,431.0,638.0,420.0,691.0,399.0,672.0,420.0,670.0,418.0
15888.jpg,0.605,638.5,353.5,579.0,330.0,599.0,346.0,681.0,311.0,683.0,287.0,687.0,428.0,647.0,415.0,699.0,390.0,682.0,415.0,681.0,414.0
15894.jpg,0.59,638.0,353.0,581.0,333.0,596.0,347.0,681.0,314.0,683.0,291.0,683.0,426.0,644.0,412.0,693.0,394.0,678.0,413.0,678.0,413.0
15900.jpg,0.59,643.0,352.0,586.0,336.0,601.0,348.0,686.0,312.0,687.0,289.0,691.0,421.0,648.0,411.0,703.0,392.0,687.0,413.0,683.0,405.0
15906.jpg,0.63,660.0,348.5,597.0,335.0,617.0,347.0,694.0,305.0,696.0,282.0,710.0,417.0,670.0,411.0,721.0,383.0,707.0,414.0,704.0,404.0
15912.jpg,0.625,672.5,338.5,611.0,338.0,630.0,348.0,704.0,301.0,703.0,275.0,730.0,404.0,686.0,401.0,735.0,373.0,724.0,396.0,719.0,392.0
15918.jpg,0.615,679.5,333.5,621.0,338.0,639.0,348.0,712.0,297.0,708.0,271.0,741.0,397.0,695.0,392.0,742.0,365.0,733.0,389.0,731.0,386.0
15924.jpg,0.62,679.0,338.0,621.0,339.0,639.0,350.0,712.0,300.0,709.0,276.0,736.0,402.0,691.0,397.0,742.0,372.0,730.0,394.0,726.0,390.0
15930.jpg,0.645,670.5,346.5,607.0,335.0,629.0,349.0,703.0,305.0,703.0,280.0,720.0,417.0,682.0,409.0,731.0,380.0,717.0,407.0,716.0,403.0
15936.jpg,0.665,665.0,345.5,599.0,330.0,621.0,344.0,697.0,304.0,697.0,277.0,714.0,417.0,674.0,413.0,727.0,382.0,710.0,408.0,708.0,405.0
15942.jpg,0.68,672.0,335.0,604.0,328.0,627.0,339.0,701.0,292.0,700.0,266.0,732.0,407.0,689.0,405.0,741.0,369.0,726.0,396.0,724.0,395.0
15948.jpg,0.69,675.5,336.0,608.0,329.0,631.0,341.0,704.0,294.0,702.0,266.0,735.0,409.0,694.0,406.0,745.0,374.0,731.0,396.0,729.0,395.0
15954.jpg,0.645,668.0,345.5,605.0,333.0,625.0,345.0,702.0,303.0,702.0,277.0,720.0,420.0,683.0,410.0,732.0,381.0,716.0,410.0,713.0,402.0
15960.jpg,0.645,666.5,344.0,602.0,331.0,622.0,345.0,699.0,302.0,699.0,277.0,717.0,418.0,676.0,408.0,729.0,380.0,712.0,407.0,709.0,401.0
15966.jpg,0.625,643.5,353.5,585.0,323.0,606.0,340.0,685.0,307.0,689.0,283.0,691.0,427.0,656.0,419.0,707.0,399.0,687.0,417.0,686.0,417.0
15972.jpg,0.6,628.0,350.0,570.0,311.0,592.0,331.0,672.0,304.0,678.0,280.0,665.0,424.0,637.0,423.0,691.0,403.0,665.0,424.0,667.0,423.0
15978.jpg,0.59,614.5,361.0,557.0,309.0,578.0,332.0,662.0,313.0,669.0,291.0,639.0,434.0,608.0,422.0,669.0,410.0,642.0,434.0,641.0,432.0
15984.jpg,0.595,609.5,368.5,552.0,313.0,571.0,335.0,655.0,320.0,664.0,298.0,634.0,442.0,604.0,430.0,658.0,417.0,634.0,440.0,634.0,436.0
15990.jpg,0.575,596.5,371.5,540.0,309.0,557.0,331.0,642.0,324.0,654.0,303.0,603.0,443.0,571.0,423.0,637.0,424.0,605.0,443.0,605.0,443.0
15996.jpg,0.59,578.0,370.0,524.0,300.0,538.0,322.0,622.0,328.0,637.0,307.0,566.0,443.0,536.0,419.0,601.0,430.0,568.0,443.0,568.0,443.0
16002.jpg,0.585,587.0,376.5,531.0,309.0,546.0,330.0,631.0,330.0,645.0,309.0,586.0,449.0,557.0,428.0,619.0,427.0,586.0,449.0,589.0,447.0
16008.jpg,0.59,591.5,379.0,536.0,313.0,552.0,335.0,638.0,332.0,650.0,310.0,598.0,452.0,568.0,432.0,624.0,432.0,598.0,452.0,598.0,450.0
16014.jpg,0.585,603.0,379.5,547.0,320.0,564.0,343.0,647.0,333.0,659.0,310.0,618.0,452.0,582.0,431.0,643.0,429.0,618.0,452.0,618.0,446.0
16020.jpg,0.585,605.0,377.5,550.0,318.0,567.0,341.0,652.0,328.0,662.0,308.0,623.0,450.0,589.0,431.0,648.0,425.0,622.0,448.0,621.0,444.0
16026.jpg,0.58,604.5,378.0,549.0,319.0,566.0,341.0,651.0,330.0,661.0,309.0,620.0,450.0,591.0,436.0,647.0,427.0,620.0,450.0,619.0,446.0
16032.jpg,0.58,604.0,377.0,548.0,317.0,565.0,341.0,650.0,329.0,662.0,308.0,617.0,449.0,582.0,428.0,645.0,429.0,617.0,449.0,618.0,447.0
16038.jpg,0.575,601.5,377.5,544.0,317.0,561.0,338.0,647.0,330.0,659.0,309.0,612.0,449.0,579.0,428.0,641.0,426.0,614.0,447.0,614.0,447.0
16044.jpg,0.585,575.5,376.5,522.0,307.0,533.0,328.0,619.0,336.0,635.0,316.0,559.0,449.0,533.0,427.0,594.0,436.0,561.0,449.0,561.0,449.0
16050.jpg,0.58,565.0,377.0,512.0,308.0,523.0,328.0,606.0,344.0,624.0,321.0,537.0,449.0,517.0,427.0,577.0,435.0,542.0,449.0,543.0,447.0
16056.jpg,0.55,567.0,382.0,513.0,316.0,524.0,336.0,608.0,349.0,624.0,327.0,545.0,450.0,522.0,427.0,580.0,434.0,549.0,450.0,549.0,449.0
16062.jpg,0.57,571.0,383.5,518.0,317.0,528.0,338.0,613.0,348.0,629.0,327.0,555.0,454.0,531.0,431.0,583.0,439.0,559.0,452.0,559.0,452.0
16068.jpg,0.585,576.0,382.5,522.0,315.0,534.0,339.0,618.0,345.0,633.0,323.0,566.0,455.0,538.0,433.0,592.0,440.0,566.0,455.0,568.0,450.0
16074.jpg,0.585,578.5,379.5,524.0,312.0,536.0,335.0,621.0,339.0,636.0,319.0,571.0,452.0,545.0,434.0,602.0,432.0,573.0,452.0,573.0,449.0
16080.jpg,0.59,575.0,379.0,521.0,311.0,532.0,334.0,618.0,340.0,633.0,318.0,565.0,452.0,537.0,430.0,597.0,433.0,567.0,452.0,568.0,449.0
16086.jpg,0.585,575.0,380.5,520.0,312.0,532.0,334.0,617.0,340.0,632.0,319.0,563.0,453.0,537.0,431.0,591.0,438.0,565.0,453.0,565.0,451.0
16092.jpg,0.585,575.0,380.5,520.0,312.0,532.0,335.0,617.0,342.0,633.0,320.0,565.0,453.0,541.0,431.0,597.0,433.0,565.0,453.0,566.0,450.0
16098.jpg,0.58,575.0,381.0,522.0,314.0,533.0,336.0,618.0,342.0,633.0,321.0,563.0,453.0,541.0,431.0,596.0,434.0,568.0,453.0,568.0,453.0
16104.jpg,0.585,576.0,378.5,521.0,312.0,533.0,335.0,618.0,341.0,634.0,319.0,569.0,451.0,543.0,430.0,600.0,430.0,570.0,449.0,571.0,445.0
16110.jpg,0.575,579.0,380.5,524.0,314.0,537.0,337.0,622.0,340.0,636.0,319.0,574.0,452.0,547.0,431.0,601.0,432.0,574.0,452.0,574.0,452.0
16116.jpg,0.575,581.5,380.5,526.0,315.0,540.0,338.0,625.0,339.0,640.0,318.0,579.0,452.0,544.0,424.0,604.0,435.0,579.0,452.0,579.0,452.0
16122.jpg,0.58,586.0,379.0,530.0,315.0,544.0,338.0,629.0,337.0,644.0,315.0,590.0,451.0,556.0,430.0,617.0,425.0,590.0,451.0,589.0,448.0
16128.jpg,0.59,585.0,378.0,530.0,312.0,545.0,335.0,629.0,335.0,643.0,313.0,587.0,451.0,554.0,430.0,618.0,425.0,586.0,449.0,586.0,445.0
16134.jpg,0.59,577.5,375.0,521.0,306.0,535.0,327.0,621.0,333.0,636.0,312.0,565.0,448.0,537.0,426.0,600.0,433.0,568.0,448.0,569.0,446.0
16140.jpg,0.59,575.5,386.0,519.0,318.0,533.0,340.0,619.0,343.0,634.0,324.0,570.0,459.0,544.0,439.0,597.0,438.0,570.0,457.0,570.0,452.0
16146.jpg,0.585,584.5,387.5,528.0,326.0,542.0,345.0,628.0,344.0,642.0,325.0,584.0,460.0,554.0,434.0,611.0,438.0,584.0,450.0,583.0,449.0
16152.jpg,0.58,591.0,384.0,537.0,324.0,550.0,345.0,637.0,341.0,648.0,319.0,599.0,456.0,568.0,428.0,623.0,429.0,600.0,444.0,599.0,444.0
16158.jpg,0.575,593.5,382.5,537.0,323.0,551.0,344.0,638.0,339.0,650.0,317.0,600.0,454.0,572.0,432.0,624.0,431.0,600.0,449.0,600.0,445.0
16164.jpg,0.575,593.5,379.5,538.0,320.0,552.0,342.0,639.0,337.0,650.0,314.0,602.0,451.0,573.0,430.0,627.0,427.0,602.0,447.0,604.0,440.0
16170.jpg,0.58,593.0,380.0,539.0,320.0,552.0,343.0,638.0,338.0,650.0,315.0,599.0,452.0,573.0,432.0,627.0,429.0,600.0,446.0,600.0,441.0
16176.jpg,0.585,592.5,380.5,538.0,320.0,551.0,342.0,637.0,337.0,648.0,316.0,596.0,453.0,570.0,430.0,624.0,428.0,597.0,446.0,597.0,441.0
16182.jpg,0.575,587.5,379.5,531.0,318.0,546.0,340.0,632.0,338.0,645.0,317.0,587.0,451.0,558.0,429.0,614.0,429.0,589.0,449.0,591.0,443.0
16188.jpg,0.575,580.5,381.5,525.0,315.0,538.0,335.0,624.0,339.0,639.0,317.0,575.0,453.0,547.0,432.0,604.0,435.0,575.0,453.0,576.0,447.0
16194.jpg,0.58,586.5,380.0,531.0,316.0,545.0,338.0,631.0,337.0,643.0,315.0,588.0,452.0,555.0,429.0,615.0,429.0,589.0,450.0,589.0,447.0
16200.jpg,0.58,587.0,380.0,531.0,318.0,546.0,339.0,632.0,337.0,645.0,315.0,589.0,452.0,557.0,429.0,618.0,430.0,590.0,450.0,590.0,450.0
16206.jpg,0.585,588.5,379.5,534.0,318.0,548.0,339.0,633.0,337.0,646.0,314.0,595.0,452.0,562.0,432.0,618.0,430.0,594.0,450.0,593.0,446.0
16212.jpg,0.585,589.5,379.5,535.0,317.0,549.0,341.0,633.0,337.0,647.0,314.0,596.0,452.0,564.0,431.0,620.0,429.0,596.0,452.0,595.0,445.0
16218.jpg,0.585,589.0,379.5,534.0,317.0,549.0,341.0,635.0,336.0,646.0,313.0,593.0,452.0,564.0,431.0,617.0,431.0,593.0,452.0,593.0,445.0
16224.jpg,0.59,588.5,379.0,534.0,317.0,549.0,340.0,633.0,336.0,646.0,313.0,595.0,452.0,564.0,432.0,617.0,431.0,595.0,452.0,594.0,446.0
16230.jpg,0.59,588.5,380.0,533.0,318.0,549.0,341.0,633.0,336.0,646.0,314.0,592.0,453.0,564.0,433.0,617.0,432.0,594.0,450.0,594.0,443.0
16236.jpg,0.59,588.5,380.0,533.0,318.0,548.0,340.0,633.0,336.0,646.0,314.0,595.0,453.0,565.0,432.0,616.0,433.0,594.0,451.0,594.0,444.0
16242.jpg,0.585,588.5,379.5,534.0,317.0,548.0,339.0,633.0,336.0,646.0,313.0,595.0,452.0,566.0,431.0,618.0,430.0,594.0,450.0,594.0,445.0
16248.jpg,0.585,588.5,379.5,534.0,317.0,548.0,339.0,633.0,336.0,646.0,313.0,595.0,452.0,564.0,432.0,618.0,430.0,592.0,452.0,593.0,446.0
16254.jpg,0.585,588.5,379.5,534.0,317.0,548.0,338.0,633.0,335.0,646.0,313.0,595.0,452.0,564.0,431.0,616.0,431.0,592.0,452.0,594.0,445.0
16260.jpg,0.59,588.5,379.0,533.0,317.0,548.0,340.0,633.0,335.0,646.0,313.0,592.0,452.0,563.0,430.0,617.0,430.0,592.0,452.0,594.0,446.0
16266.jpg,0.585,588.5,379.5,534.0,318.0,548.0,339.0,633.0,335.0,646.0,313.0,595.0,452.0,564.0,431.0,617.0,431.0,594.0,450.0,594.0,445.0
16272.jpg,0.585,588.5,379.5,534.0,318.0,548.0,339.0,633.0,336.0,646.0,313.0,595.0,452.0,563.0,430.0,618.0,430.0,592.0,452.0,593.0,446.0
16278.jpg,0.585,589.0,379.5,533.0,317.0,548.0,339.0,633.0,335.0,646.0,313.0,593.0,452.0,565.0,432.0,616.0,431.0,593.0,452.0,593.0,446.0
16284.jpg,0.59,588.5,379.0,533.0,317.0,548.0,340.0,633.0,335.0,646.0,313.0,595.0,452.0,565.0,431.0,617.0,430.0,595.0,452.0,594.0,445.0
16290.jpg,0.585,588.5,379.5,534.0,318.0,548.0,339.0,633.0,336.0,646.0,313.0,595.0,452.0,566.0,431.0,617.0,431.0,594.0,450.0,594.0,446.0
16296.jpg,0.585,589.0,379.5,533.0,318.0,548.0,339.0,633.0,336.0,646.0,314.0,595.0,452.0,566.0,431.0,619.0,429.0,593.0,452.0,595.0,446.0
16302.jpg,0.59,590.5,381.0,535.0,321.0,549.0,342.0,637.0,337.0,649.0,314.0,604.0,454.0,578.0,439.0,625.0,429.0,603.0,451.0,603.0,447.0
16308.jpg,0.575,598.5,384.5,541.0,332.0,557.0,350.0,644.0,338.0,655.0,317.0,618.0,456.0,585.0,437.0,640.0,435.0,616.0,450.0,615.0,445.0
16314.jpg,0.565,591.0,389.5,537.0,330.0,550.0,351.0,637.0,345.0,647.0,325.0,597.0,460.0,569.0,435.0,624.0,434.0,598.0,447.0,598.0,448.0
16320.jpg,0.56,588.0,392.0,534.0,335.0,546.0,357.0,633.0,354.0,644.0,333.0,592.0,461.0,560.0,434.0,616.0,435.0,592.0,455.0,592.0,451.0
16326.jpg,0.55,596.0,395.5,542.0,341.0,555.0,360.0,640.0,354.0,650.0,333.0,607.0,460.0,574.0,437.0,627.0,435.0,606.0,453.0,605.0,452.0
16332.jpg,0.555,601.5,399.5,549.0,345.0,561.0,367.0,647.0,357.0,656.0,337.0,614.0,466.0,583.0,445.0,642.0,435.0,613.0,459.0,613.0,457.0
16338.jpg,0.55,603.5,395.0,552.0,347.0,566.0,367.0,650.0,355.0,658.0,335.0,618.0,463.0,584.0,435.0,645.0,426.0,616.0,450.0,616.0,451.0
16344.jpg,0.53,598.5,399.0,547.0,347.0,558.0,368.0,642.0,360.0,651.0,339.0,605.0,461.0,565.0,429.0,630.0,434.0,605.0,455.0,604.0,454.0
16350.jpg,0.535,592.5,396.0,540.0,346.0,551.0,367.0,635.0,361.0,645.0,342.0,590.0,458.0,561.0,430.0,615.0,436.0,590.0,456.0,590.0,452.0
16356.jpg,0.54,585.0,399.0,534.0,343.0,545.0,364.0,628.0,364.0,640.0,343.0,578.0,461.0,553.0,434.0,605.0,438.0,579.0,459.0,580.0,456.0
16362.jpg,0.535,571.5,396.0,519.0,337.0,530.0,360.0,613.0,368.0,627.0,347.0,552.0,462.0,529.0,437.0,582.0,444.0,554.0,462.0,558.0,457.0
16368.jpg,0.56,568.0,396.0,513.0,337.0,524.0,357.0,611.0,365.0,625.0,348.0,548.0,465.0,524.0,439.0,580.0,446.0,548.0,464.0,550.0,458.0
16374.jpg,0.55,582.0,402.0,527.0,346.0,538.0,364.0,626.0,364.0,637.0,345.0,582.0,464.0,555.0,442.0,606.0,441.0,583.0,459.0,582.0,458.0
16380.jpg,0.545,598.0,383.5,543.0,338.0,558.0,359.0,644.0,347.0,652.0,327.0,616.0,445.0,576.0,424.0,643.0,412.0,613.0,439.0,613.0,440.0
16386.jpg,0.6,647.5,358.0,589.0,337.0,609.0,353.0,687.0,317.0,691.0,293.0,695.0,425.0,652.0,418.0,707.0,393.0,692.0,418.0,688.0,412.0
16392.jpg,0.655,655.5,347.5,590.0,329.0,612.0,341.0,689.0,301.0,692.0,278.0,705.0,418.0,667.0,416.0,719.0,387.0,701.0,407.0,700.0,405.0
16398.jpg,0.68,686.0,310.5,621.0,324.0,643.0,330.0,708.0,274.0,703.0,245.0,754.0,375.0,708.0,383.0,755.0,342.0,747.0,367.0,743.0,362.0
16404.jpg,0.695,702.5,298.5,641.0,320.0,663.0,325.0,721.0,263.0,713.0,236.0,773.0,354.0,716.0,361.0,767.0,316.0,765.0,347.0,763.0,346.0
16410.jpg,0.625,708.5,294.5,646.0,318.0,667.0,324.0,725.0,261.0,717.0,237.0,774.0,349.0,721.0,357.0,768.0,316.0,765.0,341.0,762.0,341.0
16416.jpg,0.61,698.5,305.0,641.0,323.0,663.0,332.0,725.0,274.0,716.0,248.0,758.0,368.0,707.0,368.0,760.0,337.0,750.0,360.0,746.0,357.0
16422.jpg,0.62,689.0,322.0,630.0,329.0,651.0,336.0,717.0,284.0,712.0,259.0,745.0,390.0,706.0,388.0,752.0,355.0,740.0,384.0,735.0,375.0
16428.jpg,0.63,680.0,329.0,620.0,326.0,642.0,337.0,711.0,287.0,707.0,264.0,735.0,398.0,693.0,395.0,745.0,363.0,732.0,392.0,727.0,384.0
16434.jpg,0.635,674.0,332.5,613.0,327.0,635.0,340.0,706.0,291.0,704.0,267.0,728.0,406.0,689.0,401.0,738.0,373.0,723.0,397.0,720.0,389.0
16440.jpg,0.635,674.0,332.5,612.0,326.0,633.0,339.0,705.0,291.0,704.0,267.0,727.0,404.0,689.0,398.0,738.0,367.0,723.0,396.0,719.0,387.0
16446.jpg,0.63,674.0,331.0,612.0,327.0,633.0,338.0,705.0,290.0,702.0,266.0,728.0,403.0,678.0,394.0,737.0,367.0,724.0,395.0,718.0,386.0
16452.jpg,0.635,674.0,330.5,612.0,325.0,634.0,338.0,705.0,289.0,704.0,265.0,730.0,402.0,681.0,395.0,738.0,366.0,725.0,395.0,720.0,386.0
16458.jpg,0.63,674.0,331.0,612.0,326.0,633.0,337.0,705.0,290.0,703.0,266.0,729.0,403.0,678.0,395.0,738.0,365.0,724.0,395.0,719.0,386.0
16464.jpg,0.635,674.0,330.5,613.0,327.0,634.0,338.0,706.0,289.0,704.0,265.0,730.0,402.0,689.0,396.0,738.0,365.0,726.0,395.0,720.0,386.0
16470.jpg,0.635,674.0,330.5,613.0,327.0,634.0,337.0,706.0,291.0,704.0,265.0,731.0,402.0,691.0,396.0,740.0,365.0,726.0,394.0,721.0,386.0
16476.jpg,0.63,674.0,329.5,614.0,326.0,635.0,337.0,706.0,289.0,703.0,264.0,732.0,401.0,687.0,396.0,738.0,364.0,726.0,392.0,721.0,385.0
16482.jpg,0.645,674.5,330.5,613.0,327.0,634.0,338.0,706.0,289.0,702.0,264.0,730.0,401.0,684.0,395.0,740.0,364.0,726.0,395.0,721.0,387.0
16488.jpg,0.635,674.5,330.5,614.0,325.0,635.0,338.0,705.0,289.0,703.0,265.0,730.0,401.0,691.0,396.0,739.0,365.0,726.0,394.0,720.0,385.0
16494.jpg,0.63,674.0,331.0,614.0,326.0,633.0,337.0,705.0,290.0,702.0,264.0,730.0,401.0,686.0,395.0,738.0,365.0,726.0,394.0,721.0,386.0
16500.jpg,0.635,673.5,330.5,613.0,325.0,634.0,338.0,706.0,291.0,703.0,265.0,729.0,402.0,691.0,396.0,738.0,365.0,725.0,394.0,719.0,386.0
16506.jpg,0.63,673.0,331.0,613.0,326.0,634.0,337.0,705.0,290.0,704.0,266.0,729.0,401.0,689.0,395.0,736.0,367.0,725.0,394.0,718.0,385.0
16512.jpg,0.635,673.5,331.5,611.0,325.0,634.0,338.0,704.0,290.0,702.0,264.0,727.0,401.0,688.0,397.0,737.0,364.0,722.0,395.0,718.0,387.0
16518.jpg,0.635,673.0,331.5,611.0,325.0,632.0,338.0,704.0,290.0,701.0,266.0,729.0,402.0,680.0,395.0,736.0,366.0,725.0,396.0,719.0,387.0
16524.jpg,0.63,672.5,331.0,611.0,326.0,632.0,337.0,704.0,290.0,702.0,266.0,728.0,402.0,677.0,394.0,736.0,364.0,724.0,395.0,718.0,387.0
16530.jpg,0.625,672.0,331.5,611.0,327.0,632.0,337.0,704.0,291.0,702.0,265.0,728.0,402.0,688.0,397.0,735.0,364.0,724.0,395.0,718.0,386.0
16536.jpg,0.63,672.5,331.0,611.0,326.0,632.0,337.0,703.0,290.0,702.0,266.0,729.0,401.0,686.0,396.0,735.0,364.0,724.0,396.0,718.0,386.0
16542.jpg,0.63,672.5,332.0,611.0,326.0,632.0,337.0,703.0,291.0,703.0,267.0,727.0,400.0,682.0,396.0,736.0,365.0,723.0,397.0,718.0,387.0
16548.jpg,0.62,672.0,332.0,611.0,327.0,632.0,338.0,703.0,291.0,702.0,267.0,728.0,403.0,677.0,394.0,735.0,366.0,724.0,396.0,717.0,386.0
16554.jpg,0.63,672.5,331.0,611.0,326.0,632.0,337.0,703.0,290.0,702.0,266.0,728.0,400.0,688.0,397.0,736.0,365.0,723.0,394.0,719.0,386.0
16560.jpg,0.63,672.0,331.0,610.0,326.0,631.0,337.0,703.0,290.0,701.0,266.0,727.0,400.0,682.0,396.0,735.0,365.0,724.0,395.0,717.0,386.0
16566.jpg,0.63,671.5,331.0,610.0,326.0,631.0,337.0,703.0,290.0,702.0,266.0,728.0,400.0,680.0,395.0,735.0,364.0,723.0,395.0,717.0,385.0
16572.jpg,0.625,671.5,331.5,610.0,327.0,631.0,337.0,703.0,290.0,701.0,265.0,726.0,399.0,681.0,396.0,735.0,366.0,721.0,394.0,717.0,386.0
16578.jpg,0.625,672.5,331.5,611.0,327.0,631.0,337.0,703.0,290.0,702.0,265.0,727.0,400.0,686.0,396.0,735.0,366.0,722.0,395.0,718.0,386.0
16584.jpg,0.63,672.5,331.0,611.0,326.0,632.0,337.0,703.0,290.0,702.0,266.0,728.0,400.0,686.0,396.0,736.0,365.0,723.0,395.0,719.0,386.0
16590.jpg,0.625,671.5,330.5,610.0,326.0,631.0,336.0,703.0,290.0,702.0,266.0,726.0,399.0,676.0,394.0,735.0,365.0,723.0,395.0,718.0,385.0
16596.jpg,0.635,672.5,330.5,610.0,325.0,630.0,337.0,703.0,289.0,701.0,265.0,729.0,400.0,686.0,396.0,737.0,365.0,724.0,394.0,720.0,386.0
16602.jpg,0.67,674.5,328.0,610.0,329.0,630.0,336.0,703.0,290.0,702.0,262.0,731.0,395.0,691.0,395.0,738.0,364.0,728.0,388.0,725.0,385.0
16608.jpg,0.68,661.5,339.0,595.0,328.0,614.0,338.0,693.0,294.0,695.0,271.0,709.0,408.0,675.0,407.0,722.0,377.0,708.0,400.0,708.0,399.0
16614.jpg,0.625,640.0,354.5,580.0,329.0,596.0,341.0,680.0,309.0,685.0,288.0,678.0,426.0,640.0,417.0,701.0,398.0,677.0,420.0,675.0,418.0
16620.jpg,0.63,649.0,347.0,587.0,327.0,606.0,340.0,687.0,303.0,689.0,282.0,694.0,412.0,660.0,408.0,705.0,381.0,691.0,405.0,685.0,401.0
16626.jpg,0.61,646.0,343.5,589.0,327.0,609.0,340.0,686.0,310.0,690.0,280.0,695.0,408.0,653.0,402.0,704.0,378.0,690.0,399.0,689.0,397.0
16632.jpg,0.68,677.0,313.0,612.0,321.0,634.0,327.0,702.0,276.0,701.0,246.0,739.0,381.0,701.0,385.0,746.0,346.0,734.0,371.0,733.0,370.0
16638.jpg,0.695,670.0,313.5,602.0,316.0,624.0,323.0,694.0,274.0,693.0,245.0,731.0,384.0,694.0,391.0,743.0,351.0,728.0,374.0,725.0,373.0
16644.jpg,0.705,670.5,309.5,601.0,313.0,625.0,320.0,694.0,269.0,691.0,240.0,734.0,382.0,690.0,388.0,745.0,323.0,730.0,371.0,728.0,370.0
16650.jpg,0.715,683.0,302.5,613.0,312.0,637.0,319.0,701.0,262.0,697.0,232.0,753.0,368.0,707.0,378.0,758.0,332.0,746.0,361.0,746.0,361.0
16656.jpg,0.72,700.0,295.0,629.0,314.0,653.0,320.0,711.0,258.0,707.0,229.0,773.0,355.0,731.0,364.0,772.0,322.0,764.0,347.0,762.0,344.0
16662.jpg,0.705,705.5,294.5,636.0,315.0,657.0,320.0,715.0,256.0,709.0,230.0,778.0,355.0,736.0,362.0,771.0,309.0,773.0,348.0,767.0,345.0
16668.jpg,0.675,697.0,301.5,632.0,318.0,653.0,324.0,715.0,263.0,709.0,238.0,761.0,367.0,726.0,370.0,764.0,330.0,756.0,359.0,754.0,355.0
16674.jpg,0.665,673.5,319.5,608.0,319.0,633.0,328.0,702.0,280.0,699.0,252.0,732.0,392.0,690.0,389.0,743.0,357.0,728.0,387.0,723.0,379.0
16680.jpg,0.67,669.0,318.0,602.0,315.0,627.0,324.0,695.0,276.0,694.0,248.0,725.0,391.0,687.0,392.0,741.0,353.0,721.0,381.0,719.0,377.0
16686.jpg,0.675,647.5,330.0,583.0,311.0,606.0,325.0,682.0,285.0,684.0,260.0,700.0,405.0,662.0,405.0,719.0,377.0,696.0,397.0,693.0,390.0
16692.jpg,0.625,611.0,346.5,551.0,296.0,572.0,317.0,656.0,299.0,665.0,273.0,644.0,424.0,608.0,411.0,669.0,403.0,643.0,417.0,643.0,412.0
16698.jpg,0.595,604.0,354.5,546.0,303.0,566.0,324.0,649.0,311.0,660.0,285.0,629.0,428.0,595.0,414.0,654.0,409.0,629.0,428.0,629.0,426.0
16704.jpg,0.59,600.5,359.0,543.0,302.0,561.0,323.0,647.0,311.0,657.0,290.0,618.0,432.0,589.0,419.0,649.0,412.0,621.0,432.0,619.0,430.0
16710.jpg,0.595,606.0,356.5,550.0,306.0,568.0,326.0,654.0,308.0,662.0,288.0,633.0,430.0,604.0,418.0,656.0,409.0,634.0,428.0,634.0,423.0
16716.jpg,0.59,610.5,355.0,554.0,309.0,571.0,327.0,657.0,311.0,665.0,287.0,642.0,428.0,615.0,416.0,662.0,406.0,643.0,426.0,642.0,419.0
16722.jpg,0.58,614.5,354.0,559.0,311.0,576.0,328.0,661.0,306.0,667.0,286.0,650.0,426.0,613.0,412.0,668.0,400.0,648.0,426.0,646.0,415.0
16728.jpg,0.585,619.0,352.5,562.0,312.0,579.0,328.0,663.0,304.0,670.0,284.0,657.0,425.0,622.0,412.0,676.0,394.0,653.0,425.0,652.0,416.0
16734.jpg,0.595,623.0,346.5,566.0,313.0,583.0,328.0,667.0,303.0,674.0,279.0,666.0,420.0,630.0,408.0,682.0,389.0,664.0,409.0,661.0,407.0
16740.jpg,0.595,621.5,347.5,562.0,309.0,582.0,327.0,664.0,307.0,671.0,278.0,660.0,421.0,626.0,410.0,681.0,390.0,657.0,408.0,656.0,408.0
16746.jpg,0.595,617.0,350.5,559.0,310.0,576.0,326.0,661.0,309.0,669.0,281.0,656.0,424.0,624.0,413.0,675.0,396.0,653.0,412.0,652.0,411.0
16752.jpg,0.59,619.5,350.0,561.0,314.0,577.0,329.0,662.0,312.0,669.0,282.0,658.0,423.0,625.0,410.0,677.0,389.0,653.0,410.0,652.0,410.0
16758.jpg,0.61,622.0,348.0,564.0,316.0,583.0,330.0,664.0,312.0,672.0,282.0,665.0,419.0,629.0,407.0,679.0,388.0,658.0,409.0,656.0,405.0
16764.jpg,0.605,623.0,346.5,565.0,316.0,582.0,330.0,665.0,313.0,674.0,283.0,667.0,421.0,628.0,402.0,682.0,382.0,658.0,407.0,658.0,407.0
16770.jpg,0.605,623.5,347.5,566.0,317.0,582.0,330.0,666.0,314.0,674.0,282.0,668.0,422.0,627.0,403.0,682.0,383.0,658.0,408.0,658.0,408.0
16776.jpg,0.6,623.0,347.0,565.0,316.0,582.0,331.0,666.0,314.0,674.0,284.0,667.0,421.0,628.0,403.0,682.0,383.0,660.0,407.0,658.0,407.0
16782.jpg,0.6,622.0,347.5,564.0,316.0,582.0,331.0,665.0,315.0,673.0,284.0,664.0,422.0,628.0,406.0,682.0,384.0,659.0,408.0,659.0,408.0
16788.jpg,0.595,623.0,346.5,565.0,316.0,582.0,330.0,666.0,312.0,673.0,281.0,662.0,416.0,635.0,409.0,679.0,387.0,659.0,408.0,658.0,406.0
16794.jpg,0.625,632.5,342.5,573.0,316.0,592.0,330.0,673.0,303.0,678.0,274.0,678.0,414.0,645.0,410.0,695.0,388.0,675.0,406.0,674.0,406.0
16800.jpg,0.61,631.5,345.0,572.0,316.0,592.0,331.0,674.0,297.0,678.0,276.0,676.0,421.0,640.0,409.0,691.0,389.0,673.0,410.0,671.0,408.0
16806.jpg,0.605,633.5,346.5,574.0,319.0,593.0,333.0,677.0,299.0,678.0,278.0,678.0,421.0,640.0,409.0,689.0,388.0,674.0,408.0,668.0,403.0
16812.jpg,0.6,634.5,347.0,577.0,322.0,595.0,335.0,678.0,300.0,680.0,280.0,678.0,421.0,650.0,410.0,693.0,387.0,673.0,408.0,668.0,402.0
16818.jpg,0.565,621.5,355.5,567.0,320.0,584.0,336.0,668.0,319.0,674.0,290.0,656.0,426.0,616.0,406.0,676.0,393.0,654.0,426.0,652.0,415.0
16824.jpg,0.575,597.0,365.5,541.0,309.0,559.0,328.0,643.0,324.0,654.0,299.0,612.0,437.0,576.0,414.0,637.0,408.0,612.0,424.0,612.0,425.0
16830.jpg,0.585,593.5,363.5,537.0,305.0,555.0,326.0,640.0,321.0,652.0,296.0,609.0,436.0,577.0,419.0,633.0,415.0,607.0,432.0,607.0,426.0
16836.jpg,0.59,591.0,362.0,534.0,301.0,551.0,322.0,637.0,316.0,649.0,294.0,602.0,435.0,567.0,415.0,630.0,415.0,601.0,430.0,602.0,424.0
16842.jpg,0.59,589.0,362.0,532.0,301.0,549.0,320.0,636.0,314.0,648.0,293.0,600.0,435.0,565.0,415.0,627.0,415.0,598.0,435.0,598.0,429.0
16848.jpg,0.59,589.0,361.5,532.0,299.0,549.0,320.0,636.0,313.0,648.0,292.0,600.0,435.0,565.0,414.0,628.0,414.0,598.0,435.0,598.0,428.0
16854.jpg,0.59,589.0,360.5,532.0,298.0,549.0,319.0,636.0,312.0,647.0,291.0,600.0,434.0,566.0,412.0,628.0,413.0,599.0,430.0,599.0,426.0
16860.jpg,0.585,588.5,361.5,532.0,299.0,547.0,319.0,635.0,313.0,647.0,293.0,597.0,434.0,566.0,415.0,627.0,414.0,597.0,434.0,596.0,427.0
16866.jpg,0.59,589.0,361.0,532.0,298.0,549.0,319.0,635.0,313.0,647.0,292.0,600.0,434.0,565.0,414.0,627.0,413.0,598.0,434.0,598.0,428.0
16872.jpg,0.59,590.0,360.0,533.0,298.0,550.0,320.0,637.0,312.0,648.0,291.0,603.0,433.0,567.0,414.0,628.0,412.0,603.0,433.0,603.0,424.0
16878.jpg,0.59,589.0,361.0,532.0,299.0,549.0,319.0,636.0,313.0,647.0,292.0,602.0,434.0,566.0,414.0,629.0,413.0,600.0,434.0,600.0,423.0
16884.jpg,0.595,589.5,360.0,534.0,297.0,550.0,318.0,636.0,312.0,648.0,290.0,602.0,431.0,567.0,416.0,630.0,412.0,603.0,434.0,602.0,430.0
16890.jpg,0.595,589.5,360.0,534.0,298.0,550.0,318.0,636.0,311.0,648.0,290.0,605.0,434.0,572.0,420.0,629.0,412.0,603.0,434.0,603.0,424.0
16896.jpg,0.595,589.5,359.5,534.0,298.0,550.0,319.0,637.0,311.0,648.0,290.0,603.0,429.0,566.0,413.0,632.0,411.0,602.0,429.0,602.0,423.0
16902.jpg,0.595,590.5,359.5,533.0,298.0,551.0,319.0,638.0,311.0,649.0,290.0,604.0,433.0,567.0,413.0,633.0,409.0,603.0,431.0,603.0,426.0
16908.jpg,0.59,590.0,361.0,535.0,300.0,551.0,319.0,637.0,311.0,649.0,291.0,605.0,434.0,577.0,423.0,633.0,410.0,604.0,432.0,604.0,428.0
16914.jpg,0.59,591.0,360.0,534.0,299.0,552.0,320.0,638.0,310.0,649.0,291.0,606.0,433.0,578.0,421.0,632.0,411.0,604.0,433.0,605.0,426.0
16920.jpg,0.59,592.0,360.0,535.0,299.0,553.0,321.0,639.0,310.0,650.0,290.0,607.0,433.0,579.0,421.0,636.0,411.0,607.0,433.0,607.0,427.0
16926.jpg,0.585,593.5,359.5,537.0,299.0,556.0,321.0,641.0,311.0,651.0,290.0,613.0,432.0,581.0,419.0,639.0,407.0,611.0,432.0,611.0,428.0
16932.jpg,0.585,595.0,361.5,539.0,302.0,557.0,323.0,643.0,311.0,653.0,292.0,617.0,434.0,584.0,420.0,638.0,411.0,617.0,432.0,617.0,428.0
16938.jpg,0.58,596.5,360.0,541.0,302.0,558.0,324.0,644.0,312.0,653.0,291.0,619.0,432.0,583.0,418.0,639.0,412.0,619.0,432.0,618.0,428.0
16944.jpg,0.58,598.5,359.0,542.0,301.0,560.0,324.0,646.0,311.0,655.0,290.0,621.0,431.0,587.0,419.0,643.0,410.0,621.0,431.0,620.0,429.0
16950.jpg,0.58,599.5,359.0,543.0,301.0,560.0,324.0,646.0,310.0,655.0,290.0,622.0,431.0,589.0,420.0,642.0,410.0,622.0,431.0,621.0,429.0
16956.jpg,0.58,599.5,358.0,542.0,301.0,560.0,324.0,646.0,310.0,655.0,289.0,622.0,430.0,588.0,418.0,644.0,408.0,622.0,430.0,621.0,428.0
16962.jpg,0.58,599.5,359.0,542.0,302.0,561.0,325.0,646.0,310.0,656.0,290.0,622.0,431.0,588.0,417.0,644.0,408.0,622.0,431.0,621.0,428.0
16968.jpg,0.58,600.5,359.0,543.0,302.0,561.0,325.0,647.0,310.0,656.0,290.0,625.0,431.0,593.0,418.0,645.0,410.0,623.0,431.0,623.0,429.0
16974.jpg,0.575,601.5,358.5,544.0,303.0,563.0,326.0,649.0,310.0,658.0,290.0,626.0,430.0,594.0,416.0,650.0,406.0,626.0,430.0,625.0,428.0
16980.jpg,0.585,604.0,356.5,547.0,306.0,564.0,326.0,651.0,311.0,660.0,288.0,633.0,429.0,595.0,410.0,653.0,406.0,631.0,429.0,631.0,423.0
16986.jpg,0.59,606.5,356.0,551.0,311.0,566.0,327.0,655.0,309.0,662.0,288.0,638.0,429.0,601.0,409.0,657.0,404.0,636.0,429.0,638.0,422.0
16992.jpg,0.59,607.0,355.0,552.0,310.0,569.0,328.0,654.0,309.0,662.0,287.0,639.0,428.0,598.0,404.0,659.0,400.0,636.0,428.0,638.0,417.0
16998.jpg,0.59,607.0,356.0,552.0,310.0,568.0,328.0,654.0,309.0,661.0,288.0,636.0,429.0,601.0,409.0,661.0,396.0,637.0,422.0,637.0,417.0
17004.jpg,0.585,607.5,355.5,551.0,310.0,567.0,328.0,654.0,309.0,661.0,287.0,639.0,428.0,601.0,408.0,658.0,403.0,637.0,426.0,637.0,417.0
17010.jpg,0.585,606.0,354.5,550.0,308.0,567.0,328.0,654.0,309.0,662.0,287.0,637.0,427.0,604.0,413.0,657.0,399.0,636.0,421.0,634.0,415.0
17016.jpg,0.59,605.5,354.0,550.0,309.0,566.0,326.0,654.0,307.0,660.0,285.0,639.0,427.0,602.0,414.0,658.0,398.0,637.0,416.0,637.0,415.0
17022.jpg,0.63,637.0,338.0,586.0,276.0,568.0,306.0,674.0,292.0,677.0,267.0,684.0,410.0,648.0,409.0,701.0,382.0,681.0,403.0,679.0,402.0
17028.jpg,0.635,641.5,336.5,581.0,319.0,600.0,330.0,681.0,300.0,684.0,268.0,691.0,410.0,654.0,403.0,705.0,380.0,689.0,401.0,686.0,397.0
17034.jpg,0.625,639.5,339.5,580.0,320.0,598.0,331.0,680.0,295.0,683.0,272.0,686.0,413.0,649.0,405.0,702.0,383.0,683.0,402.0,681.0,400.0
17040.jpg,0.59,624.5,346.0,567.0,315.0,585.0,329.0,668.0,304.0,674.0,277.0,668.0,419.0,636.0,410.0,683.0,392.0,662.0,406.0,661.0,407.0
17046.jpg,0.59,621.0,348.0,563.0,315.0,582.0,328.0,665.0,302.0,670.0,279.0,657.0,421.0,628.0,411.0,679.0,397.0,657.0,415.0,655.0,410.0
17052.jpg,0.585,621.0,346.5,564.0,313.0,581.0,328.0,664.0,306.0,670.0,278.0,661.0,419.0,627.0,408.0,680.0,390.0,659.0,419.0,655.0,408.0
17058.jpg,0.59,621.5,346.0,564.0,314.0,581.0,327.0,665.0,300.0,671.0,277.0,662.0,419.0,624.0,405.0,680.0,389.0,660.0,419.0,656.0,408.0
17064.jpg,0.595,622.0,345.5,564.0,314.0,582.0,328.0,666.0,298.0,671.0,276.0,663.0,419.0,625.0,405.0,681.0,392.0,661.0,419.0,657.0,408.0
17070.jpg,0.6,623.0,345.0,564.0,313.0,582.0,329.0,666.0,299.0,671.0,276.0,667.0,419.0,629.0,407.0,683.0,389.0,662.0,408.0,658.0,407.0
17076.jpg,0.59,622.5,345.0,565.0,314.0,583.0,329.0,667.0,299.0,671.0,276.0,666.0,418.0,628.0,406.0,682.0,389.0,663.0,418.0,657.0,407.0
17082.jpg,0.595,623.0,344.5,565.0,315.0,581.0,328.0,667.0,298.0,672.0,275.0,666.0,418.0,628.0,405.0,683.0,386.0,664.0,418.0,662.0,407.0
17088.jpg,0.595,623.0,343.5,565.0,314.0,582.0,328.0,667.0,298.0,672.0,275.0,666.0,417.0,629.0,404.0,683.0,385.0,664.0,417.0,664.0,406.0
17094.jpg,0.6,623.5,343.0,566.0,314.0,584.0,328.0,668.0,297.0,671.0,274.0,667.0,417.0,630.0,404.0,684.0,385.0,665.0,417.0,659.0,404.0
17100.jpg,0.59,623.0,343.0,565.0,314.0,584.0,329.0,667.0,298.0,671.0,274.0,666.0,416.0,629.0,404.0,683.0,387.0,664.0,416.0,657.0,405.0
17106.jpg,0.6,623.5,343.0,566.0,314.0,584.0,328.0,668.0,297.0,671.0,274.0,667.0,417.0,629.0,404.0,684.0,385.0,665.0,417.0,662.0,406.0
17112.jpg,0.6,623.0,343.0,565.0,314.0,584.0,328.0,667.0,297.0,671.0,274.0,667.0,417.0,629.0,404.0,684.0,389.0,665.0,417.0,663.0,405.0
17118.jpg,0.595,623.0,342.5,565.0,313.0,583.0,328.0,667.0,297.0,672.0,274.0,666.0,416.0,629.0,403.0,683.0,387.0,664.0,416.0,664.0,406.0
17124.jpg,0.6,623.5,343.0,566.0,314.0,584.0,329.0,669.0,296.0,671.0,274.0,668.0,416.0,629.0,403.0,684.0,385.0,662.0,404.0,659.0,404.0
17130.jpg,0.59,624.0,343.0,566.0,315.0,585.0,329.0,669.0,297.0,672.0,275.0,667.0,416.0,629.0,403.0,684.0,386.0,667.0,414.0,665.0,409.0
17136.jpg,0.605,624.0,342.5,566.0,315.0,586.0,329.0,669.0,298.0,672.0,274.0,668.0,417.0,630.0,403.0,685.0,383.0,666.0,416.0,665.0,406.0
17142.jpg,0.6,623.5,343.0,566.0,315.0,585.0,329.0,668.0,297.0,673.0,274.0,670.0,417.0,629.0,402.0,684.0,380.0,667.0,417.0,666.0,404.0
17148.jpg,0.6,623.5,343.0,566.0,315.0,585.0,329.0,668.0,297.0,673.0,274.0,670.0,416.0,629.0,402.0,684.0,382.0,667.0,417.0,666.0,404.0
17154.jpg,0.595,623.5,342.5,566.0,315.0,585.0,330.0,668.0,297.0,672.0,274.0,667.0,416.0,627.0,401.0,684.0,381.0,665.0,416.0,664.0,404.0
17160.jpg,0.6,623.5,342.0,566.0,315.0,584.0,329.0,668.0,299.0,673.0,274.0,667.0,416.0,629.0,402.0,684.0,383.0,665.0,416.0,663.0,403.0
17166.jpg,0.6,623.5,342.0,566.0,315.0,584.0,329.0,668.0,297.0,673.0,274.0,668.0,415.0,630.0,402.0,684.0,379.0,664.0,405.0,663.0,403.0
17172.jpg,0.6,623.5,342.0,566.0,315.0,585.0,330.0,668.0,297.0,673.0,274.0,667.0,416.0,629.0,402.0,683.0,382.0,667.0,416.0,664.0,404.0
17178.jpg,0.605,624.0,341.5,565.0,315.0,585.0,330.0,668.0,297.0,671.0,273.0,666.0,416.0,630.0,403.0,683.0,384.0,662.0,404.0,659.0,402.0
17184.jpg,0.6,624.0,342.0,565.0,315.0,583.0,329.0,668.0,297.0,672.0,273.0,666.0,416.0,630.0,403.0,684.0,386.0,661.0,403.0,660.0,403.0
17190.jpg,0.6,623.5,342.0,566.0,315.0,584.0,329.0,668.0,297.0,671.0,273.0,667.0,416.0,628.0,402.0,683.0,385.0,663.0,404.0,662.0,404.0
17196.jpg,0.6,623.5,342.0,566.0,315.0,584.0,329.0,668.0,297.0,671.0,273.0,667.0,416.0,629.0,402.0,683.0,386.0,665.0,416.0,663.0,404.0
17202.jpg,0.6,623.0,342.0,565.0,315.0,583.0,329.0,667.0,297.0,671.0,273.0,667.0,416.0,629.0,402.0,683.0,386.0,662.0,403.0,662.0,404.0
17208.jpg,0.6,623.5,342.0,566.0,315.0,585.0,329.0,668.0,297.0,671.0,273.0,667.0,413.0,629.0,402.0,683.0,385.0,665.0,416.0,662.0,404.0
17214.jpg,0.6,623.5,342.0,566.0,316.0,584.0,329.0,668.0,297.0,671.0,273.0,667.0,416.0,629.0,403.0,684.0,385.0,665.0,416.0,660.0,404.0
17220.jpg,0.6,623.5,342.0,566.0,315.0,584.0,329.0,668.0,297.0,671.0,273.0,667.0,416.0,629.0,402.0,683.0,384.0,663.0,416.0,659.0,403.0
17226.jpg,0.6,623.5,342.0,565.0,314.0,584.0,329.0,668.0,297.0,671.0,273.0,667.0,415.0,629.0,402.0,683.0,386.0,665.0,416.0,659.0,403.0
17232.jpg,0.6,623.5,343.0,566.0,315.0,584.0,329.0,668.0,297.0,671.0,274.0,667.0,416.0,629.0,403.0,683.0,385.0,662.0,404.0,659.0,403.0
17238.jpg,0.6,623.5,342.0,566.0,315.0,582.0,329.0,668.0,297.0,671.0,274.0,668.0,412.0,628.0,402.0,683.0,385.0,667.0,416.0,662.0,403.0
17244.jpg,0.6,622.5,342.0,565.0,315.0,585.0,329.0,668.0,297.0,672.0,273.0,666.0,412.0,627.0,402.0,683.0,384.0,662.0,404.0,659.0,403.0
17250.jpg,0.625,631.0,337.5,571.0,315.0,591.0,329.0,672.0,292.0,676.0,269.0,680.0,408.0,641.0,400.0,692.0,375.0,676.0,401.0,674.0,394.0
17256.jpg,0.65,648.0,334.0,587.0,322.0,605.0,331.0,686.0,286.0,687.0,265.0,702.0,402.0,664.0,401.0,713.0,369.0,697.0,395.0,695.0,391.0
17262.jpg,0.61,634.5,349.0,575.0,327.0,595.0,341.0,676.0,310.0,682.0,285.0,673.0,417.0,648.0,410.0,690.0,386.0,671.0,412.0,669.0,404.0
17268.jpg,0.595,623.0,349.5,566.0,319.0,582.0,335.0,668.0,317.0,676.0,287.0,660.0,417.0,628.0,403.0,679.0,385.0,659.0,416.0,655.0,403.0
17274.jpg,0.565,636.5,334.0,577.0,316.0,587.0,325.0,678.0,296.0,682.0,278.0,671.0,394.0,635.0,383.0,687.0,366.0,672.0,391.0,673.0,392.0
17280.jpg,0.575,632.5,349.5,571.0,318.0,580.0,327.0,671.0,316.0,680.0,287.0,665.0,411.0,629.0,401.0,686.0,379.0,666.0,410.0,665.0,411.0
17286.jpg,0.58,623.0,336.5,569.0,313.0,581.0,325.0,672.0,297.0,675.0,279.0,660.0,396.0,630.0,389.0,677.0,368.0,660.0,396.0,656.0,386.0
17292.jpg,0.575,621.5,338.0,566.0,311.0,581.0,327.0,667.0,309.0,674.0,278.0,661.0,401.0,625.0,390.0,674.0,372.0,660.0,399.0,655.0,388.0
17298.jpg,0.58,622.0,341.0,568.0,311.0,582.0,328.0,667.0,309.0,674.0,277.0,662.0,408.0,620.0,394.0,680.0,374.0,659.0,402.0,657.0,401.0
17304.jpg,0.57,621.5,343.0,568.0,313.0,582.0,328.0,670.0,301.0,673.0,277.0,659.0,414.0,621.0,395.0,677.0,380.0,655.0,402.0,655.0,401.0
17310.jpg,0.575,621.0,340.5,565.0,310.0,579.0,326.0,668.0,298.0,671.0,275.0,658.0,408.0,615.0,392.0,680.0,370.0,656.0,406.0,654.0,399.0
17316.jpg,0.575,620.0,330.5,564.0,306.0,580.0,320.0,666.0,289.0,669.0,270.0,656.0,392.0,614.0,378.0,676.0,362.0,657.0,391.0,654.0,381.0
17322.jpg,0.58,624.0,329.0,568.0,305.0,583.0,320.0,672.0,288.0,674.0,268.0,664.0,390.0,627.0,381.0,681.0,360.0,664.0,390.0,662.0,391.0
17328.jpg,0.57,622.0,328.0,566.0,302.0,581.0,318.0,669.0,289.0,673.0,268.0,660.0,388.0,626.0,380.0,678.0,359.0,656.0,388.0,653.0,378.0
17334.jpg,0.56,621.0,329.0,566.0,302.0,580.0,318.0,669.0,288.0,672.0,268.0,658.0,393.0,629.0,385.0,676.0,364.0,658.0,392.0,654.0,387.0
17340.jpg,0.57,620.5,331.0,565.0,303.0,580.0,319.0,668.0,289.0,672.0,267.0,657.0,396.0,627.0,385.0,676.0,362.0,657.0,394.0,654.0,391.0
17346.jpg,0.565,620.5,329.5,564.0,303.0,580.0,318.0,668.0,289.0,671.0,268.0,658.0,395.0,626.0,385.0,677.0,360.0,658.0,393.0,654.0,388.0
17352.jpg,0.575,621.0,329.5,566.0,304.0,581.0,318.0,668.0,289.0,671.0,268.0,659.0,393.0,627.0,383.0,677.0,361.0,659.0,392.0,658.0,393.0
17358.jpg,0.575,621.0,329.5,565.0,302.0,581.0,318.0,668.0,288.0,671.0,267.0,658.0,393.0,625.0,381.0,676.0,361.0,659.0,392.0,654.0,380.0
17364.jpg,0.57,620.5,329.0,565.0,301.0,580.0,319.0,668.0,288.0,672.0,268.0,659.0,394.0,615.0,376.0,676.0,360.0,659.0,392.0,653.0,381.0
17370.jpg,0.575,621.0,328.5,566.0,303.0,581.0,318.0,668.0,288.0,671.0,267.0,660.0,394.0,625.0,381.0,678.0,359.0,659.0,392.0,655.0,380.0
17376.jpg,0.57,621.0,329.0,566.0,303.0,581.0,319.0,669.0,289.0,672.0,268.0,660.0,394.0,624.0,380.0,678.0,359.0,659.0,391.0,653.0,379.0
17382.jpg,0.57,621.0,328.5,566.0,303.0,582.0,318.0,669.0,288.0,672.0,267.0,660.0,393.0,614.0,375.0,678.0,359.0,659.0,392.0,658.0,389.0
17388.jpg,0.57,621.0,328.0,566.0,302.0,581.0,319.0,669.0,288.0,672.0,267.0,660.0,394.0,625.0,380.0,679.0,359.0,660.0,391.0,654.0,380.0
17394.jpg,0.57,621.0,328.0,565.0,302.0,581.0,319.0,669.0,289.0,672.0,267.0,660.0,394.0,624.0,380.0,679.0,359.0,661.0,391.0,659.0,386.0
17400.jpg,0.57,621.5,328.0,566.0,302.0,581.0,319.0,669.0,288.0,672.0,267.0,660.0,393.0,625.0,380.0,679.0,357.0,659.0,388.0,655.0,379.0
17406.jpg,0.575,621.5,328.5,566.0,304.0,582.0,319.0,670.0,288.0,672.0,267.0,662.0,392.0,624.0,380.0,679.0,359.0,661.0,390.0,658.0,380.0
17412.jpg,0.575,621.0,328.5,566.0,303.0,582.0,318.0,668.0,289.0,671.0,267.0,661.0,392.0,623.0,380.0,677.0,360.0,660.0,391.0,655.0,380.0
17418.jpg,0.575,621.5,328.5,565.0,303.0,581.0,318.0,669.0,288.0,672.0,267.0,661.0,392.0,623.0,380.0,678.0,359.0,660.0,391.0,655.0,379.0
17424.jpg,0.575,621.0,329.5,566.0,302.0,583.0,319.0,669.0,288.0,671.0,267.0,660.0,393.0,618.0,379.0,677.0,362.0,658.0,390.0,655.0,381.0
17430.jpg,0.605,629.0,331.5,572.0,311.0,589.0,324.0,674.0,288.0,676.0,265.0,673.0,399.0,624.0,386.0,687.0,367.0,670.0,392.0,664.0,385.0
17436.jpg,0.625,631.5,332.5,570.0,309.0,591.0,323.0,672.0,288.0,677.0,266.0,673.0,404.0,636.0,397.0,694.0,375.0,672.0,398.0,668.0,396.0
17442.jpg,0.605,605.5,345.5,545.0,295.0,565.0,315.0,650.0,298.0,660.0,275.0,635.0,417.0,600.0,409.0,659.0,399.0,634.0,413.0,634.0,409.0
17448.jpg,0.6,601.5,351.0,544.0,302.0,562.0,319.0,647.0,306.0,659.0,282.0,629.0,425.0,596.0,412.0,652.0,400.0,627.0,419.0,626.0,414.0
17454.jpg,0.595,606.5,351.5,551.0,307.0,567.0,324.0,654.0,304.0,662.0,283.0,638.0,425.0,604.0,410.0,659.0,397.0,638.0,414.0,638.0,413.0
17460.jpg,0.585,609.0,347.5,554.0,307.0,569.0,322.0,657.0,301.0,664.0,280.0,643.0,418.0,603.0,398.0,666.0,384.0,642.0,416.0,641.0,408.0
17466.jpg,0.58,609.0,345.0,555.0,305.0,569.0,321.0,658.0,300.0,664.0,279.0,645.0,413.0,607.0,397.0,667.0,379.0,643.0,411.0,642.0,405.0
17472.jpg,0.575,609.5,344.5,554.0,305.0,569.0,321.0,658.0,298.0,663.0,278.0,644.0,412.0,606.0,396.0,666.0,380.0,643.0,410.0,642.0,403.0
17478.jpg,0.575,609.5,343.5,553.0,303.0,569.0,321.0,659.0,297.0,663.0,277.0,644.0,411.0,606.0,395.0,664.0,379.0,643.0,411.0,642.0,403.0
17484.jpg,0.58,609.0,344.0,553.0,303.0,569.0,320.0,659.0,297.0,663.0,277.0,644.0,412.0,607.0,395.0,664.0,379.0,643.0,410.0,642.0,404.0
17490.jpg,0.58,609.0,344.0,555.0,303.0,569.0,320.0,659.0,297.0,664.0,277.0,644.0,412.0,608.0,395.0,666.0,379.0,643.0,411.0,642.0,405.0
17496.jpg,0.58,609.5,343.0,554.0,303.0,569.0,320.0,658.0,298.0,664.0,276.0,645.0,411.0,607.0,395.0,665.0,378.0,643.0,410.0,642.0,403.0
17502.jpg,0.58,609.5,343.0,554.0,303.0,569.0,321.0,658.0,298.0,664.0,277.0,643.0,411.0,606.0,394.0,666.0,378.0,643.0,408.0,641.0,402.0
17508.jpg,0.58,609.5,343.0,554.0,303.0,569.0,321.0,659.0,298.0,664.0,276.0,643.0,415.0,608.0,395.0,665.0,380.0,643.0,409.0,641.0,403.0
17514.jpg,0.575,609.5,343.5,553.0,303.0,568.0,320.0,659.0,297.0,664.0,277.0,643.0,412.0,607.0,394.0,664.0,383.0,643.0,409.0,641.0,402.0
17520.jpg,0.575,610.5,342.5,554.0,303.0,569.0,320.0,659.0,298.0,664.0,276.0,644.0,411.0,608.0,393.0,665.0,381.0,644.0,409.0,642.0,402.0
17526.jpg,0.58,609.5,343.0,554.0,303.0,570.0,321.0,658.0,298.0,664.0,276.0,643.0,415.0,607.0,394.0,665.0,380.0,643.0,409.0,641.0,402.0
17532.jpg,0.575,610.5,342.5,554.0,302.0,570.0,321.0,660.0,296.0,664.0,276.0,644.0,412.0,608.0,393.0,664.0,382.0,643.0,412.0,642.0,402.0
17538.jpg,0.575,610.5,342.5,554.0,303.0,570.0,321.0,660.0,298.0,664.0,276.0,644.0,411.0,608.0,393.0,664.0,382.0,643.0,412.0,642.0,402.0
17544.jpg,0.575,610.5,342.5,554.0,303.0,570.0,321.0,660.0,298.0,664.0,276.0,645.0,410.0,608.0,394.0,665.0,381.0,644.0,408.0,642.0,401.0
17550.jpg,0.575,610.5,342.5,554.0,302.0,570.0,321.0,660.0,296.0,664.0,276.0,645.0,410.0,608.0,393.0,667.0,376.0,644.0,409.0,642.0,401.0
17556.jpg,0.58,610.0,342.0,554.0,303.0,570.0,322.0,660.0,298.0,664.0,275.0,645.0,411.0,607.0,392.0,667.0,377.0,644.0,409.0,642.0,401.0
17562.jpg,0.58,610.5,342.0,554.0,303.0,570.0,322.0,659.0,297.0,665.0,276.0,646.0,410.0,608.0,393.0,666.0,377.0,644.0,408.0,642.0,401.0
17568.jpg,0.575,610.5,342.5,554.0,303.0,570.0,321.0,660.0,296.0,664.0,276.0,644.0,412.0,607.0,392.0,667.0,376.0,644.0,410.0,642.0,401.0
17574.jpg,0.575,611.0,342.5,555.0,303.0,571.0,321.0,659.0,298.0,665.0,276.0,646.0,410.0,609.0,393.0,667.0,375.0,645.0,409.0,642.0,401.0
17580.jpg,0.57,611.0,342.0,555.0,303.0,570.0,321.0,660.0,296.0,664.0,275.0,645.0,411.0,609.0,392.0,668.0,374.0,644.0,407.0,642.0,400.0
17586.jpg,0.58,610.5,342.0,555.0,303.0,571.0,322.0,659.0,298.0,665.0,276.0,646.0,410.0,608.0,392.0,667.0,376.0,644.0,408.0,642.0,401.0
17592.jpg,0.575,611.0,341.5,555.0,302.0,572.0,320.0,660.0,295.0,665.0,275.0,646.0,409.0,610.0,393.0,666.0,378.0,645.0,408.0,644.0,401.0
17598.jpg,0.575,611.0,341.5,555.0,302.0,571.0,321.0,660.0,297.0,665.0,275.0,646.0,411.0,609.0,392.0,667.0,378.0,645.0,407.0,644.0,401.0
17604.jpg,0.57,611.0,342.0,555.0,303.0,571.0,321.0,661.0,296.0,665.0,276.0,645.0,411.0,609.0,392.0,668.0,375.0,644.0,407.0,643.0,401.0
17610.jpg,0.57,611.0,342.0,554.0,304.0,571.0,321.0,660.0,296.0,665.0,276.0,645.0,411.0,609.0,392.0,668.0,374.0,644.0,409.0,643.0,401.0
17616.jpg,0.575,611.0,341.5,555.0,303.0,572.0,321.0,660.0,297.0,665.0,275.0,646.0,410.0,609.0,392.0,668.0,374.0,645.0,407.0,642.0,400.0
17622.jpg,0.57,612.0,342.0,555.0,303.0,571.0,321.0,660.0,296.0,665.0,276.0,645.0,411.0,610.0,392.0,668.0,375.0,645.0,408.0,643.0,401.0
17628.jpg,0.575,611.5,342.0,554.0,304.0,571.0,321.0,661.0,296.0,665.0,276.0,645.0,413.0,609.0,391.0,668.0,376.0,645.0,406.0,644.0,401.0
17634.jpg,0.575,611.0,341.5,555.0,303.0,572.0,321.0,660.0,297.0,665.0,275.0,646.0,409.0,608.0,391.0,668.0,374.0,645.0,407.0,644.0,401.0
17640.jpg,0.57,612.0,342.0,555.0,303.0,572.0,321.0,661.0,296.0,665.0,276.0,646.0,409.0,610.0,392.0,669.0,373.0,645.0,405.0,643.0,400.0
17646.jpg,0.57,612.0,342.0,555.0,304.0,571.0,321.0,661.0,296.0,665.0,276.0,646.0,409.0,611.0,393.0,666.0,379.0,645.0,407.0,644.0,401.0
17652.jpg,0.575,612.0,341.5,556.0,303.0,570.0,321.0,660.0,295.0,665.0,275.0,646.0,411.0,610.0,392.0,668.0,374.0,645.0,407.0,643.0,400.0
17658.jpg,0.575,612.0,341.5,556.0,303.0,573.0,321.0,660.0,295.0,665.0,275.0,647.0,408.0,610.0,392.0,668.0,374.0,643.0,400.0,643.0,400.0
17664.jpg,0.575,615.5,339.5,558.0,306.0,577.0,323.0,665.0,292.0,668.0,274.0,653.0,411.0,614.0,391.0,673.0,372.0,648.0,398.0,648.0,398.0
17670.jpg,0.59,640.0,331.5,577.0,312.0,588.0,321.0,676.0,288.0,679.0,267.0,678.0,390.0,640.0,382.0,692.0,360.0,678.0,390.0,680.0,389.0
17676.jpg,0.52,654.0,305.5,689.0,256.0,688.0,273.0,689.0,273.0,690.0,257.0,696.0,359.0,642.0,352.0,701.0,335.0,677.0,359.0,674.0,359.0
17682.jpg,0.495,624.5,315.5,567.0,303.0,576.0,313.0,669.0,286.0,672.0,269.0,651.0,362.0,614.0,354.0,666.0,342.0,650.0,362.0,649.0,362.0
17688.jpg,0.515,585.5,339.5,534.0,303.0,541.0,319.0,633.0,314.0,640.0,299.0,580.0,386.0,564.0,370.0,600.0,374.0,580.0,387.0,580.0,387.0
17694.jpg,0.52,583.0,344.0,531.0,304.0,539.0,323.0,629.0,319.0,637.0,301.0,580.0,393.0,562.0,379.0,599.0,380.0,579.0,394.0,579.0,394.0
17700.jpg,0.535,586.5,346.5,534.0,302.0,544.0,325.0,633.0,319.0,641.0,299.0,591.0,400.0,563.0,379.0,607.0,382.0,591.0,399.0,591.0,395.0
17706.jpg,0.545,590.5,351.5,537.0,305.0,548.0,328.0,637.0,322.0,645.0,299.0,596.0,407.0,568.0,388.0,614.0,389.0,596.0,405.0,596.0,399.0
17712.jpg,0.545,591.0,351.5,539.0,306.0,547.0,326.0,637.0,320.0,646.0,298.0,596.0,405.0,570.0,384.0,614.0,390.0,596.0,404.0,596.0,403.0
17718.jpg,0.53,594.0,347.0,540.0,305.0,552.0,325.0,641.0,317.0,648.0,294.0,601.0,402.0,577.0,385.0,624.0,378.0,601.0,402.0,602.0,403.0
17724.jpg,0.535,594.5,346.5,541.0,304.0,551.0,325.0,640.0,317.0,649.0,294.0,603.0,401.0,575.0,383.0,626.0,376.0,603.0,401.0,603.0,402.0
17730.jpg,0.535,596.5,346.5,542.0,305.0,554.0,326.0,642.0,316.0,650.0,294.0,606.0,400.0,577.0,384.0,626.0,378.0,606.0,401.0,605.0,402.0
17736.jpg,0.535,601.0,344.5,548.0,309.0,555.0,323.0,648.0,313.0,655.0,292.0,620.0,395.0,596.0,383.0,637.0,375.0,619.0,396.0,619.0,396.0
17742.jpg,0.545,613.5,332.5,559.0,312.0,568.0,322.0,658.0,303.0,665.0,284.0,641.0,379.0,619.0,372.0,653.0,356.0,641.0,379.0,641.0,379.0
17748.jpg,0.54,617.0,328.0,563.0,313.0,574.0,323.0,663.0,299.0,668.0,281.0,650.0,378.0,623.0,369.0,660.0,355.0,649.0,379.0,649.0,378.0
17754.jpg,0.535,615.5,329.5,561.0,313.0,571.0,321.0,661.0,299.0,667.0,280.0,646.0,378.0,609.0,367.0,658.0,355.0,645.0,379.0,645.0,379.0
17760.jpg,0.54,615.0,329.5,561.0,313.0,571.0,321.0,661.0,299.0,666.0,281.0,643.0,379.0,609.0,367.0,659.0,355.0,643.0,379.0,643.0,379.0
17766.jpg,0.545,614.5,329.5,560.0,312.0,570.0,320.0,659.0,300.0,664.0,282.0,641.0,378.0,609.0,368.0,655.0,358.0,641.0,378.0,641.0,379.0
17772.jpg,0.495,620.5,329.0,664.0,280.0,584.0,295.0,660.0,298.0,665.0,282.0,642.0,377.0,604.0,366.0,655.0,358.0,641.0,378.0,640.0,378.0
17784.jpg,0.535,612.5,332.0,555.0,310.0,560.0,316.0,655.0,301.0,662.0,284.0,631.0,380.0,607.0,371.0,649.0,360.0,631.0,380.0,630.0,380.0
17790.jpg,0.53,608.0,334.0,553.0,310.0,562.0,319.0,655.0,303.0,660.0,285.0,628.0,386.0,603.0,372.0,645.0,364.0,627.0,385.0,627.0,385.0
17796.jpg,0.54,608.0,333.5,554.0,310.0,563.0,321.0,654.0,304.0,660.0,285.0,628.0,386.0,605.0,374.0,645.0,365.0,628.0,384.0,627.0,382.0
17802.jpg,0.54,608.0,333.5,554.0,310.0,564.0,320.0,654.0,304.0,660.0,285.0,629.0,384.0,605.0,374.0,646.0,365.0,629.0,384.0,628.0,384.0
17808.jpg,0.54,608.0,333.5,553.0,309.0,563.0,320.0,654.0,303.0,660.0,285.0,629.0,384.0,604.0,372.0,645.0,365.0,629.0,383.0,628.0,383.0
17814.jpg,0.535,607.0,333.5,554.0,309.0,562.0,320.0,653.0,303.0,659.0,284.0,628.0,384.0,604.0,372.0,645.0,364.0,628.0,384.0,628.0,384.0
17820.jpg,0.535,606.5,333.5,553.0,309.0,562.0,320.0,653.0,303.0,659.0,284.0,628.0,384.0,603.0,373.0,644.0,364.0,628.0,384.0,628.0,384.0
17826.jpg,0.54,606.0,333.5,553.0,309.0,562.0,320.0,653.0,303.0,659.0,284.0,629.0,383.0,604.0,372.0,644.0,363.0,629.0,383.0,629.0,384.0
17832.jpg,0.535,606.5,333.5,552.0,308.0,562.0,320.0,653.0,304.0,660.0,284.0,628.0,385.0,604.0,373.0,644.0,364.0,628.0,385.0,628.0,385.0
17838.jpg,0.54,606.5,334.0,553.0,311.0,562.0,321.0,653.0,305.0,659.0,285.0,629.0,385.0,603.0,374.0,644.0,365.0,629.0,384.0,629.0,384.0
17844.jpg,0.535,607.5,334.5,553.0,308.0,562.0,321.0,654.0,304.0,660.0,285.0,628.0,385.0,604.0,375.0,646.0,365.0,628.0,384.0,628.0,384.0
17850.jpg,0.55,610.0,336.5,554.0,313.0,564.0,322.0,656.0,305.0,663.0,285.0,633.0,388.0,607.0,377.0,649.0,369.0,633.0,387.0,631.0,387.0
17856.jpg,0.56,610.0,338.0,553.0,312.0,563.0,323.0,657.0,305.0,661.0,285.0,633.0,392.0,604.0,377.0,649.0,370.0,633.0,389.0,633.0,389.0
17862.jpg,0.545,609.5,338.0,554.0,311.0,563.0,321.0,655.0,305.0,662.0,285.0,633.0,390.0,606.0,379.0,649.0,369.0,633.0,390.0,633.0,390.0
17868.jpg,0.545,608.5,340.5,553.0,312.0,562.0,322.0,655.0,307.0,662.0,286.0,632.0,395.0,603.0,382.0,653.0,366.0,632.0,394.0,632.0,393.0
17874.jpg,0.55,608.0,337.0,552.0,310.0,562.0,321.0,654.0,304.0,661.0,285.0,629.0,389.0,603.0,379.0,649.0,368.0,631.0,389.0,631.0,389.0
17880.jpg,0.55,609.0,337.5,553.0,311.0,563.0,320.0,656.0,303.0,661.0,284.0,634.0,389.0,605.0,378.0,652.0,365.0,633.0,389.0,633.0,388.0
17886.jpg,0.56,611.0,337.0,555.0,310.0,565.0,321.0,659.0,301.0,663.0,282.0,635.0,389.0,605.0,379.0,655.0,365.0,636.0,388.0,635.0,386.0
17892.jpg,0.555,610.5,337.5,555.0,309.0,565.0,319.0,658.0,302.0,664.0,282.0,633.0,389.0,605.0,380.0,652.0,368.0,634.0,391.0,634.0,391.0
17898.jpg,0.55,609.0,340.0,553.0,308.0,563.0,320.0,655.0,305.0,662.0,283.0,629.0,398.0,600.0,382.0,652.0,370.0,629.0,399.0,629.0,399.0
17904.jpg,0.555,605.5,337.0,549.0,307.0,559.0,317.0,653.0,302.0,659.0,283.0,626.0,392.0,598.0,378.0,646.0,372.0,626.0,391.0,625.0,390.0
17910.jpg,0.56,605.0,340.0,549.0,306.0,558.0,318.0,653.0,303.0,660.0,283.0,626.0,396.0,601.0,383.0,648.0,369.0,627.0,396.0,628.0,394.0
17916.jpg,0.55,598.0,351.0,542.0,303.0,554.0,323.0,646.0,311.0,654.0,292.0,608.0,411.0,587.0,395.0,629.0,392.0,608.0,410.0,608.0,409.0
17922.jpg,0.57,586.0,355.5,530.0,301.0,544.0,323.0,634.0,320.0,644.0,300.0,585.0,416.0,564.0,394.0,608.0,396.0,585.0,416.0,585.0,407.0
17928.jpg,0.555,567.0,358.5,513.0,297.0,523.0,318.0,610.0,330.0,624.0,311.0,542.0,422.0,523.0,393.0,583.0,399.0,543.0,420.0,544.0,417.0
17934.jpg,0.555,565.0,356.5,511.0,296.0,521.0,317.0,609.0,330.0,622.0,311.0,540.0,418.0,524.0,389.0,587.0,390.0,541.0,418.0,543.0,415.0
17940.jpg,0.595,535.0,347.5,490.0,284.0,494.0,306.0,576.0,337.0,594.0,323.0,488.0,415.0,477.0,386.0,537.0,401.0,492.0,415.0,507.0,410.0
17946.jpg,0.645,519.5,342.5,482.0,276.0,485.0,303.0,563.0,340.0,584.0,326.0,468.0,413.0,456.0,378.0,522.0,402.0,470.0,414.0,485.0,409.0
17952.jpg,0.645,510.5,341.5,478.0,275.0,480.0,304.0,556.0,343.0,576.0,329.0,459.0,408.0,450.0,377.0,504.0,399.0,460.0,411.0,460.0,411.0
17958.jpg,0.615,515.5,341.5,482.0,280.0,482.0,308.0,560.0,345.0,579.0,329.0,465.0,406.0,461.0,377.0,511.0,394.0,467.0,409.0,467.0,409.0
17964.jpg,0.605,523.0,349.5,486.0,288.0,487.0,312.0,567.0,347.0,584.0,332.0,482.0,416.0,465.0,381.0,521.0,401.0,483.0,413.0,483.0,413.0
17970.jpg,0.62,524.0,351.5,485.0,287.0,489.0,313.0,566.0,348.0,586.0,332.0,483.0,420.0,465.0,393.0,513.0,408.0,482.0,417.0,482.0,417.0
17976.jpg,0.605,525.0,350.5,486.0,288.0,488.0,315.0,566.0,347.0,585.0,330.0,481.0,418.0,471.0,391.0,525.0,400.0,482.0,415.0,482.0,414.0
17982.jpg,0.6,523.0,345.5,485.0,286.0,487.0,314.0,565.0,347.0,583.0,330.0,476.0,413.0,470.0,385.0,521.0,397.0,478.0,413.0,478.0,411.0
17988.jpg,0.605,517.5,344.5,483.0,284.0,483.0,313.0,561.0,347.0,579.0,331.0,470.0,408.0,464.0,380.0,508.0,398.0,471.0,409.0,484.0,396.0
17994.jpg,0.615,517.5,345.0,481.0,285.0,483.0,314.0,561.0,347.0,579.0,332.0,467.0,411.0,462.0,386.0,513.0,400.0,472.0,410.0,472.0,410.0
18000.jpg,0.62,519.0,347.5,484.0,284.0,485.0,312.0,562.0,346.0,582.0,330.0,470.0,415.0,463.0,387.0,515.0,402.0,474.0,413.0,475.0,412.0
18006.jpg,0.625,518.5,350.5,483.0,286.0,485.0,315.0,561.0,348.0,579.0,333.0,470.0,421.0,457.0,383.0,514.0,407.0,473.0,416.0,474.0,415.0
18012.jpg,0.61,524.0,354.5,485.0,290.0,487.0,316.0,566.0,348.0,585.0,332.0,480.0,422.0,466.0,397.0,511.0,410.0,480.0,422.0,480.0,420.0
18018.jpg,0.61,525.5,353.0,486.0,290.0,488.0,315.0,567.0,347.0,585.0,330.0,480.0,422.0,472.0,397.0,527.0,404.0,484.0,417.0,484.0,417.0
18024.jpg,0.615,523.5,351.5,485.0,288.0,489.0,315.0,565.0,347.0,585.0,331.0,478.0,420.0,469.0,393.0,519.0,407.0,479.0,416.0,480.0,416.0
18030.jpg,0.605,525.5,352.0,485.0,289.0,489.0,315.0,567.0,347.0,586.0,331.0,482.0,420.0,468.0,393.0,527.0,404.0,484.0,416.0,484.0,415.0
18036.jpg,0.595,526.5,353.0,486.0,289.0,489.0,316.0,567.0,347.0,586.0,331.0,482.0,427.0,471.0,396.0,525.0,405.0,485.0,420.0,487.0,416.0
18042.jpg,0.595,526.5,352.5,486.0,289.0,489.0,315.0,567.0,347.0,586.0,330.0,480.0,420.0,468.0,383.0,517.0,408.0,482.0,419.0,483.0,415.0
18048.jpg,0.63,509.0,342.0,478.0,282.0,479.0,311.0,553.0,347.0,573.0,333.0,457.0,408.0,454.0,378.0,499.0,397.0,461.0,410.0,460.0,411.0
18054.jpg,0.635,500.5,339.5,473.0,276.0,473.0,307.0,545.0,347.0,566.0,334.0,448.0,408.0,440.0,375.0,495.0,398.0,450.0,410.0,451.0,409.0
18060.jpg,0.655,502.5,345.5,474.0,279.0,475.0,311.0,548.0,348.0,569.0,335.0,452.0,414.0,442.0,388.0,496.0,405.0,454.0,417.0,454.0,416.0
18066.jpg,0.625,512.0,351.5,478.0,287.0,480.0,316.0,553.0,351.0,574.0,337.0,464.0,421.0,452.0,392.0,506.0,406.0,466.0,417.0,468.0,408.0
18072.jpg,0.595,511.5,346.5,478.0,287.0,480.0,317.0,552.0,351.0,572.0,338.0,461.0,415.0,454.0,379.0,506.0,400.0,468.0,409.0,468.0,409.0
18078.jpg,0.595,513.5,350.5,479.0,290.0,481.0,318.0,554.0,353.0,574.0,338.0,465.0,418.0,456.0,390.0,505.0,404.0,467.0,418.0,467.0,415.0
18084.jpg,0.625,517.5,354.5,482.0,288.0,483.0,318.0,558.0,352.0,578.0,337.0,470.0,426.0,455.0,392.0,510.0,413.0,472.0,420.0,472.0,419.0
18090.jpg,0.615,523.5,360.5,484.0,291.0,487.0,321.0,565.0,351.0,585.0,335.0,480.0,437.0,462.0,406.0,520.0,422.0,489.0,425.0,490.0,424.0
18096.jpg,0.605,524.5,360.5,485.0,293.0,489.0,320.0,567.0,352.0,586.0,336.0,477.0,435.0,465.0,403.0,519.0,421.0,479.0,435.0,491.0,424.0
18102.jpg,0.66,511.0,354.0,479.0,286.0,481.0,318.0,556.0,353.0,577.0,336.0,462.0,426.0,448.0,398.0,504.0,417.0,463.0,427.0,463.0,426.0
18108.jpg,0.63,515.5,354.0,480.0,289.0,482.0,317.0,558.0,350.0,578.0,334.0,464.0,424.0,451.0,388.0,514.0,413.0,470.0,423.0,483.0,420.0
18114.jpg,0.615,517.5,353.5,479.0,287.0,483.0,316.0,558.0,350.0,579.0,333.0,466.0,423.0,455.0,395.0,513.0,413.0,473.0,422.0,486.0,421.0
18120.jpg,0.62,519.0,353.0,481.0,289.0,484.0,317.0,560.0,349.0,579.0,334.0,468.0,423.0,458.0,395.0,523.0,409.0,481.0,421.0,486.0,418.0
18126.jpg,0.62,520.0,354.0,481.0,289.0,485.0,318.0,561.0,349.0,580.0,333.0,471.0,424.0,458.0,395.0,519.0,411.0,476.0,423.0,487.0,419.0
18132.jpg,0.62,521.0,353.5,482.0,289.0,486.0,317.0,562.0,349.0,583.0,332.0,474.0,426.0,460.0,396.0,520.0,412.0,480.0,420.0,488.0,419.0
18138.jpg,0.62,522.0,354.5,483.0,289.0,487.0,318.0,563.0,348.0,584.0,333.0,476.0,427.0,464.0,399.0,522.0,411.0,481.0,422.0,482.0,419.0
18144.jpg,0.595,525.5,356.5,485.0,289.0,488.0,318.0,565.0,348.0,585.0,332.0,481.0,430.0,467.0,397.0,522.0,411.0,483.0,430.0,494.0,418.0
18150.jpg,0.585,533.5,361.5,489.0,297.0,493.0,323.0,573.0,349.0,592.0,332.0,496.0,434.0,477.0,400.0,531.0,415.0,499.0,434.0,501.0,422.0
18156.jpg,0.545,565.5,375.5,512.0,317.0,522.0,337.0,608.0,346.0,621.0,325.0,555.0,439.0,529.0,415.0,589.0,413.0,555.0,437.0,555.0,433.0
18162.jpg,0.54,595.0,373.0,542.0,327.0,554.0,346.0,639.0,338.0,649.0,317.0,607.0,433.0,565.0,408.0,626.0,410.0,606.0,430.0,606.0,429.0
18168.jpg,0.545,624.0,367.5,572.0,331.0,588.0,349.0,670.0,326.0,675.0,305.0,656.0,431.0,614.0,416.0,672.0,403.0,653.0,423.0,653.0,423.0
18174.jpg,0.555,616.5,372.5,563.0,326.0,582.0,348.0,664.0,328.0,671.0,307.0,646.0,441.0,611.0,429.0,664.0,414.0,642.0,441.0,641.0,430.0
18180.jpg,0.56,611.0,377.0,557.0,326.0,575.0,346.0,657.0,331.0,666.0,310.0,630.0,446.0,596.0,427.0,655.0,420.0,631.0,441.0,631.0,436.0
18186.jpg,0.55,600.0,383.0,546.0,325.0,561.0,346.0,644.0,339.0,654.0,319.0,604.0,451.0,572.0,425.0,629.0,429.0,604.0,451.0,604.0,444.0
18192.jpg,0.545,600.0,386.5,547.0,329.0,561.0,350.0,644.0,343.0,653.0,323.0,606.0,454.0,575.0,427.0,629.0,427.0,606.0,441.0,606.0,442.0
18198.jpg,0.56,602.5,385.0,552.0,331.0,565.0,352.0,648.0,343.0,657.0,322.0,615.0,454.0,583.0,428.0,637.0,427.0,613.0,442.0,613.0,442.0
18204.jpg,0.55,603.0,380.0,551.0,329.0,565.0,351.0,648.0,341.0,657.0,320.0,613.0,448.0,584.0,424.0,638.0,419.0,613.0,436.0,613.0,436.0
18210.jpg,0.545,602.0,378.5,551.0,330.0,565.0,351.0,647.0,341.0,656.0,319.0,612.0,446.0,582.0,421.0,637.0,417.0,613.0,435.0,613.0,434.0
18216.jpg,0.55,602.0,379.0,550.0,328.0,563.0,349.0,646.0,340.0,656.0,319.0,613.0,443.0,583.0,421.0,634.0,419.0,613.0,436.0,612.0,436.0
18222.jpg,0.545,601.5,377.5,550.0,330.0,563.0,349.0,645.0,340.0,656.0,318.0,612.0,441.0,584.0,421.0,633.0,418.0,611.0,434.0,611.0,434.0
18228.jpg,0.55,602.0,377.0,549.0,329.0,563.0,348.0,646.0,339.0,656.0,317.0,612.0,440.0,584.0,420.0,633.0,417.0,612.0,435.0,612.0,434.0
18234.jpg,0.55,602.0,377.0,550.0,328.0,562.0,348.0,646.0,338.0,656.0,318.0,611.0,440.0,582.0,418.0,635.0,413.0,612.0,435.0,611.0,435.0
18240.jpg,0.555,604.5,374.5,551.0,327.0,564.0,347.0,652.0,335.0,660.0,315.0,620.0,439.0,588.0,420.0,645.0,408.0,619.0,438.0,617.0,432.0
18246.jpg,0.59,618.0,356.5,563.0,329.0,575.0,343.0,666.0,318.0,670.0,298.0,652.0,417.0,616.0,401.0,672.0,382.0,652.0,416.0,650.0,407.0
18252.jpg,0.555,654.5,335.5,599.0,331.0,613.0,341.0,693.0,304.0,693.0,281.0,698.0,393.0,652.0,386.0,706.0,366.0,692.0,384.0,687.0,382.0
18258.jpg,0.605,685.5,313.5,628.0,326.0,644.0,336.0,716.0,289.0,714.0,264.0,740.0,367.0,689.0,364.0,742.0,339.0,730.0,359.0,729.0,358.0
18264.jpg,0.575,679.0,333.5,626.0,337.0,642.0,347.0,716.0,301.0,713.0,276.0,729.0,394.0,689.0,390.0,735.0,365.0,722.0,385.0,720.0,384.0
18270.jpg,0.57,677.5,336.0,623.0,335.0,640.0,348.0,713.0,304.0,711.0,278.0,726.0,398.0,682.0,393.0,734.0,367.0,721.0,389.0,719.0,386.0
18276.jpg,0.595,687.5,331.5,632.0,335.0,649.0,347.0,720.0,298.0,716.0,272.0,742.0,391.0,694.0,386.0,747.0,359.0,736.0,381.0,732.0,379.0
18282.jpg,0.57,682.5,330.0,630.0,333.0,648.0,347.0,718.0,299.0,715.0,274.0,734.0,390.0,687.0,384.0,739.0,360.0,726.0,381.0,724.0,380.0
18288.jpg,0.57,685.0,328.5,632.0,333.0,649.0,346.0,721.0,297.0,716.0,274.0,736.0,387.0,688.0,381.0,742.0,359.0,731.0,380.0,727.0,377.0
18294.jpg,0.58,688.0,332.0,632.0,333.0,653.0,348.0,722.0,299.0,719.0,274.0,740.0,392.0,692.0,387.0,747.0,361.0,734.0,384.0,731.0,381.0
18300.jpg,0.605,696.5,324.5,639.0,334.0,659.0,343.0,726.0,291.0,720.0,267.0,753.0,386.0,705.0,385.0,755.0,356.0,746.0,376.0,741.0,375.0
18306.jpg,0.615,711.5,307.5,653.0,329.0,673.0,335.0,734.0,276.0,727.0,251.0,776.0,360.0,721.0,364.0,773.0,331.0,765.0,353.0,764.0,352.0
18312.jpg,0.615,719.5,304.0,657.0,326.0,679.0,333.0,737.0,274.0,730.0,249.0,781.0,359.0,731.0,363.0,781.0,327.0,772.0,352.0,771.0,350.0
18318.jpg,0.62,711.0,312.5,653.0,331.0,673.0,337.0,735.0,278.0,727.0,253.0,768.0,374.0,735.0,374.0,774.0,339.0,763.0,366.0,762.0,364.0
18324.jpg,0.61,705.0,313.0,649.0,330.0,669.0,337.0,731.0,281.0,725.0,256.0,764.0,375.0,712.0,372.0,767.0,344.0,757.0,367.0,755.0,364.0
18330.jpg,0.61,705.0,313.0,648.0,331.0,668.0,337.0,730.0,281.0,724.0,256.0,763.0,375.0,720.0,374.0,767.0,344.0,757.0,367.0,756.0,365.0
18336.jpg,0.61,703.0,315.0,645.0,330.0,664.0,338.0,729.0,283.0,723.0,257.0,759.0,377.0,714.0,376.0,762.0,346.0,753.0,367.0,748.0,366.0
18342.jpg,0.605,700.5,316.5,641.0,329.0,660.0,338.0,726.0,286.0,722.0,260.0,756.0,378.0,730.0,378.0,761.0,347.0,750.0,368.0,746.0,367.0
18348.jpg,0.595,696.5,319.5,639.0,330.0,658.0,338.0,724.0,286.0,720.0,260.0,750.0,380.0,706.0,378.0,756.0,350.0,744.0,372.0,741.0,369.0
18354.jpg,0.595,694.5,320.5,637.0,329.0,656.0,339.0,722.0,287.0,719.0,261.0,749.0,381.0,725.0,379.0,754.0,351.0,744.0,373.0,741.0,370.0
18360.jpg,0.6,693.0,321.0,637.0,329.0,655.0,338.0,722.0,288.0,718.0,262.0,748.0,381.0,723.0,380.0,753.0,351.0,743.0,374.0,737.0,369.0
18366.jpg,0.595,692.5,321.5,635.0,328.0,654.0,339.0,721.0,289.0,717.0,262.0,746.0,381.0,723.0,380.0,752.0,350.0,741.0,373.0,737.0,369.0
18372.jpg,0.595,691.5,321.5,634.0,328.0,653.0,339.0,720.0,289.0,717.0,263.0,746.0,381.0,723.0,380.0,751.0,350.0,740.0,373.0,736.0,369.0
18378.jpg,0.6,691.0,322.0,633.0,329.0,653.0,339.0,720.0,288.0,717.0,262.0,745.0,382.0,721.0,379.0,750.0,350.0,740.0,372.0,735.0,370.0
18384.jpg,0.6,691.5,322.0,634.0,329.0,654.0,338.0,721.0,288.0,716.0,262.0,745.0,382.0,721.0,378.0,751.0,349.0,739.0,372.0,736.0,370.0
18390.jpg,0.605,691.0,321.5,634.0,328.0,653.0,339.0,720.0,288.0,716.0,262.0,745.0,382.0,720.0,379.0,750.0,351.0,739.0,373.0,736.0,371.0
18396.jpg,0.605,691.0,321.5,634.0,330.0,653.0,339.0,720.0,287.0,716.0,262.0,745.0,382.0,720.0,379.0,750.0,351.0,739.0,373.0,736.0,370.0
18402.jpg,0.605,691.0,321.5,633.0,328.0,653.0,339.0,720.0,287.0,716.0,262.0,744.0,382.0,720.0,379.0,750.0,351.0,739.0,373.0,737.0,372.0
18408.jpg,0.595,690.5,321.5,633.0,327.0,652.0,339.0,719.0,288.0,716.0,263.0,744.0,381.0,719.0,380.0,750.0,350.0,739.0,373.0,735.0,370.0
18414.jpg,0.605,689.5,322.5,632.0,327.0,650.0,339.0,719.0,288.0,715.0,262.0,743.0,383.0,719.0,379.0,750.0,352.0,739.0,374.0,738.0,374.0
18420.jpg,0.61,689.0,322.5,629.0,328.0,646.0,339.0,720.0,288.0,715.0,263.0,743.0,382.0,713.0,380.0,747.0,351.0,737.0,374.0,733.0,371.0
18426.jpg,0.605,681.0,328.5,622.0,331.0,640.0,341.0,713.0,293.0,710.0,267.0,734.0,392.0,692.0,389.0,741.0,361.0,731.0,391.0,726.0,382.0
18432.jpg,0.605,669.5,341.5,608.0,331.0,623.0,344.0,705.0,301.0,705.0,280.0,713.0,406.0,684.0,398.0,725.0,374.0,711.0,397.0,711.0,395.0
18438.jpg,0.59,660.0,339.0,602.0,327.0,618.0,341.0,700.0,300.0,700.0,278.0,708.0,401.0,669.0,392.0,719.0,368.0,704.0,393.0,701.0,390.0
18444.jpg,0.59,660.0,336.0,603.0,327.0,620.0,339.0,700.0,299.0,699.0,276.0,707.0,399.0,669.0,390.0,718.0,369.0,705.0,398.0,701.0,387.0
18450.jpg,0.595,655.5,347.0,596.0,331.0,614.0,343.0,694.0,304.0,695.0,282.0,696.0,411.0,669.0,406.0,712.0,381.0,694.0,406.0,690.0,399.0
18456.jpg,0.58,650.0,344.0,592.0,328.0,609.0,341.0,692.0,303.0,693.0,283.0,693.0,410.0,662.0,402.0,708.0,377.0,690.0,403.0,687.0,395.0
18462.jpg,0.575,649.5,340.0,592.0,326.0,608.0,339.0,692.0,301.0,693.0,282.0,695.0,402.0,657.0,392.0,708.0,370.0,693.0,401.0,690.0,389.0
18468.jpg,0.585,652.5,334.0,595.0,325.0,610.0,336.0,695.0,297.0,695.0,278.0,700.0,393.0,662.0,386.0,711.0,364.0,696.0,384.0,695.0,383.0
18474.jpg,0.58,653.0,330.5,597.0,324.0,611.0,334.0,696.0,294.0,696.0,275.0,703.0,387.0,664.0,383.0,713.0,358.0,701.0,387.0,696.0,379.0
18480.jpg,0.575,653.5,330.0,597.0,324.0,612.0,334.0,696.0,295.0,696.0,275.0,702.0,387.0,664.0,382.0,712.0,359.0,699.0,385.0,696.0,378.0
18486.jpg,0.555,650.5,332.5,596.0,324.0,611.0,337.0,695.0,299.0,695.0,279.0,696.0,391.0,658.0,382.0,707.0,362.0,692.0,381.0,691.0,380.0
18492.jpg,0.555,647.5,335.0,594.0,324.0,608.0,337.0,693.0,300.0,692.0,280.0,691.0,395.0,655.0,385.0,703.0,365.0,688.0,385.0,686.0,383.0
18498.jpg,0.555,646.5,334.5,592.0,324.0,606.0,337.0,691.0,301.0,691.0,280.0,689.0,393.0,653.0,384.0,702.0,365.0,685.0,383.0,685.0,382.0
18504.jpg,0.55,645.0,334.5,591.0,323.0,606.0,337.0,690.0,301.0,690.0,280.0,687.0,392.0,652.0,384.0,700.0,365.0,684.0,383.0,683.0,382.0
18510.jpg,0.545,645.5,334.5,592.0,323.0,606.0,337.0,689.0,303.0,690.0,280.0,687.0,392.0,652.0,383.0,700.0,364.0,684.0,382.0,683.0,381.0
18516.jpg,0.55,645.5,335.0,592.0,322.0,606.0,337.0,691.0,302.0,691.0,280.0,688.0,392.0,652.0,384.0,700.0,364.0,685.0,383.0,684.0,381.0
18522.jpg,0.55,647.0,335.0,592.0,322.0,607.0,337.0,691.0,301.0,692.0,280.0,689.0,393.0,653.0,384.0,702.0,363.0,687.0,384.0,686.0,382.0
18528.jpg,0.55,646.0,337.0,590.0,322.0,605.0,338.0,690.0,302.0,690.0,281.0,686.0,396.0,651.0,386.0,699.0,367.0,685.0,394.0,684.0,385.0
18534.jpg,0.565,636.5,341.5,582.0,323.0,598.0,338.0,685.0,305.0,686.0,286.0,672.0,404.0,642.0,390.0,692.0,368.0,672.0,401.0,670.0,391.0
18540.jpg,0.565,619.0,354.5,564.0,319.0,574.0,335.0,666.0,316.0,672.0,297.0,642.0,411.0,616.0,396.0,660.0,388.0,642.0,412.0,643.0,410.0
18546.jpg,0.555,594.5,357.5,540.0,315.0,547.0,327.0,641.0,325.0,650.0,309.0,597.0,407.0,575.0,389.0,618.0,391.0,598.0,408.0,598.0,408.0
18552.jpg,0.535,598.5,353.5,543.0,316.0,550.0,327.0,644.0,324.0,653.0,306.0,605.0,403.0,584.0,388.0,623.0,386.0,606.0,404.0,606.0,404.0
18558.jpg,0.535,602.5,352.5,549.0,316.0,555.0,328.0,649.0,323.0,658.0,305.0,615.0,404.0,595.0,391.0,632.0,387.0,615.0,404.0,614.0,403.0
18564.jpg,0.535,601.5,355.5,548.0,315.0,558.0,334.0,648.0,326.0,657.0,306.0,612.0,409.0,591.0,392.0,632.0,391.0,613.0,408.0,613.0,407.0
18570.jpg,0.545,598.5,361.0,545.0,315.0,555.0,336.0,644.0,329.0,652.0,310.0,604.0,414.0,583.0,399.0,622.0,399.0,604.0,414.0,604.0,413.0
18576.jpg,0.54,599.0,359.0,546.0,316.0,557.0,336.0,644.0,329.0,653.0,309.0,608.0,412.0,586.0,398.0,627.0,394.0,608.0,412.0,607.0,411.0
18582.jpg,0.535,599.5,357.5,546.0,316.0,556.0,333.0,644.0,328.0,654.0,307.0,610.0,410.0,586.0,395.0,628.0,394.0,610.0,410.0,609.0,409.0
18588.jpg,0.535,599.5,356.5,546.0,316.0,556.0,333.0,645.0,327.0,654.0,307.0,610.0,409.0,586.0,394.0,629.0,392.0,610.0,409.0,609.0,408.0
18594.jpg,0.535,599.5,356.5,546.0,315.0,555.0,333.0,645.0,326.0,654.0,306.0,611.0,409.0,586.0,394.0,629.0,392.0,611.0,409.0,610.0,408.0
18600.jpg,0.535,599.5,356.5,546.0,315.0,555.0,333.0,645.0,327.0,654.0,306.0,611.0,409.0,587.0,393.0,629.0,393.0,611.0,408.0,610.0,407.0
18606.jpg,0.535,599.5,356.5,546.0,315.0,555.0,333.0,645.0,327.0,654.0,306.0,611.0,408.0,587.0,394.0,629.0,393.0,611.0,409.0,611.0,408.0
18612.jpg,0.54,600.5,356.0,547.0,316.0,556.0,334.0,647.0,326.0,654.0,307.0,612.0,408.0,588.0,394.0,630.0,392.0,612.0,409.0,611.0,408.0
18618.jpg,0.54,600.0,356.0,547.0,316.0,557.0,334.0,647.0,326.0,655.0,307.0,613.0,408.0,590.0,395.0,630.0,394.0,613.0,408.0,612.0,408.0
18624.jpg,0.535,600.5,354.5,546.0,315.0,556.0,333.0,647.0,325.0,655.0,305.0,612.0,407.0,589.0,392.0,630.0,392.0,612.0,407.0,611.0,406.0
18630.jpg,0.54,600.0,355.0,546.0,315.0,556.0,333.0,647.0,325.0,655.0,306.0,614.0,407.0,590.0,393.0,630.0,392.0,613.0,407.0,613.0,406.0
18636.jpg,0.535,600.0,353.5,547.0,314.0,556.0,333.0,647.0,324.0,654.0,305.0,613.0,406.0,588.0,391.0,629.0,391.0,613.0,406.0,611.0,405.0
18642.jpg,0.535,600.0,353.5,547.0,314.0,555.0,333.0,647.0,324.0,654.0,305.0,613.0,405.0,587.0,391.0,629.0,390.0,613.0,405.0,611.0,405.0
18648.jpg,0.535,600.0,353.5,546.0,314.0,555.0,333.0,647.0,324.0,654.0,305.0,613.0,406.0,587.0,390.0,630.0,389.0,613.0,406.0,611.0,405.0
18654.jpg,0.54,600.5,355.0,547.0,315.0,556.0,334.0,647.0,325.0,654.0,306.0,613.0,408.0,589.0,393.0,630.0,392.0,613.0,408.0,613.0,406.0
18660.jpg,0.535,600.5,355.5,547.0,316.0,556.0,334.0,646.0,326.0,655.0,305.0,613.0,409.0,588.0,393.0,631.0,392.0,612.0,409.0,612.0,408.0
18666.jpg,0.54,600.5,355.0,547.0,316.0,556.0,333.0,647.0,326.0,654.0,306.0,613.0,407.0,590.0,394.0,630.0,393.0,613.0,408.0,613.0,407.0
18672.jpg,0.54,600.0,355.0,547.0,315.0,556.0,333.0,647.0,325.0,655.0,306.0,615.0,407.0,593.0,395.0,631.0,391.0,614.0,408.0,614.0,407.0
18678.jpg,0.54,600.0,354.0,547.0,315.0,556.0,332.0,646.0,325.0,655.0,305.0,614.0,406.0,594.0,394.0,631.0,391.0,614.0,406.0,614.0,406.0
18684.jpg,0.535,600.5,353.5,547.0,315.0,556.0,332.0,646.0,324.0,655.0,304.0,614.0,405.0,589.0,391.0,630.0,391.0,614.0,406.0,613.0,405.0
18690.jpg,0.535,600.5,353.5,546.0,314.0,556.0,332.0,647.0,324.0,655.0,304.0,614.0,405.0,592.0,392.0,630.0,391.0,613.0,406.0,613.0,405.0
18696.jpg,0.535,600.5,353.5,546.0,314.0,555.0,332.0,647.0,324.0,655.0,304.0,613.0,406.0,592.0,392.0,630.0,392.0,613.0,406.0,613.0,405.0
18702.jpg,0.54,600.0,353.0,546.0,315.0,555.0,332.0,647.0,324.0,655.0,304.0,615.0,406.0,590.0,391.0,631.0,390.0,614.0,406.0,613.0,403.0
18708.jpg,0.54,600.5,354.0,547.0,315.0,555.0,333.0,646.0,325.0,654.0,305.0,614.0,406.0,593.0,393.0,630.0,391.0,614.0,406.0,613.0,405.0
18714.jpg,0.54,601.0,354.0,547.0,314.0,556.0,332.0,648.0,324.0,655.0,305.0,615.0,406.0,595.0,393.0,631.0,391.0,615.0,407.0,614.0,406.0
18720.jpg,0.54,600.5,353.0,546.0,314.0,556.0,333.0,647.0,324.0,654.0,304.0,614.0,406.0,593.0,393.0,631.0,388.0,614.0,406.0,613.0,405.0
18726.jpg,0.54,600.5,353.0,547.0,314.0,555.0,332.0,647.0,324.0,654.0,304.0,614.0,405.0,592.0,392.0,631.0,389.0,613.0,407.0,613.0,405.0
18732.jpg,0.54,600.5,354.0,547.0,315.0,555.0,333.0,647.0,324.0,654.0,304.0,614.0,406.0,592.0,392.0,631.0,388.0,613.0,407.0,613.0,406.0
18738.jpg,0.54,600.5,354.0,547.0,314.0,556.0,333.0,647.0,325.0,654.0,304.0,613.0,407.0,590.0,391.0,631.0,390.0,612.0,408.0,612.0,406.0
18744.jpg,0.54,600.5,353.0,547.0,314.0,555.0,333.0,647.0,324.0,654.0,306.0,613.0,406.0,590.0,391.0,631.0,390.0,613.0,407.0,613.0,405.0
18750.jpg,0.535,600.5,353.5,546.0,314.0,556.0,332.0,647.0,324.0,655.0,304.0,611.0,406.0,590.0,391.0,631.0,390.0,611.0,407.0,611.0,406.0
18756.jpg,0.555,583.5,366.5,531.0,311.0,540.0,333.0,631.0,335.0,641.0,314.0,578.0,423.0,554.0,397.0,604.0,407.0,577.0,424.0,578.0,421.0
18762.jpg,0.555,565.5,369.5,512.0,311.0,522.0,329.0,607.0,345.0,623.0,324.0,541.0,437.0,518.0,401.0,571.0,419.0,543.0,432.0,544.0,427.0
18768.jpg,0.56,564.0,368.0,510.0,306.0,519.0,329.0,607.0,343.0,621.0,323.0,539.0,437.0,516.0,404.0,571.0,418.0,540.0,434.0,541.0,426.0
18774.jpg,0.555,564.5,368.5,512.0,310.0,521.0,331.0,608.0,345.0,623.0,323.0,542.0,437.0,523.0,411.0,573.0,417.0,543.0,431.0,544.0,426.0
18780.jpg,0.555,566.5,368.5,513.0,309.0,521.0,329.0,609.0,341.0,624.0,321.0,547.0,432.0,527.0,409.0,571.0,418.0,547.0,431.0,547.0,427.0
18786.jpg,0.55,570.0,368.0,516.0,308.0,524.0,329.0,613.0,340.0,626.0,320.0,553.0,429.0,530.0,400.0,576.0,415.0,553.0,429.0,552.0,428.0
18792.jpg,0.555,573.0,367.5,519.0,307.0,526.0,330.0,617.0,337.0,629.0,318.0,561.0,427.0,535.0,398.0,588.0,409.0,560.0,428.0,560.0,428.0
18798.jpg,0.565,573.5,366.5,523.0,308.0,529.0,328.0,621.0,336.0,632.0,316.0,568.0,424.0,544.0,400.0,589.0,411.0,568.0,423.0,568.0,422.0
18804.jpg,0.57,576.0,366.0,525.0,308.0,533.0,329.0,623.0,334.0,634.0,314.0,571.0,423.0,548.0,398.0,590.0,409.0,571.0,422.0,571.0,420.0
18810.jpg,0.56,578.0,365.0,525.0,308.0,534.0,329.0,624.0,334.0,635.0,312.0,575.0,422.0,550.0,397.0,593.0,409.0,575.0,420.0,575.0,415.0
18816.jpg,0.555,579.5,363.5,527.0,307.0,535.0,328.0,626.0,332.0,636.0,313.0,577.0,419.0,551.0,395.0,597.0,406.0,577.0,418.0,577.0,413.0
18822.jpg,0.555,579.5,360.5,527.0,307.0,536.0,328.0,625.0,332.0,636.0,312.0,577.0,416.0,551.0,392.0,596.0,405.0,577.0,415.0,577.0,410.0
18828.jpg,0.55,580.0,359.5,527.0,307.0,536.0,327.0,625.0,332.0,636.0,311.0,578.0,415.0,551.0,392.0,597.0,401.0,578.0,416.0,578.0,413.0
18834.jpg,0.55,580.0,359.0,527.0,307.0,536.0,328.0,625.0,331.0,636.0,311.0,578.0,415.0,551.0,391.0,599.0,400.0,578.0,414.0,578.0,412.0
18840.jpg,0.55,580.0,359.5,527.0,306.0,536.0,327.0,625.0,332.0,636.0,311.0,578.0,415.0,551.0,391.0,599.0,400.0,578.0,414.0,578.0,412.0
18846.jpg,0.55,580.0,359.5,527.0,306.0,536.0,327.0,625.0,332.0,636.0,312.0,578.0,415.0,550.0,388.0,599.0,400.0,578.0,415.0,578.0,412.0
18852.jpg,0.55,580.0,360.0,527.0,306.0,535.0,328.0,625.0,331.0,636.0,312.0,578.0,416.0,552.0,391.0,597.0,402.0,578.0,414.0,578.0,409.0
18858.jpg,0.55,580.5,359.0,527.0,305.0,535.0,328.0,626.0,331.0,636.0,312.0,578.0,415.0,551.0,391.0,598.0,402.0,578.0,414.0,577.0,412.0
18864.jpg,0.55,580.0,359.0,527.0,306.0,535.0,328.0,625.0,331.0,636.0,312.0,578.0,415.0,552.0,390.0,599.0,400.0,578.0,414.0,578.0,408.0
18870.jpg,0.55,580.0,359.0,527.0,306.0,535.0,328.0,625.0,331.0,636.0,312.0,576.0,415.0,550.0,388.0,597.0,401.0,576.0,414.0,576.0,412.0
18876.jpg,0.545,579.5,358.5,527.0,305.0,536.0,328.0,625.0,332.0,636.0,312.0,574.0,414.0,556.0,396.0,602.0,396.0,573.0,415.0,575.0,407.0
18882.jpg,0.55,579.0,360.0,526.0,306.0,535.0,328.0,625.0,332.0,636.0,312.0,577.0,415.0,550.0,390.0,596.0,403.0,577.0,414.0,577.0,409.0
18888.jpg,0.55,579.0,361.0,526.0,306.0,535.0,329.0,624.0,333.0,635.0,313.0,574.0,416.0,554.0,395.0,597.0,401.0,574.0,414.0,575.0,410.0
18894.jpg,0.565,575.5,365.5,524.0,308.0,531.0,329.0,621.0,336.0,633.0,315.0,569.0,422.0,548.0,399.0,593.0,407.0,569.0,420.0,570.0,416.0
18900.jpg,0.555,566.5,370.0,513.0,309.0,523.0,330.0,610.0,343.0,624.0,322.0,547.0,435.0,526.0,411.0,575.0,421.0,548.0,432.0,548.0,427.0
18906.jpg,0.57,553.5,364.0,503.0,299.0,509.0,325.0,595.0,345.0,610.0,326.0,518.0,429.0,504.0,402.0,557.0,412.0,519.0,429.0,520.0,425.0
18912.jpg,0.555,543.5,362.5,496.0,299.0,501.0,322.0,584.0,348.0,602.0,330.0,503.0,425.0,493.0,399.0,539.0,414.0,504.0,426.0,504.0,424.0
18918.jpg,0.57,540.5,362.0,496.0,296.0,499.0,323.0,581.0,350.0,599.0,331.0,503.0,423.0,488.0,400.0,536.0,413.0,503.0,425.0,504.0,424.0
18924.jpg,0.55,550.0,365.0,501.0,303.0,506.0,326.0,590.0,349.0,607.0,330.0,517.0,433.0,503.0,405.0,562.0,407.0,519.0,433.0,522.0,422.0
18930.jpg,0.555,551.5,366.5,503.0,303.0,507.0,326.0,593.0,348.0,609.0,329.0,521.0,435.0,501.0,400.0,550.0,420.0,523.0,429.0,523.0,425.0
18936.jpg,0.565,555.0,368.5,504.0,306.0,511.0,328.0,596.0,347.0,612.0,327.0,530.0,435.0,507.0,408.0,560.0,419.0,532.0,427.0,532.0,427.0
18942.jpg,0.57,556.0,369.0,506.0,304.0,510.0,329.0,596.0,348.0,613.0,327.0,528.0,435.0,508.0,405.0,560.0,420.0,529.0,434.0,530.0,429.0
18948.jpg,0.565,556.5,369.5,506.0,307.0,512.0,329.0,598.0,346.0,614.0,328.0,531.0,433.0,511.0,401.0,560.0,420.0,532.0,432.0,533.0,428.0
18954.jpg,0.565,557.0,370.5,506.0,308.0,514.0,330.0,599.0,347.0,614.0,326.0,534.0,433.0,512.0,401.0,560.0,420.0,534.0,433.0,534.0,430.0
18960.jpg,0.565,557.5,369.5,507.0,305.0,513.0,329.0,599.0,346.0,615.0,326.0,534.0,433.0,517.0,409.0,562.0,420.0,534.0,431.0,534.0,429.0
18966.jpg,0.565,557.5,370.5,507.0,308.0,512.0,329.0,599.0,347.0,615.0,326.0,533.0,434.0,517.0,411.0,561.0,421.0,534.0,433.0,534.0,429.0
18972.jpg,0.57,557.5,370.0,507.0,306.0,514.0,329.0,599.0,347.0,614.0,327.0,534.0,435.0,515.0,408.0,564.0,419.0,535.0,432.0,535.0,430.0
18978.jpg,0.565,558.5,371.5,508.0,307.0,514.0,330.0,600.0,347.0,616.0,325.0,536.0,435.0,520.0,412.0,564.0,419.0,537.0,431.0,537.0,430.0
18984.jpg,0.565,560.0,371.5,509.0,310.0,516.0,331.0,602.0,347.0,616.0,326.0,540.0,437.0,520.0,412.0,567.0,422.0,541.0,431.0,540.0,430.0
18990.jpg,0.56,561.0,371.5,508.0,311.0,516.0,331.0,603.0,347.0,618.0,327.0,539.0,436.0,520.0,410.0,572.0,417.0,541.0,431.0,541.0,429.0
18996.jpg,0.565,560.5,372.0,510.0,310.0,516.0,331.0,602.0,348.0,618.0,327.0,538.0,436.0,515.0,403.0,567.0,421.0,541.0,432.0,541.0,430.0
19002.jpg,0.555,563.5,373.5,511.0,312.0,519.0,333.0,606.0,346.0,621.0,325.0,548.0,442.0,518.0,405.0,575.0,423.0,548.0,431.0,548.0,431.0
19008.jpg,0.56,563.5,373.0,512.0,310.0,520.0,331.0,606.0,346.0,620.0,324.0,545.0,442.0,522.0,409.0,581.0,421.0,548.0,431.0,548.0,431.0
19014.jpg,0.565,557.5,371.5,507.0,306.0,514.0,330.0,599.0,346.0,615.0,325.0,528.0,442.0,511.0,410.0,564.0,424.0,534.0,429.0,535.0,430.0
19020.jpg,0.565,554.5,368.5,504.0,304.0,510.0,328.0,595.0,347.0,612.0,327.0,523.0,439.0,505.0,409.0,561.0,420.0,525.0,439.0,528.0,427.0
19026.jpg,0.565,554.5,369.5,504.0,305.0,509.0,328.0,595.0,347.0,611.0,328.0,525.0,440.0,507.0,409.0,558.0,421.0,525.0,440.0,529.0,428.0
19032.jpg,0.57,555.0,371.0,505.0,306.0,510.0,328.0,596.0,348.0,613.0,328.0,529.0,437.0,512.0,412.0,559.0,422.0,530.0,434.0,532.0,431.0
19038.jpg,0.555,550.5,366.5,501.0,303.0,507.0,325.0,592.0,347.0,608.0,327.0,517.0,435.0,500.0,405.0,554.0,420.0,520.0,435.0,521.0,424.0
19044.jpg,0.565,545.5,367.5,497.0,300.0,502.0,322.0,587.0,348.0,604.0,328.0,507.0,438.0,491.0,406.0,549.0,420.0,510.0,438.0,516.0,427.0
19050.jpg,0.59,538.5,365.0,492.0,295.0,498.0,319.0,580.0,346.0,599.0,329.0,499.0,438.0,481.0,406.0,536.0,425.0,503.0,436.0,505.0,431.0
19056.jpg,0.58,541.5,366.0,494.0,298.0,500.0,321.0,582.0,348.0,600.0,330.0,502.0,438.0,486.0,415.0,543.0,423.0,505.0,438.0,509.0,438.0
19062.jpg,0.57,543.0,367.0,495.0,300.0,500.0,324.0,583.0,349.0,601.0,330.0,505.0,438.0,490.0,407.0,540.0,424.0,509.0,438.0,512.0,432.0
19068.jpg,0.575,541.5,367.5,494.0,301.0,500.0,326.0,584.0,349.0,601.0,332.0,503.0,439.0,486.0,409.0,538.0,422.0,505.0,439.0,510.0,428.0
19074.jpg,0.57,558.0,378.0,505.0,312.0,512.0,335.0,597.0,353.0,615.0,332.0,535.0,449.0,509.0,419.0,564.0,429.0,535.0,449.0,537.0,438.0
19080.jpg,0.55,567.0,381.0,514.0,321.0,523.0,340.0,613.0,349.0,625.0,329.0,558.0,449.0,532.0,420.0,585.0,427.0,558.0,449.0,559.0,439.0
19086.jpg,0.555,595.0,377.5,540.0,328.0,554.0,347.0,640.0,342.0,651.0,318.0,610.0,441.0,573.0,419.0,632.0,415.0,609.0,437.0,608.0,435.0
19092.jpg,0.565,602.0,369.5,548.0,323.0,560.0,340.0,645.0,336.0,658.0,308.0,624.0,431.0,590.0,412.0,642.0,410.0,624.0,429.0,624.0,419.0
19098.jpg,0.57,606.0,353.5,548.0,314.0,556.0,324.0,655.0,316.0,675.0,304.0,627.0,404.0,601.0,394.0,645.0,384.0,627.0,404.0,628.0,404.0
19110.jpg,0.52,624.0,328.0,562.0,309.0,573.0,322.0,666.0,300.0,669.0,285.0,644.0,373.0,615.0,367.0,655.0,354.0,643.0,374.0,637.0,372.0
19116.jpg,0.525,616.0,331.5,564.0,316.0,573.0,323.0,662.0,302.0,665.0,283.0,642.0,381.0,618.0,374.0,655.0,360.0,641.0,380.0,640.0,380.0
19122.jpg,0.53,611.0,339.0,556.0,310.0,565.0,323.0,658.0,306.0,663.0,286.0,631.0,392.0,602.0,377.0,650.0,366.0,631.0,391.0,630.0,387.0
19128.jpg,0.54,603.0,345.0,550.0,309.0,561.0,327.0,651.0,313.0,658.0,290.0,619.0,400.0,593.0,384.0,634.0,387.0,618.0,398.0,617.0,393.0
19134.jpg,0.54,604.0,340.5,551.0,308.0,561.0,323.0,651.0,309.0,658.0,288.0,622.0,393.0,599.0,381.0,641.0,371.0,622.0,392.0,621.0,390.0
19140.jpg,0.535,604.5,338.5,551.0,308.0,561.0,323.0,651.0,308.0,658.0,287.0,623.0,392.0,598.0,378.0,644.0,367.0,623.0,391.0,620.0,387.0
19146.jpg,0.535,604.5,338.5,551.0,308.0,561.0,323.0,651.0,308.0,658.0,287.0,623.0,391.0,599.0,378.0,643.0,369.0,624.0,390.0,623.0,388.0
19152.jpg,0.57,605.5,349.0,551.0,308.0,564.0,323.0,653.0,308.0,661.0,288.0,625.0,409.0,594.0,395.0,652.0,379.0,623.0,410.0,623.0,411.0
19158.jpg,0.555,604.0,331.5,549.0,298.0,560.0,310.0,653.0,292.0,659.0,273.0,628.0,388.0,596.0,372.0,651.0,360.0,629.0,387.0,629.0,387.0
19164.jpg,0.545,588.5,328.5,535.0,290.0,545.0,303.0,635.0,293.0,644.0,275.0,587.0,377.0,566.0,364.0,610.0,364.0,588.0,377.0,588.0,377.0
19170.jpg,0.52,583.0,319.5,529.0,284.0,535.0,295.0,629.0,293.0,637.0,278.0,573.0,365.0,548.0,349.0,598.0,349.0,573.0,365.0,573.0,365.0
19176.jpg,0.53,582.0,327.5,528.0,286.0,537.0,305.0,628.0,304.0,637.0,287.0,571.0,371.0,550.0,359.0,589.0,358.0,570.0,372.0,569.0,371.0
19182.jpg,0.52,583.0,335.0,530.0,289.0,539.0,309.0,627.0,309.0,637.0,290.0,571.0,384.0,546.0,364.0,591.0,372.0,570.0,386.0,569.0,386.0
19188.jpg,0.525,583.0,332.5,531.0,289.0,539.0,306.0,627.0,306.0,637.0,287.0,574.0,381.0,553.0,365.0,594.0,366.0,574.0,381.0,574.0,381.0
19194.jpg,0.54,582.0,339.5,527.0,286.0,538.0,308.0,627.0,309.0,638.0,290.0,568.0,396.0,537.0,369.0,596.0,380.0,567.0,396.0,567.0,399.0
19200.jpg,0.54,575.0,331.0,521.0,281.0,532.0,300.0,620.0,307.0,631.0,290.0,556.0,383.0,535.0,363.0,580.0,370.0,556.0,383.0,556.0,383.0
19206.jpg,0.525,580.5,322.5,527.0,282.0,536.0,299.0,626.0,299.0,636.0,280.0,570.0,368.0,548.0,352.0,596.0,353.0,570.0,366.0,570.0,366.0
19212.jpg,0.505,572.5,320.5,523.0,281.0,531.0,303.0,619.0,306.0,628.0,287.0,549.0,367.0,528.0,349.0,577.0,353.0,548.0,368.0,548.0,368.0
19218.jpg,0.525,571.0,319.5,520.0,277.0,529.0,301.0,615.0,305.0,625.0,288.0,549.0,366.0,530.0,349.0,578.0,351.0,548.0,366.0,548.0,366.0
19224.jpg,0.52,577.5,326.0,527.0,283.0,535.0,306.0,621.0,309.0,632.0,289.0,559.0,373.0,539.0,357.0,583.0,361.0,558.0,373.0,557.0,373.0
19230.jpg,0.535,581.5,328.5,528.0,285.0,538.0,304.0,624.0,305.0,636.0,286.0,571.0,377.0,547.0,360.0,594.0,361.0,571.0,377.0,570.0,377.0
19236.jpg,0.53,582.5,339.0,529.0,287.0,539.0,307.0,627.0,308.0,638.0,289.0,572.0,391.0,547.0,369.0,596.0,376.0,572.0,391.0,573.0,391.0
19242.jpg,0.535,581.5,339.5,527.0,284.0,539.0,307.0,626.0,308.0,638.0,287.0,571.0,396.0,544.0,371.0,594.0,384.0,571.0,397.0,570.0,398.0
19248.jpg,0.55,576.0,347.0,522.0,287.0,535.0,309.0,620.0,316.0,632.0,296.0,561.0,411.0,536.0,383.0,586.0,393.0,562.0,408.0,562.0,404.0
19254.jpg,0.545,576.5,344.5,523.0,286.0,535.0,309.0,620.0,315.0,632.0,296.0,558.0,408.0,540.0,384.0,586.0,390.0,562.0,404.0,563.0,401.0
19260.jpg,0.545,567.0,349.5,514.0,286.0,523.0,306.0,608.0,321.0,623.0,302.0,539.0,417.0,518.0,395.0,573.0,403.0,541.0,417.0,541.0,414.0
19266.jpg,0.57,562.5,351.0,511.0,283.0,521.0,304.0,603.0,322.0,620.0,302.0,528.0,422.0,511.0,399.0,567.0,408.0,533.0,422.0,535.0,422.0
19272.jpg,0.565,561.5,352.5,508.0,285.0,518.0,306.0,602.0,324.0,619.0,305.0,528.0,423.0,513.0,400.0,567.0,404.0,530.0,423.0,533.0,421.0
19278.jpg,0.56,564.5,354.0,512.0,287.0,521.0,307.0,605.0,323.0,621.0,305.0,535.0,423.0,515.0,400.0,571.0,403.0,535.0,423.0,537.0,416.0
19284.jpg,0.55,566.5,352.0,512.0,288.0,521.0,307.0,606.0,322.0,622.0,304.0,536.0,420.0,518.0,397.0,570.0,406.0,538.0,420.0,540.0,415.0
19290.jpg,0.545,567.0,351.5,513.0,288.0,522.0,308.0,607.0,322.0,622.0,304.0,539.0,419.0,520.0,397.0,570.0,406.0,541.0,419.0,541.0,415.0
19296.jpg,0.55,567.5,352.0,513.0,289.0,522.0,307.0,608.0,322.0,623.0,303.0,539.0,420.0,519.0,394.0,572.0,406.0,541.0,420.0,542.0,416.0
19302.jpg,0.55,568.5,352.0,514.0,289.0,523.0,308.0,609.0,321.0,624.0,303.0,540.0,420.0,522.0,395.0,573.0,405.0,544.0,420.0,545.0,419.0
19308.jpg,0.555,569.0,352.5,514.0,289.0,525.0,308.0,610.0,321.0,625.0,303.0,545.0,421.0,522.0,395.0,574.0,403.0,545.0,421.0,545.0,415.0
19314.jpg,0.555,569.0,352.5,515.0,289.0,525.0,309.0,610.0,321.0,625.0,303.0,545.0,421.0,521.0,391.0,574.0,406.0,545.0,421.0,545.0,419.0
19320.jpg,0.56,571.0,359.0,517.0,294.0,528.0,315.0,615.0,324.0,629.0,303.0,557.0,428.0,530.0,396.0,587.0,404.0,555.0,428.0,555.0,428.0
19326.jpg,0.55,583.0,358.0,528.0,301.0,540.0,319.0,627.0,319.0,639.0,301.0,581.0,419.0,555.0,398.0,603.0,399.0,581.0,418.0,580.0,416.0
19332.jpg,0.565,591.5,359.5,536.0,302.0,550.0,323.0,637.0,319.0,648.0,298.0,598.0,423.0,566.0,401.0,623.0,398.0,598.0,419.0,598.0,418.0
19338.jpg,0.56,590.5,357.0,536.0,301.0,549.0,321.0,636.0,315.0,647.0,296.0,596.0,419.0,569.0,397.0,618.0,400.0,596.0,417.0,596.0,406.0
19344.jpg,0.56,590.0,356.0,535.0,299.0,548.0,320.0,636.0,315.0,647.0,295.0,593.0,418.0,570.0,401.0,614.0,401.0,593.0,418.0,593.0,417.0
19350.jpg,0.56,590.0,355.0,534.0,298.0,547.0,319.0,635.0,314.0,646.0,294.0,592.0,417.0,567.0,395.0,614.0,400.0,592.0,417.0,593.0,416.0
19356.jpg,0.565,590.0,354.5,536.0,298.0,548.0,318.0,635.0,314.0,645.0,294.0,592.0,416.0,568.0,395.0,614.0,397.0,592.0,417.0,592.0,416.0
19362.jpg,0.56,589.0,354.0,535.0,298.0,547.0,318.0,636.0,313.0,646.0,294.0,592.0,415.0,567.0,394.0,615.0,396.0,592.0,416.0,592.0,415.0
19368.jpg,0.565,589.0,353.5,535.0,297.0,547.0,318.0,635.0,314.0,645.0,293.0,592.0,415.0,567.0,394.0,615.0,395.0,593.0,416.0,593.0,414.0
19374.jpg,0.56,589.5,353.0,536.0,297.0,548.0,318.0,636.0,312.0,646.0,293.0,594.0,415.0,569.0,395.0,615.0,398.0,595.0,415.0,594.0,413.0
19380.jpg,0.56,589.5,353.0,535.0,297.0,548.0,318.0,636.0,312.0,646.0,293.0,595.0,415.0,566.0,392.0,617.0,393.0,595.0,414.0,595.0,413.0
19386.jpg,0.56,592.0,349.0,536.0,295.0,548.0,315.0,638.0,308.0,649.0,288.0,602.0,411.0,571.0,388.0,625.0,391.0,602.0,411.0,602.0,410.0
19392.jpg,0.57,638.0,322.0,593.0,316.0,572.0,292.0,674.0,275.0,676.0,256.0,677.0,389.0,631.0,379.0,692.0,354.0,675.0,393.0,675.0,393.0
19398.jpg,0.515,621.5,309.0,565.0,296.0,560.0,283.0,660.0,270.0,665.0,251.0,654.0,365.0,614.0,355.0,669.0,336.0,654.0,366.0,654.0,366.0
19404.jpg,0.51,618.0,304.5,559.0,291.0,558.0,287.0,656.0,271.0,663.0,253.0,639.0,354.0,611.0,348.0,659.0,331.0,640.0,354.0,640.0,353.0
19410.jpg,0.52,603.0,311.0,548.0,289.0,557.0,300.0,649.0,281.0,655.0,262.0,620.0,359.0,591.0,349.0,643.0,337.0,619.0,361.0,618.0,360.0
19416.jpg,0.535,600.5,313.5,546.0,289.0,559.0,303.0,649.0,283.0,655.0,262.0,619.0,362.0,594.0,353.0,639.0,343.0,619.0,362.0,619.0,363.0
19422.jpg,0.54,604.0,313.0,550.0,291.0,561.0,302.0,651.0,282.0,657.0,261.0,629.0,364.0,601.0,357.0,648.0,344.0,628.0,366.0,629.0,366.0
19428.jpg,0.54,604.0,313.0,550.0,292.0,562.0,303.0,651.0,283.0,658.0,261.0,631.0,366.0,602.0,357.0,649.0,344.0,630.0,367.0,630.0,366.0
19434.jpg,0.545,604.0,313.5,551.0,293.0,561.0,304.0,652.0,284.0,657.0,261.0,631.0,366.0,602.0,357.0,650.0,343.0,631.0,367.0,630.0,366.0
19440.jpg,0.545,603.0,314.5,549.0,292.0,559.0,302.0,650.0,281.0,656.0,260.0,629.0,368.0,601.0,359.0,647.0,345.0,629.0,368.0,629.0,368.0
19446.jpg,0.555,603.5,320.5,550.0,294.0,560.0,304.0,651.0,284.0,658.0,262.0,633.0,380.0,600.0,370.0,657.0,350.0,631.0,382.0,631.0,382.0
19452.jpg,0.485,628.0,318.5,584.0,284.0,582.0,288.0,661.0,282.0,665.0,264.0,655.0,372.0,620.0,363.0,674.0,340.0,655.0,373.0,655.0,373.0
19458.jpg,0.505,648.5,313.0,600.0,299.0,615.0,332.0,676.0,284.0,677.0,264.0,686.0,360.0,648.0,359.0,695.0,335.0,683.0,360.0,662.0,363.0
19464.jpg,0.56,653.0,303.0,596.0,310.0,605.0,317.0,687.0,276.0,687.0,252.0,700.0,355.0,653.0,353.0,711.0,328.0,695.0,347.0,693.0,345.0
19470.jpg,0.56,651.0,302.5,596.0,310.0,608.0,318.0,687.0,274.0,687.0,249.0,700.0,356.0,655.0,353.0,708.0,328.0,696.0,351.0,693.0,345.0
19476.jpg,0.56,651.0,302.0,595.0,309.0,609.0,316.0,687.0,272.0,687.0,247.0,699.0,356.0,663.0,354.0,709.0,326.0,696.0,350.0,693.0,347.0
19482.jpg,0.565,650.5,302.0,595.0,309.0,610.0,316.0,687.0,272.0,687.0,248.0,700.0,356.0,664.0,355.0,709.0,326.0,697.0,352.0,691.0,346.0
19488.jpg,0.56,650.0,303.0,595.0,308.0,609.0,316.0,687.0,272.0,687.0,248.0,699.0,358.0,673.0,357.0,709.0,327.0,697.0,353.0,696.0,351.0
19494.jpg,0.555,650.5,302.5,596.0,309.0,609.0,317.0,686.0,272.0,687.0,248.0,698.0,358.0,663.0,356.0,708.0,328.0,696.0,352.0,692.0,348.0
19500.jpg,0.555,650.5,303.0,596.0,309.0,609.0,317.0,686.0,273.0,687.0,248.0,698.0,358.0,655.0,353.0,708.0,328.0,696.0,352.0,692.0,350.0
19506.jpg,0.56,650.0,303.0,595.0,310.0,609.0,317.0,686.0,273.0,687.0,248.0,699.0,358.0,662.0,355.0,708.0,327.0,696.0,353.0,692.0,349.0
19512.jpg,0.555,649.5,303.5,595.0,309.0,609.0,318.0,686.0,273.0,686.0,249.0,697.0,359.0,662.0,357.0,708.0,327.0,695.0,352.0,692.0,350.0
19518.jpg,0.555,649.5,304.5,595.0,310.0,609.0,317.0,685.0,274.0,686.0,249.0,697.0,359.0,661.0,356.0,707.0,330.0,694.0,353.0,691.0,350.0
19524.jpg,0.56,649.0,304.5,594.0,311.0,608.0,319.0,685.0,275.0,686.0,250.0,696.0,360.0,662.0,357.0,707.0,332.0,693.0,353.0,689.0,351.0
19530.jpg,0.555,649.5,304.5,595.0,310.0,608.0,317.0,685.0,274.0,686.0,250.0,696.0,360.0,660.0,355.0,707.0,330.0,694.0,354.0,691.0,351.0
19536.jpg,0.56,649.0,304.5,594.0,311.0,610.0,319.0,686.0,275.0,686.0,251.0,696.0,360.0,662.0,357.0,706.0,332.0,694.0,354.0,689.0,350.0
19542.jpg,0.56,649.0,305.0,594.0,310.0,608.0,318.0,686.0,274.0,686.0,250.0,696.0,360.0,661.0,357.0,707.0,331.0,692.0,353.0,691.0,352.0
19548.jpg,0.555,649.5,305.0,595.0,310.0,608.0,318.0,686.0,275.0,685.0,250.0,696.0,360.0,661.0,358.0,707.0,332.0,694.0,355.0,690.0,352.0
19554.jpg,0.555,649.5,305.5,595.0,311.0,608.0,317.0,685.0,275.0,686.0,251.0,696.0,361.0,653.0,355.0,707.0,330.0,691.0,353.0,691.0,352.0
19560.jpg,0.555,649.5,305.0,595.0,310.0,608.0,318.0,686.0,275.0,686.0,251.0,697.0,360.0,649.0,355.0,707.0,330.0,694.0,354.0,691.0,352.0
19566.jpg,0.555,649.5,305.0,595.0,310.0,608.0,318.0,686.0,275.0,686.0,250.0,696.0,360.0,661.0,358.0,707.0,332.0,694.0,355.0,691.0,352.0
19572.jpg,0.555,648.5,304.5,594.0,311.0,608.0,319.0,686.0,274.0,686.0,250.0,696.0,360.0,661.0,359.0,706.0,329.0,693.0,352.0,690.0,350.0
19578.jpg,0.555,649.5,305.0,595.0,310.0,608.0,318.0,686.0,275.0,686.0,250.0,696.0,360.0,661.0,358.0,707.0,332.0,692.0,353.0,691.0,352.0
19584.jpg,0.56,649.0,305.5,594.0,311.0,607.0,319.0,686.0,275.0,686.0,251.0,697.0,361.0,661.0,358.0,707.0,332.0,694.0,354.0,691.0,351.0
19590.jpg,0.56,649.0,305.0,594.0,310.0,608.0,318.0,686.0,274.0,686.0,250.0,697.0,361.0,661.0,357.0,707.0,331.0,694.0,355.0,691.0,351.0
19596.jpg,0.555,649.0,305.5,594.0,311.0,608.0,318.0,686.0,275.0,686.0,250.0,697.0,361.0,667.0,359.0,706.0,331.0,694.0,354.0,690.0,352.0
19602.jpg,0.555,648.5,305.5,594.0,311.0,607.0,318.0,685.0,275.0,686.0,250.0,696.0,361.0,661.0,359.0,706.0,330.0,694.0,355.0,690.0,352.0
19608.jpg,0.56,649.0,305.5,594.0,311.0,607.0,319.0,686.0,275.0,686.0,251.0,696.0,361.0,660.0,358.0,707.0,331.0,692.0,354.0,689.0,351.0
19614.jpg,0.555,649.5,305.5,594.0,311.0,607.0,318.0,685.0,275.0,686.0,251.0,696.0,361.0,653.0,355.0,706.0,333.0,693.0,354.0,690.0,352.0
19620.jpg,0.555,649.5,305.5,594.0,311.0,608.0,318.0,685.0,275.0,686.0,251.0,696.0,361.0,669.0,360.0,706.0,333.0,693.0,354.0,690.0,352.0
19626.jpg,0.555,649.0,305.5,594.0,311.0,608.0,318.0,686.0,275.0,686.0,250.0,696.0,361.0,660.0,357.0,706.0,330.0,694.0,359.0,690.0,352.0
19632.jpg,0.555,649.5,305.0,595.0,311.0,608.0,318.0,686.0,275.0,686.0,251.0,696.0,360.0,660.0,358.0,706.0,333.0,693.0,354.0,690.0,353.0
19638.jpg,0.555,648.5,305.5,594.0,311.0,607.0,318.0,685.0,275.0,685.0,250.0,696.0,361.0,659.0,359.0,706.0,330.0,694.0,359.0,690.0,352.0
19644.jpg,0.555,648.5,305.5,594.0,311.0,608.0,318.0,685.0,274.0,685.0,250.0,696.0,361.0,660.0,357.0,706.0,330.0,694.0,354.0,690.0,351.0
19650.jpg,0.555,648.5,305.5,594.0,311.0,608.0,318.0,685.0,275.0,685.0,251.0,696.0,361.0,660.0,359.0,706.0,333.0,694.0,359.0,690.0,352.0
19656.jpg,0.555,648.5,305.5,594.0,311.0,608.0,318.0,685.0,275.0,686.0,251.0,695.0,361.0,659.0,357.0,706.0,333.0,692.0,354.0,689.0,352.0
19662.jpg,0.555,648.5,305.5,594.0,311.0,608.0,318.0,685.0,275.0,686.0,251.0,696.0,361.0,660.0,357.0,706.0,331.0,693.0,355.0,690.0,352.0
19668.jpg,0.56,649.0,305.5,594.0,311.0,608.0,319.0,685.0,276.0,686.0,251.0,695.0,361.0,660.0,358.0,706.0,335.0,692.0,355.0,689.0,352.0
19674.jpg,0.56,648.5,306.0,594.0,310.0,608.0,318.0,686.0,275.0,687.0,251.0,697.0,361.0,652.0,356.0,706.0,331.0,693.0,355.0,689.0,351.0
19680.jpg,0.55,648.0,306.0,594.0,311.0,608.0,319.0,686.0,275.0,686.0,251.0,695.0,361.0,650.0,355.0,706.0,331.0,694.0,359.0,689.0,352.0
19686.jpg,0.555,648.5,305.5,594.0,311.0,608.0,318.0,685.0,276.0,685.0,251.0,695.0,361.0,658.0,357.0,706.0,330.0,690.0,353.0,689.0,351.0
19692.jpg,0.555,648.5,306.0,594.0,311.0,608.0,319.0,685.0,276.0,685.0,251.0,695.0,361.0,652.0,356.0,706.0,331.0,690.0,354.0,689.0,350.0
19698.jpg,0.56,648.5,306.0,594.0,310.0,609.0,318.0,686.0,275.0,687.0,251.0,697.0,361.0,660.0,358.0,706.0,331.0,694.0,356.0,689.0,350.0
19704.jpg,0.555,648.5,306.0,594.0,310.0,608.0,318.0,685.0,276.0,685.0,251.0,695.0,361.0,660.0,359.0,705.0,333.0,693.0,356.0,689.0,350.0
19710.jpg,0.555,648.5,306.0,593.0,310.0,608.0,319.0,685.0,276.0,685.0,251.0,696.0,361.0,659.0,358.0,706.0,331.0,693.0,356.0,689.0,351.0
19716.jpg,0.555,648.5,306.0,594.0,310.0,608.0,319.0,685.0,276.0,685.0,251.0,696.0,361.0,659.0,358.0,706.0,331.0,694.0,359.0,690.0,353.0
19722.jpg,0.555,648.5,306.5,594.0,311.0,608.0,318.0,685.0,275.0,685.0,251.0,696.0,361.0,660.0,357.0,706.0,331.0,694.0,360.0,689.0,350.0
19728.jpg,0.555,648.5,306.0,594.0,310.0,608.0,319.0,685.0,276.0,685.0,251.0,695.0,361.0,660.0,357.0,706.0,331.0,694.0,359.0,690.0,353.0
19734.jpg,0.555,647.5,306.5,593.0,311.0,607.0,318.0,685.0,275.0,685.0,251.0,695.0,361.0,657.0,356.0,706.0,330.0,693.0,356.0,692.0,354.0
19740.jpg,0.55,648.0,305.0,594.0,310.0,608.0,319.0,686.0,275.0,686.0,251.0,696.0,359.0,651.0,354.0,704.0,328.0,693.0,354.0,689.0,351.0
19746.jpg,0.59,662.0,301.0,603.0,310.0,619.0,318.0,693.0,268.0,692.0,243.0,715.0,357.0,661.0,354.0,721.0,326.0,710.0,352.0,706.0,345.0
19752.jpg,0.645,687.5,293.0,622.0,311.0,641.0,318.0,706.0,256.0,700.0,230.0,750.0,352.0,720.0,358.0,752.0,318.0,742.0,343.0,739.0,341.0
19758.jpg,0.64,689.0,291.0,624.0,308.0,644.0,316.0,708.0,253.0,701.0,227.0,754.0,346.0,699.0,352.0,748.0,305.0,743.0,338.0,743.0,337.0
19764.jpg,0.65,692.0,288.0,627.0,309.0,646.0,316.0,710.0,252.0,702.0,226.0,758.0,344.0,702.0,351.0,750.0,306.0,748.0,336.0,748.0,335.0
19770.jpg,0.635,689.5,292.0,626.0,310.0,645.0,317.0,709.0,253.0,702.0,229.0,753.0,349.0,698.0,354.0,753.0,317.0,744.0,340.0,743.0,339.0
19776.jpg,0.635,687.0,293.5,624.0,311.0,643.0,317.0,708.0,254.0,701.0,229.0,750.0,350.0,703.0,355.0,751.0,319.0,743.0,343.0,741.0,341.0
19782.jpg,0.635,686.5,294.0,623.0,311.0,642.0,317.0,707.0,254.0,700.0,231.0,748.0,353.0,709.0,360.0,750.0,320.0,742.0,347.0,740.0,341.0
19788.jpg,0.645,683.5,297.0,620.0,312.0,641.0,317.0,706.0,257.0,700.0,233.0,746.0,357.0,692.0,360.0,748.0,304.0,741.0,351.0,740.0,349.0
19794.jpg,0.645,683.5,298.5,619.0,311.0,639.0,317.0,705.0,257.0,700.0,233.0,745.0,359.0,709.0,363.0,749.0,325.0,740.0,354.0,739.0,350.0
19800.jpg,0.64,683.0,297.0,619.0,312.0,639.0,317.0,704.0,258.0,698.0,233.0,747.0,358.0,710.0,362.0,748.0,323.0,740.0,352.0,739.0,351.0
19806.jpg,0.635,682.5,297.5,619.0,311.0,639.0,317.0,705.0,259.0,697.0,233.0,746.0,358.0,699.0,362.0,747.0,325.0,743.0,354.0,738.0,351.0
19812.jpg,0.64,682.0,298.0,619.0,312.0,638.0,318.0,704.0,259.0,698.0,233.0,746.0,359.0,696.0,362.0,747.0,324.0,739.0,353.0,737.0,349.0
19818.jpg,0.64,682.0,299.0,618.0,311.0,638.0,318.0,704.0,260.0,698.0,234.0,744.0,360.0,706.0,363.0,747.0,325.0,738.0,354.0,737.0,351.0
19824.jpg,0.645,680.5,299.5,617.0,311.0,638.0,318.0,703.0,260.0,698.0,234.0,743.0,360.0,706.0,362.0,746.0,326.0,738.0,355.0,735.0,350.0
19830.jpg,0.635,677.5,300.5,615.0,312.0,635.0,319.0,702.0,262.0,697.0,236.0,738.0,362.0,691.0,364.0,743.0,331.0,733.0,355.0,729.0,350.0
19836.jpg,0.655,675.5,305.0,613.0,315.0,632.0,321.0,701.0,265.0,697.0,241.0,737.0,373.0,695.0,370.0,741.0,338.0,730.0,362.0,728.0,360.0
19842.jpg,0.615,658.0,324.5,598.0,318.0,615.0,328.0,694.0,288.0,694.0,261.0,712.0,383.0,672.0,378.0,719.0,356.0,707.0,377.0,702.0,370.0
19860.jpg,0.53,670.0,302.5,609.0,314.0,620.0,320.0,700.0,272.0,696.0,254.0,719.0,351.0,666.0,350.0,722.0,326.0,708.0,348.0,697.0,354.0
19866.jpg,0.57,663.0,305.0,605.0,314.0,621.0,324.0,697.0,276.0,695.0,253.0,712.0,358.0,687.0,359.0,717.0,334.0,705.0,353.0,704.0,349.0
19872.jpg,0.57,663.0,305.0,605.0,314.0,622.0,323.0,696.0,275.0,693.0,252.0,712.0,358.0,674.0,357.0,719.0,334.0,705.0,351.0,704.0,347.0
19878.jpg,0.575,662.5,304.0,604.0,313.0,621.0,323.0,697.0,275.0,694.0,252.0,713.0,358.0,665.0,356.0,719.0,334.0,705.0,350.0,704.0,348.0
19884.jpg,0.58,662.0,304.5,605.0,312.0,621.0,323.0,697.0,275.0,695.0,251.0,713.0,359.0,666.0,357.0,720.0,334.0,708.0,353.0,705.0,347.0
19890.jpg,0.57,662.5,305.0,606.0,314.0,620.0,323.0,696.0,275.0,693.0,250.0,711.0,359.0,687.0,359.0,718.0,333.0,707.0,353.0,705.0,347.0
19896.jpg,0.575,661.5,305.5,604.0,313.0,620.0,323.0,696.0,276.0,693.0,252.0,712.0,359.0,665.0,357.0,719.0,334.0,707.0,354.0,703.0,349.0
19902.jpg,0.585,660.5,306.0,604.0,314.0,620.0,324.0,695.0,276.0,691.0,251.0,711.0,361.0,667.0,358.0,718.0,333.0,705.0,355.0,703.0,350.0
19908.jpg,0.59,660.0,305.5,605.0,313.0,621.0,324.0,696.0,277.0,692.0,252.0,711.0,361.0,673.0,360.0,718.0,333.0,704.0,354.0,703.0,349.0
19914.jpg,0.585,664.5,307.0,607.0,314.0,624.0,325.0,698.0,276.0,694.0,251.0,717.0,363.0,668.0,359.0,724.0,337.0,714.0,359.0,711.0,357.0
19920.jpg,0.635,680.0,304.5,619.0,317.0,639.0,324.0,707.0,268.0,701.0,242.0,739.0,366.0,687.0,363.0,744.0,335.0,734.0,358.0,733.0,358.0
19926.jpg,0.625,680.5,305.0,621.0,317.0,640.0,324.0,707.0,268.0,701.0,241.0,741.0,366.0,689.0,365.0,743.0,334.0,734.0,357.0,732.0,356.0
19932.jpg,0.63,682.0,306.0,622.0,317.0,641.0,324.0,708.0,268.0,702.0,242.0,740.0,369.0,690.0,367.0,746.0,335.0,735.0,361.0,732.0,360.0
19938.jpg,0.64,675.5,312.0,615.0,316.0,637.0,326.0,704.0,271.0,700.0,246.0,735.0,379.0,690.0,376.0,742.0,346.0,729.0,372.0,723.0,367.0
19944.jpg,0.665,665.5,318.5,602.0,314.0,625.0,325.0,695.0,278.0,694.0,251.0,720.0,392.0,678.0,390.0,734.0,356.0,717.0,385.0,715.0,378.0
19950.jpg,0.655,645.5,330.5,584.0,312.0,606.0,327.0,682.0,288.0,684.0,261.0,697.0,407.0,662.0,405.0,713.0,376.0,694.0,397.0,693.0,397.0
19956.jpg,0.645,643.5,330.5,582.0,310.0,603.0,324.0,681.0,289.0,682.0,261.0,694.0,406.0,653.0,402.0,710.0,376.0,690.0,396.0,689.0,395.0
19962.jpg,0.685,661.5,316.5,594.0,307.0,617.0,319.0,689.0,272.0,688.0,244.0,718.0,390.0,676.0,389.0,731.0,356.0,716.0,379.0,714.0,378.0
19968.jpg,0.7,662.5,307.0,594.0,300.0,619.0,312.0,690.0,263.0,687.0,236.0,725.0,381.0,688.0,383.0,739.0,345.0,721.0,371.0,721.0,368.0
19974.jpg,0.73,665.0,295.0,592.0,295.0,618.0,305.0,685.0,249.0,683.0,221.0,730.0,365.0,693.0,376.0,746.0,325.0,728.0,356.0,726.0,356.0
19980.jpg,0.73,675.0,292.0,602.0,297.0,628.0,305.0,690.0,248.0,688.0,219.0,742.0,359.0,705.0,372.0,756.0,323.0,739.0,353.0,738.0,352.0
19986.jpg,0.735,662.0,291.5,589.0,290.0,614.0,301.0,680.0,245.0,679.0,218.0,729.0,357.0,695.0,373.0,744.0,326.0,725.0,352.0,725.0,350.0
19992.jpg,0.745,644.0,289.5,570.0,281.0,594.0,292.0,666.0,241.0,669.0,217.0,701.0,356.0,671.0,374.0,722.0,324.0,702.0,361.0,699.0,353.0
19998.jpg,0.75,644.5,291.0,571.0,282.0,597.0,294.0,669.0,244.0,671.0,216.0,704.0,358.0,669.0,374.0,725.0,329.0,703.0,357.0,701.0,355.0
20004.jpg,0.755,647.5,289.5,574.0,280.0,600.0,294.0,671.0,242.0,671.0,216.0,708.0,359.0,678.0,375.0,730.0,331.0,709.0,362.0,706.0,356.0
20010.jpg,0.745,645.5,291.5,571.0,280.0,597.0,293.0,671.0,245.0,671.0,219.0,703.0,365.0,667.0,376.0,722.0,342.0,702.0,365.0,699.0,358.0
20016.jpg,0.73,639.0,291.0,566.0,277.0,590.0,289.0,664.0,242.0,667.0,218.0,693.0,364.0,657.0,373.0,713.0,345.0,694.0,365.0,694.0,368.0
20022.jpg,0.735,637.0,292.5,565.0,276.0,588.0,289.0,664.0,245.0,665.0,219.0,688.0,361.0,651.0,376.0,713.0,347.0,691.0,367.0,691.0,368.0
20028.jpg,0.735,639.5,293.5,568.0,279.0,592.0,293.0,667.0,247.0,668.0,220.0,694.0,369.0,655.0,378.0,715.0,348.0,694.0,364.0,691.0,359.0
20034.jpg,0.74,642.0,295.0,568.0,279.0,593.0,293.0,668.0,247.0,669.0,221.0,697.0,370.0,659.0,379.0,717.0,345.0,694.0,361.0,692.0,360.0
20040.jpg,0.735,641.5,295.5,568.0,281.0,594.0,295.0,667.0,248.0,670.0,222.0,697.0,370.0,656.0,379.0,716.0,348.0,694.0,363.0,693.0,360.0
20046.jpg,0.73,642.0,297.0,568.0,280.0,593.0,294.0,667.0,248.0,670.0,221.0,697.0,372.0,659.0,379.0,716.0,348.0,695.0,364.0,695.0,362.0
20052.jpg,0.735,642.5,298.0,571.0,282.0,595.0,296.0,670.0,250.0,671.0,223.0,700.0,374.0,660.0,380.0,718.0,348.0,697.0,364.0,695.0,362.0
20058.jpg,0.725,642.5,298.5,571.0,283.0,596.0,295.0,671.0,252.0,672.0,223.0,700.0,375.0,659.0,380.0,719.0,351.0,698.0,368.0,696.0,363.0
20064.jpg,0.73,643.5,299.0,572.0,283.0,598.0,297.0,670.0,252.0,672.0,223.0,700.0,376.0,660.0,380.0,717.0,352.0,697.0,364.0,696.0,364.0
20070.jpg,0.73,644.0,299.0,571.0,285.0,597.0,297.0,671.0,252.0,672.0,223.0,701.0,376.0,661.0,380.0,718.0,352.0,698.0,366.0,697.0,364.0
20076.jpg,0.735,644.5,298.5,573.0,284.0,598.0,297.0,672.0,251.0,673.0,224.0,702.0,371.0,663.0,380.0,719.0,349.0,697.0,364.0,696.0,363.0
20082.jpg,0.73,644.0,299.0,572.0,283.0,598.0,297.0,671.0,252.0,672.0,223.0,701.0,374.0,661.0,380.0,719.0,350.0,698.0,364.0,697.0,363.0
20088.jpg,0.73,644.0,299.0,572.0,285.0,598.0,297.0,671.0,252.0,672.0,223.0,702.0,376.0,661.0,380.0,719.0,350.0,698.0,364.0,697.0,363.0
20094.jpg,0.73,644.0,299.0,572.0,283.0,598.0,297.0,671.0,252.0,672.0,223.0,702.0,376.0,662.0,380.0,719.0,350.0,698.0,364.0,697.0,363.0
20100.jpg,0.73,644.0,300.0,572.0,284.0,598.0,297.0,672.0,251.0,672.0,224.0,702.0,377.0,664.0,381.0,719.0,350.0,698.0,364.0,697.0,364.0
20106.jpg,0.735,644.0,300.5,573.0,284.0,599.0,299.0,672.0,253.0,674.0,224.0,703.0,376.0,664.0,382.0,718.0,353.0,698.0,366.0,697.0,365.0
20112.jpg,0.73,644.0,300.0,572.0,284.0,600.0,298.0,672.0,253.0,674.0,224.0,702.0,377.0,664.0,381.0,719.0,351.0,699.0,367.0,698.0,365.0
20118.jpg,0.735,644.5,301.0,573.0,284.0,600.0,298.0,673.0,253.0,674.0,225.0,703.0,375.0,666.0,383.0,720.0,352.0,700.0,367.0,699.0,365.0
20124.jpg,0.73,645.0,301.0,573.0,285.0,599.0,299.0,672.0,252.0,673.0,225.0,703.0,378.0,663.0,382.0,719.0,352.0,699.0,365.0,698.0,365.0
20130.jpg,0.725,644.5,301.5,573.0,286.0,599.0,298.0,673.0,253.0,674.0,225.0,702.0,378.0,664.0,382.0,719.0,352.0,700.0,366.0,698.0,365.0
20136.jpg,0.73,644.5,301.0,573.0,285.0,599.0,299.0,673.0,254.0,674.0,225.0,703.0,378.0,664.0,382.0,720.0,352.0,700.0,366.0,698.0,366.0
20142.jpg,0.725,644.5,301.5,573.0,286.0,599.0,300.0,673.0,253.0,674.0,226.0,704.0,378.0,664.0,382.0,719.0,352.0,701.0,366.0,698.0,365.0
20148.jpg,0.725,644.5,301.5,573.0,287.0,599.0,300.0,673.0,253.0,674.0,226.0,704.0,378.0,661.0,382.0,719.0,354.0,700.0,368.0,698.0,366.0
20154.jpg,0.725,644.5,301.5,573.0,286.0,599.0,298.0,673.0,253.0,674.0,226.0,702.0,376.0,663.0,382.0,719.0,355.0,698.0,365.0,697.0,365.0
20160.jpg,0.725,644.5,302.5,573.0,287.0,599.0,299.0,673.0,254.0,674.0,227.0,702.0,379.0,664.0,383.0,719.0,353.0,701.0,369.0,698.0,366.0
20166.jpg,0.725,644.5,302.0,573.0,288.0,599.0,299.0,673.0,255.0,674.0,227.0,704.0,380.0,663.0,383.0,719.0,354.0,701.0,367.0,698.0,367.0
20172.jpg,0.72,645.0,303.0,574.0,287.0,600.0,300.0,673.0,255.0,674.0,227.0,702.0,379.0,662.0,382.0,719.0,353.0,700.0,370.0,698.0,367.0
20178.jpg,0.725,644.5,303.0,573.0,289.0,599.0,301.0,674.0,256.0,675.0,228.0,704.0,379.0,661.0,384.0,721.0,354.0,701.0,371.0,698.0,368.0
20184.jpg,0.715,644.5,302.5,574.0,288.0,600.0,301.0,674.0,256.0,675.0,228.0,703.0,379.0,661.0,382.0,720.0,354.0,700.0,369.0,697.0,367.0
20190.jpg,0.715,644.5,303.0,574.0,289.0,600.0,300.0,674.0,255.0,675.0,229.0,703.0,380.0,661.0,382.0,721.0,343.0,702.0,373.0,699.0,370.0
20196.jpg,0.72,645.0,303.0,574.0,287.0,600.0,300.0,674.0,255.0,676.0,227.0,704.0,380.0,663.0,383.0,721.0,341.0,702.0,369.0,698.0,367.0
20202.jpg,0.72,645.0,303.0,574.0,289.0,600.0,300.0,674.0,255.0,676.0,227.0,704.0,380.0,663.0,383.0,721.0,338.0,701.0,369.0,698.0,367.0
20208.jpg,0.72,645.0,303.0,574.0,287.0,600.0,300.0,674.0,255.0,676.0,227.0,704.0,380.0,663.0,383.0,721.0,353.0,701.0,370.0,698.0,367.0
20214.jpg,0.715,644.5,303.0,574.0,289.0,601.0,301.0,674.0,257.0,675.0,229.0,703.0,380.0,660.0,382.0,718.0,354.0,699.0,370.0,697.0,367.0
20220.jpg,0.72,645.5,303.0,575.0,289.0,602.0,301.0,675.0,256.0,676.0,228.0,704.0,380.0,662.0,383.0,721.0,337.0,702.0,372.0,699.0,367.0
20226.jpg,0.72,646.0,304.0,575.0,290.0,601.0,301.0,674.0,256.0,677.0,228.0,705.0,381.0,664.0,384.0,722.0,353.0,702.0,371.0,699.0,368.0
20232.jpg,0.72,645.5,303.0,576.0,289.0,602.0,301.0,676.0,256.0,676.0,228.0,706.0,382.0,662.0,383.0,721.0,339.0,702.0,373.0,699.0,367.0
20238.jpg,0.71,645.0,303.0,575.0,289.0,602.0,301.0,675.0,257.0,675.0,229.0,704.0,380.0,661.0,382.0,721.0,342.0,702.0,374.0,698.0,367.0
20244.jpg,0.71,646.0,304.0,576.0,290.0,601.0,301.0,675.0,258.0,676.0,229.0,704.0,381.0,662.0,381.0,721.0,336.0,703.0,373.0,699.0,368.0
20250.jpg,0.73,652.5,314.0,582.0,302.0,604.0,310.0,682.0,270.0,682.0,238.0,715.0,396.0,669.0,391.0,726.0,354.0,712.0,388.0,706.0,378.0
20256.jpg,0.68,656.0,321.0,589.0,313.0,609.0,322.0,688.0,282.0,689.0,252.0,714.0,395.0,669.0,389.0,724.0,357.0,712.0,386.0,706.0,379.0
20262.jpg,0.655,670.5,311.5,606.0,315.0,627.0,324.0,701.0,282.0,699.0,250.0,733.0,375.0,691.0,375.0,737.0,342.0,727.0,369.0,725.0,368.0
20268.jpg,0.64,681.0,302.5,620.0,319.0,635.0,325.0,707.0,267.0,701.0,244.0,741.0,365.0,715.0,366.0,745.0,332.0,733.0,356.0,728.0,355.0
20274.jpg,0.62,685.5,300.0,624.0,317.0,642.0,325.0,711.0,268.0,704.0,244.0,745.0,358.0,719.0,359.0,746.0,322.0,737.0,352.0,733.0,348.0
20280.jpg,0.62,676.0,304.0,617.0,317.0,635.0,327.0,707.0,271.0,701.0,247.0,734.0,364.0,684.0,364.0,739.0,333.0,728.0,357.0,722.0,355.0
20286.jpg,0.6,669.0,310.5,609.0,319.0,627.0,328.0,699.0,279.0,695.0,254.0,719.0,371.0,684.0,370.0,728.0,342.0,715.0,363.0,712.0,362.0
20292.jpg,0.575,662.0,318.5,604.0,321.0,620.0,332.0,697.0,285.0,692.0,260.0,710.0,377.0,668.0,371.0,718.0,347.0,705.0,368.0,703.0,367.0
20298.jpg,0.585,659.0,318.5,601.0,321.0,618.0,332.0,694.0,286.0,691.0,262.0,707.0,376.0,678.0,374.0,715.0,347.0,702.0,369.0,701.0,368.0
20304.jpg,0.58,655.0,317.0,599.0,318.0,616.0,332.0,692.0,287.0,689.0,263.0,704.0,377.0,659.0,370.0,713.0,346.0,699.0,369.0,697.0,367.0
20310.jpg,0.58,655.0,317.0,599.0,318.0,616.0,332.0,692.0,287.0,689.0,261.0,704.0,376.0,658.0,370.0,713.0,345.0,699.0,369.0,697.0,367.0
20316.jpg,0.585,654.5,317.0,598.0,317.0,616.0,331.0,691.0,286.0,689.0,260.0,702.0,375.0,674.0,374.0,713.0,348.0,698.0,368.0,697.0,366.0
20322.jpg,0.58,655.0,317.0,598.0,317.0,615.0,331.0,691.0,287.0,689.0,261.0,704.0,376.0,671.0,374.0,713.0,348.0,699.0,369.0,697.0,367.0
20328.jpg,0.585,654.5,317.0,598.0,317.0,616.0,331.0,691.0,286.0,689.0,260.0,702.0,376.0,675.0,373.0,713.0,348.0,698.0,367.0,697.0,366.0
20334.jpg,0.58,655.0,317.0,599.0,318.0,615.0,331.0,692.0,287.0,689.0,261.0,703.0,377.0,674.0,374.0,713.0,348.0,699.0,369.0,697.0,367.0
20340.jpg,0.58,655.0,317.0,599.0,318.0,615.0,331.0,692.0,287.0,689.0,261.0,704.0,377.0,658.0,370.0,713.0,346.0,699.0,368.0,697.0,367.0
20346.jpg,0.585,654.5,317.0,598.0,316.0,616.0,329.0,691.0,286.0,689.0,261.0,704.0,375.0,676.0,373.0,713.0,347.0,698.0,367.0,697.0,366.0
20352.jpg,0.58,654.0,317.0,600.0,318.0,615.0,331.0,691.0,287.0,690.0,261.0,704.0,376.0,657.0,369.0,713.0,346.0,700.0,369.0,697.0,367.0
20358.jpg,0.58,655.0,316.0,599.0,318.0,616.0,331.0,691.0,288.0,689.0,260.0,704.0,376.0,671.0,374.0,713.0,347.0,698.0,368.0,697.0,366.0
20364.jpg,0.585,654.5,317.0,598.0,317.0,614.0,329.0,691.0,286.0,689.0,260.0,702.0,376.0,673.0,373.0,713.0,348.0,698.0,368.0,697.0,367.0
20370.jpg,0.585,654.5,316.5,598.0,316.0,614.0,330.0,691.0,287.0,689.0,262.0,702.0,376.0,673.0,374.0,712.0,347.0,698.0,368.0,697.0,367.0
20376.jpg,0.585,654.5,316.5,598.0,316.0,614.0,330.0,691.0,287.0,689.0,262.0,704.0,375.0,657.0,369.0,712.0,347.0,698.0,368.0,696.0,366.0
20382.jpg,0.58,655.0,317.0,599.0,318.0,615.0,331.0,691.0,287.0,689.0,261.0,704.0,377.0,669.0,374.0,713.0,348.0,698.0,369.0,696.0,366.0
20388.jpg,0.58,654.0,317.0,598.0,317.0,614.0,331.0,691.0,287.0,689.0,261.0,703.0,377.0,668.0,374.0,713.0,348.0,697.0,369.0,696.0,367.0
20394.jpg,0.58,654.0,317.0,598.0,317.0,614.0,331.0,691.0,287.0,689.0,261.0,703.0,377.0,668.0,374.0,713.0,348.0,697.0,369.0,695.0,367.0
20400.jpg,0.58,654.0,317.0,598.0,317.0,614.0,331.0,691.0,287.0,689.0,260.0,703.0,377.0,656.0,369.0,713.0,348.0,697.0,369.0,695.0,366.0
20406.jpg,0.585,654.5,317.5,598.0,317.0,614.0,330.0,691.0,287.0,688.0,260.0,702.0,376.0,675.0,373.0,713.0,347.0,698.0,368.0,697.0,367.0
20412.jpg,0.575,652.5,318.5,596.0,316.0,613.0,331.0,691.0,287.0,688.0,262.0,701.0,378.0,666.0,373.0,711.0,347.0,697.0,370.0,695.0,368.0
20418.jpg,0.59,656.0,320.0,598.0,318.0,614.0,330.0,692.0,287.0,688.0,262.0,703.0,379.0,676.0,376.0,714.0,349.0,700.0,373.0,699.0,371.0
20424.jpg,0.585,652.5,328.5,595.0,320.0,611.0,334.0,694.0,292.0,692.0,270.0,699.0,389.0,666.0,380.0,710.0,362.0,696.0,379.0,695.0,379.0
20430.jpg,0.595,638.0,346.5,581.0,327.0,596.0,342.0,682.0,307.0,683.0,286.0,676.0,409.0,645.0,399.0,695.0,379.0,675.0,408.0,672.0,399.0
20436.jpg,0.545,629.5,344.5,576.0,321.0,591.0,339.0,676.0,309.0,678.0,288.0,664.0,408.0,632.0,393.0,684.0,376.0,665.0,406.0,661.0,400.0
20442.jpg,0.54,620.5,347.0,569.0,321.0,583.0,339.0,669.0,313.0,672.0,291.0,651.0,405.0,613.0,391.0,671.0,377.0,651.0,405.0,649.0,393.0
20448.jpg,0.53,627.0,340.5,575.0,322.0,590.0,339.0,674.0,311.0,677.0,288.0,664.0,397.0,628.0,387.0,677.0,372.0,662.0,397.0,657.0,387.0
20454.jpg,0.58,665.0,314.0,608.0,321.0,624.0,331.0,700.0,284.0,697.0,261.0,717.0,371.0,668.0,371.0,723.0,342.0,711.0,366.0,708.0,363.0
20460.jpg,0.63,691.0,297.0,631.0,317.0,649.0,324.0,714.0,265.0,707.0,240.0,754.0,352.0,727.0,355.0,755.0,320.0,745.0,342.0,744.0,341.0
20466.jpg,0.655,695.5,297.5,631.0,317.0,649.0,322.0,713.0,260.0,707.0,235.0,761.0,356.0,709.0,361.0,766.0,322.0,754.0,347.0,753.0,346.0
20472.jpg,0.705,690.5,296.0,620.0,312.0,645.0,318.0,703.0,257.0,697.0,228.0,761.0,355.0,719.0,367.0,763.0,325.0,758.0,358.0,751.0,348.0
20478.jpg,0.72,689.0,295.5,617.0,312.0,640.0,316.0,699.0,257.0,694.0,229.0,758.0,354.0,707.0,366.0,761.0,309.0,752.0,349.0,752.0,347.0
20484.jpg,0.705,692.5,294.0,623.0,312.0,645.0,314.0,703.0,255.0,698.0,226.0,763.0,353.0,723.0,364.0,767.0,323.0,757.0,346.0,756.0,343.0
20490.jpg,0.705,692.5,294.0,622.0,310.0,645.0,314.0,705.0,257.0,698.0,228.0,763.0,354.0,723.0,364.0,764.0,308.0,754.0,346.0,754.0,346.0
20496.jpg,0.71,692.0,294.5,622.0,311.0,643.0,315.0,703.0,255.0,697.0,228.0,761.0,357.0,722.0,364.0,765.0,321.0,753.0,346.0,754.0,347.0
20502.jpg,0.705,691.5,295.5,622.0,310.0,643.0,316.0,704.0,255.0,697.0,228.0,762.0,357.0,723.0,364.0,763.0,308.0,757.0,349.0,755.0,346.0
20508.jpg,0.705,690.5,295.0,621.0,310.0,643.0,315.0,703.0,255.0,697.0,227.0,759.0,357.0,722.0,362.0,762.0,307.0,754.0,347.0,754.0,346.0
20514.jpg,0.705,690.5,295.5,621.0,310.0,642.0,316.0,703.0,255.0,697.0,228.0,759.0,359.0,718.0,364.0,762.0,310.0,754.0,349.0,752.0,346.0
20520.jpg,0.705,690.5,296.0,621.0,311.0,641.0,315.0,703.0,255.0,697.0,227.0,759.0,358.0,718.0,365.0,763.0,322.0,754.0,350.0,752.0,347.0
20526.jpg,0.705,689.5,296.0,620.0,311.0,640.0,315.0,703.0,256.0,696.0,228.0,758.0,359.0,718.0,363.0,761.0,316.0,753.0,351.0,751.0,348.0
20532.jpg,0.7,689.0,296.5,620.0,311.0,641.0,317.0,702.0,257.0,696.0,228.0,759.0,359.0,718.0,365.0,761.0,325.0,754.0,355.0,750.0,348.0
20538.jpg,0.695,688.5,296.5,620.0,311.0,639.0,317.0,702.0,257.0,696.0,230.0,758.0,360.0,718.0,364.0,760.0,322.0,751.0,351.0,749.0,348.0
20544.jpg,0.685,687.5,297.5,619.0,312.0,639.0,316.0,702.0,256.0,695.0,229.0,756.0,360.0,709.0,364.0,758.0,321.0,749.0,354.0,746.0,347.0
20550.jpg,0.69,687.0,297.5,618.0,312.0,640.0,316.0,702.0,258.0,696.0,230.0,756.0,361.0,721.0,365.0,758.0,323.0,753.0,358.0,747.0,349.0
20556.jpg,0.69,686.0,298.5,617.0,312.0,639.0,316.0,702.0,258.0,695.0,231.0,755.0,362.0,714.0,366.0,757.0,325.0,748.0,352.0,746.0,350.0
20562.jpg,0.69,685.0,298.5,617.0,312.0,636.0,317.0,701.0,258.0,696.0,231.0,752.0,363.0,713.0,364.0,756.0,325.0,747.0,356.0,745.0,354.0
20568.jpg,0.675,683.5,298.5,617.0,313.0,637.0,317.0,700.0,257.0,695.0,232.0,749.0,364.0,714.0,366.0,755.0,331.0,745.0,356.0,743.0,354.0
20574.jpg,0.68,682.0,300.5,615.0,314.0,637.0,319.0,700.0,259.0,695.0,233.0,747.0,364.0,710.0,367.0,752.0,327.0,742.0,357.0,742.0,355.0
20580.jpg,0.685,680.5,301.5,615.0,313.0,635.0,319.0,699.0,260.0,695.0,234.0,746.0,367.0,716.0,368.0,750.0,335.0,741.0,359.0,739.0,356.0
20586.jpg,0.675,680.5,301.0,614.0,314.0,634.0,319.0,699.0,261.0,695.0,235.0,746.0,367.0,696.0,368.0,750.0,331.0,740.0,359.0,738.0,356.0
20592.jpg,0.68,680.0,301.0,613.0,313.0,633.0,319.0,700.0,261.0,694.0,234.0,745.0,367.0,709.0,370.0,750.0,333.0,740.0,359.0,738.0,357.0
20598.jpg,0.685,680.5,301.5,613.0,313.0,634.0,319.0,699.0,261.0,695.0,234.0,746.0,367.0,699.0,368.0,750.0,331.0,741.0,360.0,739.0,356.0
20604.jpg,0.68,680.0,302.0,613.0,312.0,633.0,319.0,700.0,259.0,694.0,234.0,746.0,367.0,708.0,370.0,750.0,335.0,741.0,360.0,738.0,356.0
20610.jpg,0.68,680.0,301.5,613.0,313.0,633.0,320.0,700.0,260.0,694.0,235.0,745.0,368.0,708.0,369.0,749.0,331.0,740.0,360.0,738.0,357.0
20616.jpg,0.68,680.0,301.5,613.0,313.0,633.0,320.0,700.0,260.0,694.0,236.0,744.0,369.0,708.0,370.0,750.0,335.0,740.0,360.0,738.0,358.0
20622.jpg,0.675,680.5,301.5,614.0,313.0,633.0,320.0,699.0,260.0,695.0,235.0,744.0,369.0,709.0,370.0,750.0,333.0,740.0,359.0,738.0,358.0
20628.jpg,0.675,680.5,301.5,614.0,313.0,633.0,318.0,700.0,260.0,695.0,235.0,744.0,369.0,711.0,370.0,749.0,330.0,740.0,359.0,738.0,358.0
20634.jpg,0.68,680.0,302.0,613.0,312.0,632.0,319.0,700.0,261.0,694.0,235.0,744.0,368.0,708.0,370.0,749.0,331.0,738.0,360.0,737.0,359.0
20640.jpg,0.68,680.0,301.5,613.0,313.0,633.0,320.0,700.0,261.0,694.0,235.0,744.0,368.0,706.0,369.0,749.0,331.0,738.0,360.0,737.0,358.0
20646.jpg,0.685,679.5,302.0,612.0,314.0,633.0,319.0,699.0,262.0,695.0,236.0,744.0,369.0,706.0,370.0,749.0,331.0,738.0,361.0,737.0,359.0
20652.jpg,0.68,679.0,301.5,612.0,313.0,632.0,320.0,700.0,261.0,695.0,236.0,741.0,368.0,707.0,370.0,748.0,335.0,737.0,360.0,736.0,358.0
20658.jpg,0.675,679.5,302.0,613.0,314.0,632.0,320.0,699.0,262.0,694.0,236.0,741.0,368.0,707.0,369.0,748.0,335.0,737.0,360.0,736.0,359.0
20664.jpg,0.685,679.5,302.5,612.0,313.0,634.0,318.0,699.0,261.0,694.0,235.0,742.0,369.0,709.0,371.0,749.0,336.0,738.0,361.0,737.0,360.0
20670.jpg,0.675,679.5,302.0,613.0,314.0,633.0,319.0,699.0,261.0,694.0,236.0,741.0,369.0,715.0,370.0,748.0,332.0,739.0,360.0,737.0,359.0
20676.jpg,0.685,679.5,302.0,612.0,313.0,633.0,319.0,699.0,260.0,694.0,235.0,742.0,369.0,717.0,370.0,749.0,333.0,738.0,361.0,737.0,359.0
20682.jpg,0.675,679.5,301.5,613.0,312.0,635.0,318.0,699.0,260.0,694.0,235.0,741.0,369.0,715.0,369.0,748.0,332.0,739.0,359.0,736.0,358.0
20688.jpg,0.675,679.5,301.5,613.0,313.0,633.0,320.0,699.0,262.0,694.0,235.0,743.0,369.0,712.0,369.0,748.0,330.0,737.0,359.0,736.0,358.0
20694.jpg,0.68,680.0,302.5,613.0,313.0,633.0,320.0,700.0,262.0,694.0,236.0,742.0,369.0,713.0,370.0,748.0,332.0,738.0,361.0,737.0,359.0
20700.jpg,0.675,678.5,302.0,612.0,314.0,634.0,319.0,699.0,262.0,694.0,236.0,740.0,368.0,711.0,369.0,748.0,336.0,738.0,360.0,736.0,359.0
20706.jpg,0.68,679.0,302.0,612.0,314.0,634.0,319.0,699.0,262.0,695.0,235.0,740.0,370.0,711.0,370.0,748.0,335.0,737.0,360.0,736.0,360.0
20712.jpg,0.685,679.5,302.0,612.0,313.0,634.0,319.0,699.0,262.0,694.0,235.0,742.0,369.0,710.0,370.0,749.0,334.0,738.0,361.0,737.0,359.0
20718.jpg,0.675,678.5,301.5,612.0,313.0,634.0,318.0,699.0,260.0,694.0,235.0,740.0,366.0,717.0,369.0,747.0,330.0,736.0,358.0,735.0,355.0
20724.jpg,0.67,677.0,301.5,611.0,314.0,632.0,320.0,698.0,262.0,694.0,236.0,738.0,368.0,693.0,369.0,745.0,334.0,734.0,360.0,733.0,359.0
20730.jpg,0.675,674.0,309.5,608.0,315.0,628.0,323.0,696.0,268.0,694.0,242.0,733.0,378.0,699.0,378.0,744.0,342.0,731.0,370.0,731.0,367.0
20736.jpg,0.66,669.0,313.5,604.0,316.0,626.0,324.0,695.0,271.0,692.0,246.0,727.0,383.0,684.0,379.0,737.0,347.0,724.0,374.0,724.0,371.0
20742.jpg,0.665,672.5,309.5,607.0,317.0,628.0,325.0,697.0,270.0,696.0,246.0,735.0,379.0,709.0,376.0,740.0,344.0,729.0,369.0,728.0,366.0
20748.jpg,0.67,677.0,309.5,611.0,317.0,630.0,326.0,702.0,271.0,696.0,244.0,740.0,377.0,687.0,375.0,745.0,343.0,733.0,367.0,730.0,366.0
20754.jpg,0.655,672.5,314.5,610.0,319.0,628.0,328.0,701.0,275.0,697.0,248.0,731.0,381.0,694.0,380.0,740.0,346.0,729.0,372.0,729.0,372.0
20760.jpg,0.665,668.5,317.5,603.0,319.0,623.0,326.0,697.0,276.0,693.0,249.0,727.0,385.0,689.0,384.0,736.0,355.0,723.0,376.0,723.0,376.0
20766.jpg,0.675,663.5,320.5,595.0,315.0,616.0,326.0,690.0,278.0,688.0,252.0,715.0,392.0,673.0,389.0,731.0,356.0,712.0,384.0,712.0,380.0
20772.jpg,0.67,664.0,319.0,597.0,316.0,617.0,325.0,691.0,276.0,690.0,251.0,717.0,391.0,681.0,388.0,731.0,357.0,715.0,383.0,712.0,378.0
20778.jpg,0.67,664.0,319.0,598.0,315.0,618.0,325.0,691.0,276.0,690.0,251.0,719.0,390.0,682.0,388.0,731.0,357.0,716.0,380.0,714.0,376.0
20784.jpg,0.67,664.0,318.0,598.0,315.0,619.0,326.0,691.0,276.0,690.0,250.0,720.0,389.0,681.0,386.0,732.0,352.0,717.0,379.0,715.0,377.0
20790.jpg,0.67,663.5,318.0,598.0,315.0,619.0,324.0,692.0,275.0,691.0,250.0,722.0,387.0,688.0,387.0,731.0,352.0,718.0,379.0,717.0,377.0
20796.jpg,0.67,665.0,318.0,598.0,315.0,619.0,324.0,692.0,275.0,691.0,250.0,720.0,386.0,682.0,386.0,733.0,356.0,718.0,378.0,717.0,377.0
20802.jpg,0.67,664.0,317.5,598.0,315.0,619.0,324.0,693.0,274.0,691.0,249.0,723.0,387.0,685.0,387.0,732.0,350.0,719.0,378.0,717.0,376.0
20808.jpg,0.675,664.5,316.5,598.0,314.0,620.0,324.0,692.0,277.0,691.0,248.0,721.0,386.0,680.0,385.0,733.0,355.0,720.0,377.0,717.0,376.0
20814.jpg,0.68,665.5,314.0,599.0,311.0,622.0,320.0,695.0,275.0,692.0,243.0,726.0,383.0,684.0,384.0,737.0,350.0,722.0,375.0,721.0,374.0
20820.jpg,0.68,669.5,313.0,603.0,312.0,626.0,321.0,696.0,270.0,693.0,242.0,730.0,382.0,688.0,382.0,741.0,349.0,728.0,373.0,726.0,373.0
20826.jpg,0.685,671.5,310.5,603.0,312.0,627.0,320.0,698.0,272.0,694.0,241.0,733.0,381.0,690.0,381.0,744.0,346.0,729.0,371.0,729.0,371.0
20832.jpg,0.72,674.0,304.5,603.0,306.0,627.0,316.0,695.0,265.0,692.0,234.0,736.0,376.0,693.0,379.0,747.0,339.0,733.0,366.0,730.0,365.0
20838.jpg,0.73,668.0,306.0,596.0,306.0,622.0,314.0,692.0,264.0,691.0,233.0,729.0,379.0,688.0,380.0,742.0,343.0,726.0,369.0,723.0,367.0
20844.jpg,0.69,647.0,322.0,582.0,308.0,606.0,319.0,681.0,276.0,683.0,250.0,705.0,397.0,663.0,396.0,724.0,361.0,703.0,389.0,702.0,387.0
20850.jpg,0.685,645.0,324.5,579.0,307.0,602.0,319.0,680.0,280.0,682.0,253.0,697.0,399.0,660.0,401.0,717.0,364.0,696.0,395.0,694.0,387.0
20856.jpg,0.675,643.5,322.5,577.0,303.0,601.0,316.0,678.0,278.0,680.0,252.0,696.0,399.0,657.0,397.0,712.0,371.0,692.0,391.0,691.0,384.0
20862.jpg,0.675,642.0,322.5,576.0,301.0,600.0,316.0,676.0,276.0,680.0,251.0,695.0,400.0,655.0,397.0,712.0,370.0,692.0,392.0,689.0,388.0
20868.jpg,0.67,641.0,322.5,575.0,300.0,599.0,314.0,675.0,277.0,679.0,252.0,692.0,401.0,654.0,397.0,712.0,366.0,689.0,390.0,688.0,389.0
20874.jpg,0.67,640.0,321.5,574.0,299.0,598.0,313.0,674.0,276.0,678.0,249.0,691.0,400.0,653.0,396.0,709.0,368.0,688.0,389.0,687.0,388.0
20880.jpg,0.665,638.0,321.5,573.0,299.0,596.0,314.0,673.0,277.0,677.0,251.0,689.0,399.0,648.0,397.0,708.0,369.0,685.0,389.0,683.0,389.0
20886.jpg,0.665,638.5,321.5,573.0,299.0,598.0,314.0,675.0,277.0,679.0,250.0,692.0,399.0,651.0,397.0,708.0,369.0,688.0,389.0,686.0,389.0
20892.jpg,0.66,640.0,322.0,575.0,300.0,599.0,314.0,676.0,277.0,679.0,251.0,693.0,399.0,651.0,397.0,709.0,368.0,689.0,389.0,689.0,390.0
20898.jpg,0.665,639.5,321.0,574.0,297.0,598.0,313.0,676.0,275.0,678.0,248.0,693.0,397.0,652.0,395.0,709.0,368.0,690.0,390.0,687.0,388.0
20904.jpg,0.665,640.0,322.5,575.0,300.0,598.0,315.0,676.0,277.0,679.0,250.0,693.0,400.0,654.0,396.0,710.0,370.0,689.0,390.0,688.0,390.0
20910.jpg,0.665,640.5,321.5,575.0,298.0,599.0,315.0,677.0,277.0,679.0,250.0,694.0,399.0,653.0,397.0,710.0,368.0,690.0,389.0,688.0,389.0
20916.jpg,0.665,639.5,321.5,574.0,298.0,599.0,314.0,677.0,277.0,678.0,249.0,693.0,399.0,654.0,397.0,709.0,369.0,689.0,389.0,687.0,389.0
20922.jpg,0.665,639.5,321.5,574.0,299.0,598.0,314.0,676.0,277.0,678.0,250.0,691.0,399.0,651.0,395.0,709.0,368.0,687.0,389.0,686.0,389.0
20928.jpg,0.665,640.5,321.5,575.0,299.0,599.0,314.0,677.0,277.0,679.0,250.0,695.0,399.0,653.0,397.0,710.0,371.0,691.0,390.0,690.0,390.0
20934.jpg,0.665,641.5,321.5,576.0,299.0,600.0,315.0,678.0,277.0,680.0,250.0,695.0,404.0,654.0,397.0,711.0,368.0,691.0,389.0,689.0,390.0
20940.jpg,0.67,641.5,321.0,576.0,299.0,599.0,313.0,677.0,276.0,679.0,249.0,695.0,399.0,656.0,395.0,711.0,367.0,691.0,388.0,690.0,389.0
20946.jpg,0.665,640.5,320.5,575.0,298.0,600.0,313.0,677.0,276.0,679.0,249.0,695.0,398.0,651.0,396.0,710.0,367.0,691.0,388.0,688.0,388.0
20952.jpg,0.665,641.5,320.5,576.0,300.0,600.0,314.0,678.0,276.0,680.0,249.0,695.0,403.0,656.0,396.0,710.0,368.0,691.0,389.0,689.0,389.0
20958.jpg,0.665,641.5,319.5,576.0,300.0,600.0,313.0,678.0,275.0,680.0,249.0,696.0,397.0,652.0,395.0,711.0,365.0,691.0,387.0,689.0,387.0
20964.jpg,0.66,641.0,320.0,576.0,299.0,601.0,313.0,677.0,276.0,681.0,249.0,697.0,402.0,651.0,393.0,710.0,368.0,692.0,387.0,690.0,386.0
20970.jpg,0.68,642.0,319.0,575.0,296.0,599.0,311.0,676.0,272.0,679.0,246.0,694.0,396.0,655.0,395.0,715.0,356.0,691.0,388.0,690.0,385.0
20976.jpg,0.67,645.0,320.5,579.0,299.0,604.0,315.0,679.0,276.0,681.0,248.0,700.0,399.0,662.0,395.0,714.0,366.0,695.0,387.0,693.0,388.0
20982.jpg,0.66,644.0,322.0,579.0,301.0,604.0,317.0,680.0,278.0,683.0,250.0,700.0,404.0,661.0,395.0,717.0,359.0,695.0,389.0,693.0,388.0
20988.jpg,0.665,645.0,320.5,580.0,301.0,605.0,316.0,680.0,276.0,683.0,249.0,701.0,398.0,659.0,396.0,714.0,366.0,696.0,388.0,693.0,388.0
20994.jpg,0.665,644.5,320.5,579.0,301.0,604.0,315.0,679.0,277.0,682.0,249.0,699.0,397.0,659.0,396.0,714.0,366.0,695.0,389.0,692.0,388.0
21000.jpg,0.665,645.5,320.5,580.0,301.0,605.0,316.0,680.0,276.0,683.0,249.0,702.0,403.0,662.0,396.0,714.0,365.0,696.0,388.0,693.0,388.0
21006.jpg,0.665,645.5,320.5,580.0,301.0,605.0,315.0,680.0,276.0,683.0,249.0,702.0,403.0,661.0,396.0,714.0,363.0,696.0,388.0,693.0,388.0
21012.jpg,0.67,645.5,320.0,580.0,300.0,605.0,315.0,679.0,275.0,682.0,249.0,700.0,398.0,662.0,394.0,716.0,359.0,695.0,388.0,694.0,387.0
21018.jpg,0.665,645.0,319.5,580.0,300.0,605.0,315.0,680.0,275.0,683.0,248.0,701.0,402.0,657.0,395.0,715.0,360.0,694.0,387.0,693.0,387.0
21024.jpg,0.67,645.0,319.5,579.0,300.0,604.0,315.0,679.0,275.0,683.0,247.0,698.0,398.0,659.0,395.0,714.0,363.0,695.0,387.0,693.0,387.0
21030.jpg,0.675,646.0,319.5,580.0,300.0,605.0,315.0,680.0,275.0,683.0,248.0,701.0,397.0,663.0,394.0,716.0,365.0,696.0,387.0,695.0,387.0
21036.jpg,0.67,645.5,320.0,580.0,300.0,605.0,315.0,681.0,275.0,682.0,248.0,700.0,398.0,657.0,393.0,715.0,360.0,695.0,387.0,694.0,387.0
21042.jpg,0.665,645.5,319.5,580.0,300.0,604.0,314.0,680.0,275.0,683.0,248.0,701.0,397.0,658.0,393.0,714.0,365.0,696.0,387.0,695.0,387.0
21048.jpg,0.66,645.0,320.0,580.0,301.0,605.0,316.0,680.0,276.0,682.0,249.0,699.0,397.0,659.0,395.0,714.0,360.0,695.0,387.0,694.0,387.0
21054.jpg,0.665,645.5,320.5,580.0,301.0,606.0,316.0,680.0,276.0,683.0,248.0,699.0,403.0,662.0,396.0,715.0,362.0,696.0,388.0,695.0,388.0
21060.jpg,0.665,645.5,319.5,580.0,300.0,605.0,315.0,680.0,276.0,683.0,248.0,700.0,397.0,658.0,395.0,715.0,364.0,696.0,388.0,693.0,387.0
21066.jpg,0.665,645.5,320.5,580.0,301.0,605.0,316.0,680.0,276.0,683.0,249.0,702.0,403.0,658.0,396.0,715.0,362.0,696.0,388.0,693.0,388.0
21072.jpg,0.665,645.5,320.5,580.0,301.0,605.0,316.0,680.0,276.0,683.0,249.0,700.0,398.0,661.0,394.0,714.0,366.0,697.0,388.0,695.0,388.0
21078.jpg,0.665,645.5,320.5,580.0,301.0,604.0,315.0,680.0,276.0,683.0,249.0,700.0,398.0,658.0,394.0,714.0,366.0,696.0,388.0,695.0,388.0
21084.jpg,0.67,646.0,320.5,580.0,299.0,604.0,314.0,680.0,276.0,682.0,248.0,699.0,399.0,659.0,394.0,714.0,366.0,697.0,388.0,694.0,387.0
21090.jpg,0.67,646.0,321.5,580.0,300.0,604.0,315.0,680.0,276.0,682.0,249.0,699.0,400.0,659.0,395.0,714.0,367.0,697.0,389.0,694.0,388.0
21096.jpg,0.67,645.5,322.0,580.0,302.0,605.0,315.0,681.0,277.0,683.0,250.0,700.0,400.0,660.0,394.0,715.0,361.0,698.0,391.0,695.0,390.0
21102.jpg,0.665,645.5,322.0,580.0,301.0,604.0,315.0,680.0,276.0,683.0,249.0,701.0,400.0,660.0,393.0,714.0,361.0,697.0,389.0,695.0,388.0
21108.jpg,0.66,645.0,322.0,580.0,303.0,605.0,317.0,681.0,279.0,682.0,251.0,699.0,399.0,659.0,395.0,714.0,361.0,696.0,390.0,694.0,389.0
21114.jpg,0.66,645.0,323.0,580.0,304.0,605.0,316.0,681.0,279.0,684.0,251.0,701.0,405.0,658.0,395.0,714.0,362.0,695.0,391.0,693.0,390.0
21120.jpg,0.665,645.0,323.5,580.0,304.0,605.0,318.0,680.0,279.0,683.0,252.0,699.0,401.0,655.0,393.0,714.0,361.0,696.0,392.0,693.0,391.0
21126.jpg,0.655,644.5,323.5,582.0,304.0,605.0,317.0,681.0,280.0,683.0,252.0,701.0,400.0,652.0,391.0,713.0,360.0,696.0,391.0,693.0,390.0
21132.jpg,0.655,644.5,323.5,580.0,303.0,605.0,317.0,680.0,280.0,683.0,253.0,699.0,403.0,652.0,391.0,712.0,363.0,696.0,391.0,693.0,390.0
21138.jpg,0.655,643.5,323.5,581.0,304.0,604.0,318.0,680.0,280.0,683.0,253.0,699.0,405.0,651.0,392.0,712.0,366.0,696.0,392.0,692.0,390.0
21144.jpg,0.655,643.5,323.5,581.0,303.0,605.0,318.0,680.0,280.0,683.0,252.0,700.0,400.0,652.0,392.0,711.0,368.0,696.0,392.0,692.0,390.0
21150.jpg,0.66,644.0,323.5,581.0,303.0,604.0,317.0,681.0,280.0,683.0,252.0,698.0,401.0,650.0,390.0,712.0,363.0,694.0,390.0,693.0,389.0
21156.jpg,0.655,643.5,323.5,581.0,304.0,604.0,318.0,680.0,280.0,683.0,253.0,699.0,405.0,651.0,391.0,712.0,368.0,695.0,391.0,692.0,390.0
21162.jpg,0.66,644.0,324.0,581.0,303.0,604.0,319.0,681.0,279.0,683.0,253.0,700.0,406.0,650.0,391.0,712.0,366.0,695.0,392.0,693.0,391.0
21168.jpg,0.66,644.0,324.0,581.0,305.0,604.0,317.0,680.0,279.0,683.0,253.0,699.0,401.0,653.0,392.0,712.0,366.0,697.0,393.0,693.0,391.0
21174.jpg,0.655,643.5,323.5,581.0,303.0,604.0,318.0,680.0,279.0,682.0,253.0,699.0,405.0,651.0,391.0,712.0,366.0,693.0,390.0,692.0,390.0
21180.jpg,0.655,644.0,323.5,580.0,303.0,604.0,318.0,680.0,279.0,682.0,253.0,700.0,405.0,650.0,391.0,712.0,368.0,694.0,392.0,692.0,391.0
21186.jpg,0.66,644.0,324.0,581.0,303.0,604.0,317.0,680.0,279.0,683.0,253.0,700.0,406.0,652.0,392.0,712.0,368.0,695.0,392.0,693.0,391.0
21192.jpg,0.66,644.5,324.0,580.0,305.0,603.0,317.0,679.0,279.0,682.0,253.0,698.0,401.0,656.0,393.0,713.0,366.0,695.0,392.0,692.0,391.0
21198.jpg,0.655,643.5,323.5,581.0,304.0,604.0,318.0,680.0,280.0,682.0,253.0,699.0,405.0,652.0,392.0,711.0,367.0,693.0,391.0,692.0,390.0
21204.jpg,0.655,643.5,323.5,581.0,304.0,604.0,318.0,680.0,280.0,683.0,253.0,699.0,405.0,652.0,392.0,711.0,369.0,693.0,391.0,691.0,390.0
21210.jpg,0.66,644.0,324.0,579.0,303.0,604.0,319.0,680.0,279.0,683.0,253.0,700.0,406.0,653.0,393.0,712.0,369.0,694.0,391.0,693.0,391.0
21216.jpg,0.655,644.0,324.5,580.0,304.0,604.0,318.0,680.0,278.0,682.0,253.0,700.0,406.0,654.0,392.0,712.0,364.0,694.0,392.0,692.0,391.0
21222.jpg,0.655,643.5,324.5,581.0,304.0,604.0,318.0,680.0,280.0,682.0,253.0,699.0,406.0,652.0,392.0,711.0,367.0,695.0,392.0,692.0,391.0
21228.jpg,0.655,643.5,324.5,581.0,304.0,604.0,318.0,680.0,280.0,682.0,254.0,699.0,406.0,655.0,393.0,711.0,367.0,695.0,391.0,692.0,391.0
21234.jpg,0.66,644.0,324.5,581.0,304.0,603.0,318.0,680.0,278.0,683.0,252.0,698.0,402.0,657.0,394.0,713.0,362.0,695.0,391.0,693.0,391.0
21240.jpg,0.655,643.5,323.5,581.0,303.0,602.0,318.0,680.0,279.0,683.0,253.0,697.0,400.0,652.0,392.0,711.0,368.0,695.0,391.0,692.0,390.0
21246.jpg,0.65,644.0,324.0,579.0,304.0,603.0,318.0,679.0,278.0,682.0,253.0,697.0,404.0,657.0,396.0,711.0,364.0,692.0,390.0,692.0,391.0
21252.jpg,0.65,644.0,324.0,579.0,304.0,603.0,318.0,679.0,278.0,682.0,253.0,697.0,404.0,658.0,396.0,711.0,364.0,695.0,391.0,692.0,391.0
21258.jpg,0.65,643.5,324.0,580.0,304.0,604.0,318.0,680.0,278.0,681.0,253.0,696.0,404.0,655.0,395.0,711.0,367.0,693.0,392.0,692.0,391.0
21264.jpg,0.655,643.5,324.0,581.0,303.0,604.0,317.0,680.0,278.0,683.0,252.0,696.0,405.0,651.0,393.0,712.0,362.0,693.0,390.0,692.0,390.0
21270.jpg,0.65,644.0,324.0,580.0,304.0,605.0,318.0,681.0,278.0,682.0,252.0,699.0,404.0,658.0,396.0,712.0,363.0,695.0,390.0,692.0,390.0
21276.jpg,0.655,645.5,322.5,581.0,304.0,604.0,319.0,681.0,279.0,684.0,253.0,698.0,398.0,659.0,395.0,713.0,366.0,694.0,389.0,693.0,389.0
21282.jpg,0.66,645.5,323.0,581.0,305.0,605.0,319.0,680.0,278.0,683.0,252.0,699.0,400.0,660.0,395.0,714.0,363.0,696.0,390.0,694.0,389.0
21288.jpg,0.66,645.5,324.0,581.0,305.0,605.0,319.0,681.0,277.0,683.0,253.0,699.0,401.0,651.0,391.0,714.0,363.0,694.0,391.0,693.0,390.0
21294.jpg,0.66,645.0,324.5,582.0,304.0,606.0,319.0,682.0,278.0,684.0,252.0,700.0,402.0,658.0,394.0,714.0,362.0,696.0,391.0,695.0,391.0
21300.jpg,0.655,645.5,324.5,581.0,304.0,606.0,319.0,681.0,280.0,684.0,254.0,701.0,406.0,659.0,395.0,714.0,361.0,697.0,391.0,694.0,391.0
21306.jpg,0.655,645.5,324.5,581.0,304.0,606.0,319.0,681.0,280.0,684.0,253.0,701.0,406.0,658.0,393.0,714.0,361.0,695.0,391.0,694.0,391.0
21312.jpg,0.655,645.5,324.5,581.0,304.0,606.0,319.0,681.0,280.0,684.0,253.0,700.0,401.0,656.0,392.0,714.0,363.0,697.0,391.0,695.0,391.0
21318.jpg,0.66,645.5,324.0,581.0,305.0,605.0,319.0,680.0,279.0,683.0,253.0,699.0,406.0,662.0,396.0,714.0,364.0,696.0,391.0,694.0,391.0
21324.jpg,0.66,646.0,324.0,583.0,305.0,606.0,319.0,681.0,279.0,683.0,253.0,699.0,406.0,656.0,392.0,714.0,364.0,696.0,391.0,695.0,391.0
21330.jpg,0.66,646.0,324.0,581.0,305.0,605.0,319.0,682.0,279.0,683.0,253.0,699.0,406.0,657.0,393.0,714.0,363.0,696.0,391.0,695.0,391.0
21336.jpg,0.66,646.0,324.0,581.0,305.0,606.0,319.0,682.0,279.0,683.0,253.0,699.0,406.0,656.0,393.0,714.0,363.0,696.0,391.0,695.0,390.0
21342.jpg,0.66,646.0,325.0,581.0,304.0,605.0,318.0,682.0,278.0,683.0,253.0,700.0,402.0,657.0,394.0,714.0,362.0,696.0,392.0,695.0,391.0
21348.jpg,0.665,645.5,324.5,582.0,305.0,605.0,319.0,682.0,278.0,684.0,253.0,700.0,402.0,660.0,394.0,714.0,362.0,696.0,392.0,695.0,391.0
21354.jpg,0.66,645.5,324.0,581.0,305.0,605.0,319.0,680.0,279.0,683.0,253.0,699.0,406.0,660.0,393.0,714.0,363.0,694.0,391.0,693.0,390.0
21360.jpg,0.66,645.5,324.0,581.0,305.0,605.0,319.0,681.0,279.0,683.0,253.0,699.0,401.0,660.0,393.0,714.0,361.0,696.0,391.0,694.0,390.0
21366.jpg,0.665,645.5,325.0,582.0,304.0,605.0,318.0,682.0,278.0,684.0,252.0,700.0,401.0,653.0,391.0,715.0,361.0,696.0,392.0,695.0,391.0
21372.jpg,0.665,646.0,324.5,581.0,305.0,606.0,319.0,681.0,279.0,684.0,253.0,700.0,402.0,659.0,393.0,715.0,362.0,697.0,392.0,695.0,391.0
21378.jpg,0.665,646.0,324.5,582.0,305.0,606.0,319.0,681.0,278.0,684.0,253.0,700.0,402.0,660.0,394.0,713.0,363.0,697.0,392.0,695.0,391.0
21384.jpg,0.66,646.0,324.0,581.0,305.0,606.0,319.0,682.0,279.0,683.0,253.0,700.0,401.0,656.0,392.0,714.0,361.0,695.0,391.0,694.0,390.0
21390.jpg,0.655,645.5,324.5,581.0,304.0,606.0,319.0,682.0,280.0,684.0,254.0,698.0,406.0,656.0,393.0,713.0,360.0,695.0,391.0,694.0,390.0
21396.jpg,0.665,645.5,324.5,582.0,305.0,605.0,319.0,682.0,279.0,684.0,253.0,700.0,402.0,662.0,397.0,714.0,362.0,697.0,392.0,695.0,389.0
21402.jpg,0.66,646.0,325.0,581.0,304.0,606.0,320.0,682.0,278.0,683.0,254.0,700.0,402.0,661.0,396.0,713.0,364.0,696.0,392.0,695.0,391.0
21408.jpg,0.66,645.5,325.0,582.0,304.0,605.0,320.0,681.0,278.0,683.0,254.0,699.0,402.0,658.0,393.0,714.0,364.0,694.0,392.0,693.0,391.0
21414.jpg,0.665,646.0,325.5,582.0,306.0,607.0,320.0,681.0,279.0,684.0,254.0,700.0,402.0,661.0,394.0,713.0,364.0,697.0,393.0,695.0,392.0
21420.jpg,0.66,646.0,325.0,583.0,306.0,606.0,320.0,682.0,278.0,683.0,254.0,701.0,402.0,663.0,396.0,713.0,364.0,696.0,392.0,695.0,391.0
21426.jpg,0.66,646.0,325.0,583.0,306.0,606.0,320.0,682.0,278.0,683.0,254.0,701.0,402.0,663.0,394.0,714.0,362.0,699.0,393.0,695.0,391.0
21432.jpg,0.655,645.5,324.5,583.0,305.0,606.0,319.0,681.0,280.0,684.0,253.0,700.0,401.0,658.0,393.0,713.0,363.0,697.0,391.0,694.0,390.0
21438.jpg,0.66,645.5,325.0,582.0,306.0,605.0,320.0,681.0,280.0,684.0,254.0,699.0,402.0,658.0,394.0,714.0,367.0,696.0,392.0,694.0,391.0
21444.jpg,0.65,646.0,325.0,582.0,305.0,605.0,319.0,681.0,278.0,684.0,253.0,700.0,401.0,660.0,393.0,714.0,363.0,698.0,392.0,695.0,390.0
21450.jpg,0.66,645.5,325.0,582.0,306.0,605.0,320.0,681.0,278.0,684.0,254.0,699.0,401.0,660.0,393.0,714.0,362.0,697.0,392.0,693.0,384.0
21456.jpg,0.655,645.5,324.0,583.0,306.0,606.0,319.0,682.0,278.0,684.0,253.0,699.0,399.0,657.0,393.0,713.0,361.0,695.0,390.0,694.0,389.0
21462.jpg,0.655,645.5,324.5,583.0,306.0,606.0,319.0,682.0,278.0,684.0,254.0,701.0,406.0,658.0,393.0,713.0,359.0,695.0,391.0,694.0,390.0
21468.jpg,0.66,645.5,325.0,581.0,306.0,605.0,320.0,681.0,278.0,683.0,254.0,699.0,402.0,652.0,392.0,714.0,361.0,696.0,392.0,694.0,391.0
21474.jpg,0.655,645.5,324.5,583.0,306.0,607.0,319.0,682.0,278.0,684.0,254.0,701.0,406.0,652.0,391.0,713.0,367.0,695.0,391.0,694.0,390.0
21480.jpg,0.655,645.5,325.5,583.0,306.0,606.0,319.0,682.0,279.0,684.0,254.0,700.0,402.0,658.0,393.0,713.0,368.0,697.0,392.0,694.0,391.0
21486.jpg,0.655,646.5,325.5,582.0,307.0,607.0,320.0,682.0,279.0,683.0,255.0,699.0,407.0,657.0,393.0,713.0,368.0,696.0,392.0,695.0,391.0
21492.jpg,0.655,645.5,325.5,583.0,306.0,606.0,320.0,682.0,279.0,684.0,255.0,701.0,407.0,656.0,392.0,712.0,368.0,695.0,392.0,694.0,391.0
21498.jpg,0.655,645.5,325.0,583.0,306.0,606.0,320.0,682.0,279.0,684.0,254.0,699.0,402.0,654.0,391.0,713.0,361.0,695.0,391.0,694.0,390.0
21504.jpg,0.655,645.5,325.5,583.0,306.0,606.0,320.0,682.0,279.0,684.0,255.0,700.0,402.0,654.0,392.0,713.0,362.0,695.0,392.0,694.0,391.0
21510.jpg,0.655,645.5,325.5,581.0,306.0,606.0,320.0,682.0,279.0,684.0,255.0,699.0,402.0,659.0,394.0,713.0,364.0,695.0,392.0,694.0,391.0
21516.jpg,0.655,645.5,325.5,583.0,306.0,606.0,320.0,682.0,279.0,684.0,255.0,700.0,402.0,659.0,394.0,712.0,364.0,695.0,392.0,694.0,391.0
21522.jpg,0.655,645.5,325.5,583.0,306.0,606.0,320.0,682.0,279.0,684.0,255.0,700.0,402.0,658.0,393.0,712.0,364.0,695.0,392.0,694.0,391.0
21528.jpg,0.665,645.5,327.5,580.0,310.0,604.0,321.0,682.0,281.0,684.0,257.0,702.0,403.0,658.0,394.0,713.0,364.0,696.0,395.0,692.0,386.0
21534.jpg,0.635,646.0,335.5,584.0,318.0,601.0,329.0,684.0,288.0,686.0,267.0,698.0,409.0,653.0,397.0,709.0,370.0,693.0,401.0,689.0,392.0
21540.jpg,0.58,649.0,332.0,592.0,319.0,607.0,332.0,692.0,290.0,691.0,271.0,698.0,399.0,655.0,389.0,709.0,363.0,697.0,394.0,691.0,384.0
21546.jpg,0.545,634.5,335.5,581.0,318.0,597.0,333.0,681.0,299.0,683.0,280.0,673.0,397.0,638.0,385.0,688.0,367.0,672.0,395.0,665.0,383.0
21552.jpg,0.545,612.0,353.5,558.0,315.0,568.0,335.0,658.0,319.0,664.0,300.0,627.0,407.0,603.0,391.0,644.0,385.0,627.0,406.0,627.0,403.0
21558.jpg,0.53,604.5,361.0,553.0,319.0,563.0,339.0,651.0,326.0,657.0,307.0,614.0,414.0,593.0,397.0,636.0,390.0,614.0,413.0,614.0,412.0
21564.jpg,0.54,603.5,366.0,552.0,322.0,563.0,342.0,650.0,330.0,657.0,310.0,611.0,421.0,581.0,398.0,634.0,396.0,612.0,419.0,611.0,414.0
21570.jpg,0.53,597.0,372.0,544.0,318.0,556.0,342.0,641.0,337.0,651.0,316.0,597.0,431.0,568.0,407.0,618.0,413.0,596.0,428.0,595.0,427.0
21576.jpg,0.54,593.5,374.0,541.0,318.0,552.0,342.0,638.0,339.0,647.0,319.0,591.0,433.0,565.0,412.0,614.0,416.0,590.0,433.0,590.0,431.0
21582.jpg,0.535,596.5,373.5,542.0,319.0,554.0,343.0,641.0,338.0,651.0,317.0,599.0,434.0,561.0,405.0,619.0,415.0,598.0,432.0,596.0,432.0
21588.jpg,0.53,600.0,367.0,546.0,315.0,558.0,337.0,644.0,330.0,653.0,310.0,603.0,423.0,572.0,400.0,625.0,404.0,603.0,423.0,604.0,414.0
21594.jpg,0.535,599.5,361.0,546.0,314.0,558.0,335.0,644.0,328.0,653.0,307.0,604.0,415.0,578.0,400.0,628.0,395.0,604.0,414.0,603.0,413.0
21600.jpg,0.53,600.0,361.0,547.0,314.0,559.0,335.0,646.0,327.0,653.0,307.0,605.0,415.0,580.0,401.0,628.0,394.0,605.0,414.0,604.0,416.0
21606.jpg,0.53,600.0,361.0,547.0,314.0,559.0,335.0,644.0,327.0,653.0,306.0,605.0,414.0,580.0,400.0,628.0,394.0,605.0,414.0,605.0,413.0
21612.jpg,0.53,600.0,360.0,548.0,313.0,559.0,335.0,646.0,326.0,654.0,305.0,606.0,414.0,580.0,399.0,629.0,393.0,605.0,414.0,605.0,415.0
21618.jpg,0.53,600.0,360.0,547.0,313.0,559.0,335.0,646.0,326.0,653.0,305.0,605.0,414.0,580.0,398.0,629.0,392.0,605.0,414.0,605.0,412.0
21624.jpg,0.53,599.5,359.0,548.0,313.0,559.0,334.0,645.0,326.0,652.0,305.0,606.0,413.0,581.0,398.0,630.0,391.0,607.0,413.0,607.0,412.0
21630.jpg,0.53,600.0,359.0,547.0,313.0,559.0,334.0,646.0,326.0,653.0,305.0,606.0,413.0,581.0,399.0,630.0,391.0,607.0,413.0,606.0,411.0
21636.jpg,0.53,600.0,359.0,547.0,313.0,559.0,334.0,646.0,326.0,653.0,305.0,607.0,413.0,581.0,399.0,628.0,393.0,607.0,412.0,607.0,411.0
21642.jpg,0.535,599.5,359.5,547.0,312.0,559.0,334.0,645.0,326.0,654.0,305.0,607.0,414.0,582.0,400.0,629.0,393.0,607.0,413.0,607.0,412.0
21648.jpg,0.54,600.0,359.5,548.0,314.0,560.0,335.0,645.0,326.0,654.0,305.0,607.0,414.0,584.0,400.0,632.0,391.0,607.0,414.0,607.0,412.0
21654.jpg,0.535,600.5,359.5,548.0,315.0,560.0,335.0,646.0,326.0,654.0,304.0,608.0,415.0,582.0,399.0,633.0,391.0,608.0,415.0,608.0,416.0
21660.jpg,0.55,603.5,359.0,550.0,315.0,564.0,336.0,652.0,325.0,658.0,304.0,617.0,415.0,592.0,402.0,636.0,395.0,617.0,415.0,616.0,407.0
21666.jpg,0.54,616.0,351.5,564.0,320.0,578.0,338.0,664.0,317.0,669.0,295.0,640.0,408.0,614.0,397.0,661.0,381.0,641.0,407.0,639.0,398.0
21672.jpg,0.525,625.5,346.5,573.0,320.0,588.0,337.0,672.0,313.0,677.0,290.0,654.0,406.0,619.0,392.0,673.0,376.0,653.0,403.0,652.0,393.0
21678.jpg,0.535,623.0,345.5,571.0,318.0,586.0,337.0,670.0,312.0,674.0,289.0,650.0,403.0,618.0,390.0,669.0,375.0,649.0,403.0,648.0,391.0
21684.jpg,0.54,621.0,346.5,569.0,317.0,585.0,337.0,669.0,313.0,674.0,291.0,648.0,404.0,617.0,391.0,667.0,376.0,648.0,403.0,647.0,403.0
21690.jpg,0.54,620.0,347.0,569.0,317.0,584.0,336.0,668.0,313.0,673.0,291.0,647.0,404.0,616.0,391.0,665.0,378.0,646.0,404.0,644.0,393.0
21696.jpg,0.545,619.5,347.5,568.0,318.0,583.0,336.0,667.0,313.0,671.0,290.0,645.0,404.0,616.0,391.0,665.0,376.0,646.0,403.0,644.0,394.0
21702.jpg,0.545,619.5,346.5,568.0,317.0,583.0,336.0,666.0,313.0,671.0,290.0,645.0,404.0,615.0,391.0,664.0,377.0,646.0,403.0,643.0,393.0
21708.jpg,0.545,619.5,346.5,567.0,317.0,583.0,336.0,666.0,313.0,671.0,290.0,645.0,404.0,615.0,391.0,665.0,376.0,645.0,402.0,644.0,394.0
21714.jpg,0.55,619.5,347.0,568.0,317.0,583.0,336.0,667.0,314.0,671.0,290.0,645.0,404.0,617.0,392.0,665.0,377.0,646.0,403.0,643.0,394.0
21720.jpg,0.545,619.5,347.5,568.0,317.0,583.0,337.0,666.0,313.0,672.0,291.0,645.0,404.0,618.0,392.0,665.0,376.0,646.0,401.0,645.0,395.0
21726.jpg,0.54,619.0,347.0,568.0,317.0,583.0,336.0,666.0,314.0,672.0,291.0,646.0,404.0,619.0,392.0,664.0,378.0,645.0,403.0,646.0,394.0
21732.jpg,0.54,619.0,347.0,568.0,317.0,583.0,336.0,666.0,314.0,672.0,291.0,645.0,404.0,619.0,392.0,665.0,377.0,646.0,402.0,645.0,393.0
21738.jpg,0.545,618.5,346.5,567.0,317.0,582.0,336.0,665.0,313.0,671.0,290.0,644.0,403.0,617.0,391.0,664.0,375.0,646.0,402.0,642.0,393.0
21744.jpg,0.545,618.5,346.5,567.0,317.0,582.0,336.0,665.0,313.0,671.0,291.0,646.0,402.0,617.0,391.0,665.0,373.0,645.0,401.0,644.0,394.0
21750.jpg,0.545,618.5,346.5,567.0,317.0,582.0,336.0,665.0,313.0,671.0,290.0,645.0,403.0,620.0,392.0,664.0,375.0,645.0,404.0,642.0,393.0
21756.jpg,0.545,618.0,346.5,567.0,318.0,582.0,337.0,666.0,313.0,670.0,290.0,645.0,403.0,619.0,392.0,665.0,375.0,645.0,404.0,644.0,393.0
21762.jpg,0.545,618.0,346.5,567.0,318.0,582.0,337.0,666.0,313.0,670.0,291.0,645.0,403.0,617.0,391.0,665.0,375.0,645.0,403.0,642.0,393.0
21768.jpg,0.54,618.0,347.0,567.0,317.0,582.0,336.0,666.0,313.0,671.0,291.0,645.0,404.0,620.0,392.0,665.0,375.0,644.0,405.0,643.0,393.0
21774.jpg,0.545,618.0,346.5,567.0,317.0,582.0,336.0,666.0,313.0,670.0,290.0,644.0,403.0,618.0,391.0,664.0,376.0,645.0,403.0,641.0,393.0
21780.jpg,0.54,618.0,347.0,567.0,317.0,582.0,336.0,666.0,314.0,671.0,291.0,644.0,404.0,616.0,391.0,663.0,378.0,644.0,404.0,642.0,393.0
21786.jpg,0.545,618.0,346.5,567.0,317.0,583.0,336.0,666.0,313.0,670.0,290.0,645.0,403.0,620.0,392.0,664.0,376.0,645.0,403.0,642.0,393.0
21792.jpg,0.545,618.5,346.5,567.0,317.0,582.0,336.0,665.0,313.0,670.0,290.0,644.0,403.0,616.0,390.0,664.0,375.0,644.0,404.0,642.0,393.0
21798.jpg,0.545,618.0,346.5,567.0,318.0,582.0,336.0,666.0,313.0,670.0,291.0,645.0,403.0,617.0,391.0,664.0,376.0,645.0,403.0,641.0,393.0
21804.jpg,0.545,617.5,346.5,566.0,317.0,581.0,336.0,665.0,313.0,670.0,291.0,643.0,404.0,619.0,392.0,663.0,376.0,644.0,403.0,641.0,394.0
21810.jpg,0.55,617.5,347.0,566.0,317.0,581.0,336.0,666.0,313.0,670.0,291.0,643.0,404.0,614.0,390.0,664.0,376.0,643.0,402.0,641.0,394.0
21816.jpg,0.545,617.5,346.5,566.0,317.0,581.0,336.0,665.0,313.0,670.0,291.0,643.0,404.0,616.0,391.0,663.0,375.0,643.0,403.0,641.0,393.0
21822.jpg,0.545,617.5,347.0,566.0,316.0,581.0,336.0,665.0,313.0,670.0,291.0,643.0,403.0,616.0,392.0,663.0,376.0,644.0,401.0,641.0,394.0
21828.jpg,0.545,617.5,346.5,566.0,317.0,581.0,336.0,665.0,313.0,670.0,291.0,644.0,403.0,615.0,391.0,663.0,375.0,644.0,402.0,642.0,394.0
21834.jpg,0.545,617.5,347.0,566.0,316.0,581.0,336.0,665.0,313.0,670.0,291.0,643.0,404.0,615.0,391.0,662.0,378.0,643.0,402.0,641.0,394.0
21840.jpg,0.545,617.5,346.5,566.0,317.0,581.0,336.0,665.0,313.0,670.0,291.0,644.0,403.0,616.0,391.0,663.0,375.0,644.0,403.0,641.0,393.0
21846.jpg,0.545,617.5,346.5,566.0,317.0,581.0,336.0,665.0,313.0,670.0,291.0,645.0,402.0,615.0,390.0,663.0,375.0,644.0,401.0,641.0,393.0
21852.jpg,0.545,617.5,346.5,566.0,317.0,581.0,336.0,665.0,313.0,670.0,291.0,644.0,402.0,615.0,390.0,663.0,375.0,644.0,402.0,641.0,393.0
21858.jpg,0.545,617.5,346.5,566.0,317.0,581.0,336.0,664.0,313.0,670.0,291.0,644.0,402.0,611.0,387.0,663.0,375.0,644.0,401.0,641.0,393.0
21864.jpg,0.545,617.5,347.5,567.0,317.0,580.0,336.0,665.0,313.0,670.0,291.0,645.0,403.0,615.0,391.0,662.0,377.0,645.0,403.0,643.0,394.0
21870.jpg,0.54,618.0,347.0,566.0,317.0,581.0,336.0,665.0,314.0,671.0,291.0,644.0,404.0,615.0,391.0,663.0,377.0,643.0,405.0,643.0,405.0
21876.jpg,0.54,618.0,347.0,566.0,317.0,581.0,336.0,665.0,313.0,671.0,291.0,644.0,404.0,615.0,391.0,663.0,377.0,644.0,404.0,642.0,393.0
21882.jpg,0.545,618.0,346.5,566.0,317.0,581.0,336.0,665.0,313.0,670.0,291.0,644.0,403.0,616.0,390.0,664.0,375.0,645.0,403.0,642.0,394.0
21888.jpg,0.54,618.0,347.0,566.0,316.0,581.0,336.0,665.0,313.0,671.0,291.0,643.0,404.0,616.0,391.0,664.0,377.0,644.0,404.0,643.0,405.0
21894.jpg,0.545,617.5,346.5,566.0,316.0,580.0,336.0,664.0,313.0,670.0,290.0,643.0,403.0,615.0,390.0,663.0,375.0,644.0,403.0,642.0,394.0
21900.jpg,0.545,617.5,347.0,566.0,316.0,580.0,336.0,665.0,313.0,670.0,291.0,643.0,403.0,614.0,390.0,662.0,377.0,644.0,403.0,642.0,395.0
21906.jpg,0.545,617.5,347.0,566.0,316.0,580.0,336.0,665.0,313.0,670.0,291.0,642.0,403.0,613.0,388.0,662.0,377.0,644.0,402.0,642.0,394.0
21912.jpg,0.545,617.5,346.5,565.0,317.0,580.0,336.0,665.0,313.0,670.0,291.0,642.0,403.0,613.0,388.0,662.0,376.0,644.0,401.0,642.0,394.0
21918.jpg,0.545,617.5,346.5,565.0,316.0,580.0,336.0,665.0,313.0,670.0,290.0,643.0,403.0,613.0,388.0,663.0,375.0,644.0,402.0,641.0,393.0
21924.jpg,0.545,617.5,346.5,565.0,316.0,580.0,336.0,665.0,313.0,670.0,291.0,644.0,402.0,613.0,388.0,663.0,375.0,644.0,401.0,643.0,394.0
21930.jpg,0.545,617.5,346.5,565.0,316.0,580.0,336.0,665.0,313.0,670.0,291.0,643.0,403.0,613.0,388.0,663.0,375.0,644.0,401.0,642.0,393.0
21936.jpg,0.545,617.5,346.5,566.0,316.0,580.0,336.0,665.0,313.0,670.0,291.0,643.0,403.0,611.0,387.0,663.0,375.0,643.0,403.0,642.0,393.0
21942.jpg,0.545,617.5,346.5,566.0,317.0,580.0,336.0,664.0,313.0,670.0,291.0,643.0,403.0,611.0,386.0,663.0,375.0,644.0,400.0,642.0,393.0
21948.jpg,0.545,617.5,346.5,566.0,317.0,580.0,336.0,665.0,312.0,670.0,291.0,644.0,402.0,612.0,388.0,663.0,375.0,644.0,402.0,642.0,393.0
21954.jpg,0.545,617.5,346.5,566.0,317.0,580.0,336.0,665.0,313.0,670.0,291.0,644.0,403.0,613.0,388.0,663.0,375.0,644.0,403.0,643.0,393.0
21960.jpg,0.545,617.5,346.5,566.0,317.0,580.0,336.0,665.0,312.0,670.0,291.0,644.0,402.0,613.0,388.0,663.0,375.0,645.0,402.0,643.0,393.0
21966.jpg,0.545,618.5,346.5,566.0,317.0,581.0,336.0,665.0,313.0,671.0,291.0,645.0,403.0,616.0,391.0,663.0,376.0,645.0,403.0,644.0,393.0
21972.jpg,0.55,622.0,347.0,569.0,320.0,584.0,337.0,670.0,313.0,675.0,291.0,654.0,407.0,612.0,388.0,672.0,375.0,652.0,406.0,651.0,395.0
21978.jpg,0.55,625.0,348.0,571.0,322.0,587.0,340.0,673.0,314.0,677.0,291.0,660.0,412.0,622.0,397.0,679.0,382.0,659.0,409.0,657.0,404.0
21984.jpg,0.56,620.0,353.0,569.0,321.0,583.0,340.0,668.0,317.0,674.0,294.0,651.0,414.0,625.0,403.0,670.0,384.0,648.0,413.0,649.0,402.0
21990.jpg,0.55,619.0,352.0,567.0,321.0,581.0,339.0,666.0,317.0,672.0,294.0,647.0,411.0,622.0,399.0,667.0,381.0,647.0,410.0,647.0,400.0
21996.jpg,0.55,620.0,349.0,568.0,320.0,583.0,338.0,668.0,315.0,673.0,291.0,652.0,408.0,625.0,397.0,668.0,380.0,650.0,407.0,649.0,398.0
22002.jpg,0.545,619.5,348.5,569.0,320.0,583.0,338.0,667.0,314.0,672.0,291.0,650.0,406.0,614.0,391.0,667.0,378.0,648.0,406.0,648.0,396.0
22008.jpg,0.55,619.0,348.0,568.0,319.0,584.0,338.0,667.0,314.0,672.0,291.0,649.0,406.0,624.0,395.0,667.0,377.0,648.0,406.0,647.0,395.0
22014.jpg,0.55,619.0,347.5,568.0,318.0,582.0,337.0,667.0,313.0,672.0,291.0,649.0,405.0,625.0,396.0,666.0,379.0,648.0,407.0,647.0,395.0
22020.jpg,0.55,619.0,347.0,567.0,319.0,582.0,337.0,667.0,314.0,671.0,290.0,649.0,405.0,614.0,389.0,668.0,375.0,648.0,405.0,647.0,394.0
22026.jpg,0.55,619.0,347.0,567.0,319.0,582.0,337.0,666.0,314.0,671.0,290.0,649.0,405.0,623.0,393.0,666.0,379.0,648.0,405.0,647.0,394.0
22032.jpg,0.55,619.0,347.0,567.0,318.0,582.0,337.0,667.0,314.0,672.0,290.0,649.0,405.0,624.0,394.0,667.0,376.0,648.0,405.0,648.0,394.0
22038.jpg,0.55,619.0,347.0,567.0,318.0,582.0,337.0,667.0,314.0,672.0,291.0,650.0,405.0,622.0,393.0,667.0,376.0,648.0,405.0,648.0,394.0
22044.jpg,0.55,619.0,347.0,567.0,318.0,582.0,337.0,667.0,314.0,672.0,290.0,649.0,405.0,622.0,393.0,667.0,376.0,648.0,405.0,647.0,394.0
22050.jpg,0.55,619.0,347.0,567.0,317.0,582.0,337.0,667.0,314.0,672.0,290.0,650.0,405.0,614.0,389.0,667.0,376.0,648.0,405.0,647.0,395.0
22056.jpg,0.55,619.0,347.0,568.0,318.0,582.0,337.0,667.0,314.0,672.0,290.0,650.0,405.0,616.0,390.0,668.0,375.0,648.0,405.0,647.0,394.0
22062.jpg,0.55,619.0,347.0,568.0,318.0,582.0,337.0,667.0,314.0,672.0,290.0,650.0,405.0,616.0,390.0,667.0,375.0,649.0,405.0,647.0,394.0
22068.jpg,0.55,619.0,347.0,568.0,319.0,582.0,337.0,667.0,314.0,672.0,290.0,650.0,405.0,624.0,394.0,667.0,376.0,648.0,406.0,648.0,395.0
22074.jpg,0.55,619.0,347.0,568.0,319.0,582.0,337.0,667.0,314.0,672.0,291.0,650.0,405.0,622.0,393.0,667.0,375.0,648.0,406.0,648.0,395.0
22080.jpg,0.55,619.0,347.0,567.0,318.0,582.0,337.0,667.0,314.0,672.0,290.0,650.0,405.0,623.0,393.0,668.0,375.0,649.0,406.0,648.0,394.0
22086.jpg,0.55,619.0,347.0,568.0,318.0,581.0,337.0,667.0,314.0,672.0,290.0,650.0,405.0,623.0,393.0,667.0,375.0,649.0,406.0,648.0,394.0
22092.jpg,0.555,618.5,347.0,568.0,319.0,582.0,337.0,667.0,313.0,672.0,290.0,650.0,405.0,615.0,390.0,667.0,375.0,649.0,407.0,647.0,395.0
22098.jpg,0.555,619.0,346.5,567.0,318.0,582.0,337.0,668.0,314.0,671.0,290.0,649.0,405.0,623.0,394.0,669.0,376.0,648.0,404.0,648.0,395.0
22104.jpg,0.555,619.0,347.5,567.0,318.0,582.0,338.0,667.0,314.0,671.0,291.0,648.0,405.0,624.0,395.0,667.0,378.0,647.0,405.0,647.0,395.0
22110.jpg,0.55,619.0,347.0,567.0,319.0,582.0,337.0,666.0,314.0,671.0,291.0,649.0,405.0,625.0,395.0,666.0,378.0,648.0,406.0,647.0,395.0
22116.jpg,0.55,618.0,347.0,567.0,318.0,581.0,337.0,666.0,314.0,671.0,291.0,649.0,405.0,623.0,394.0,665.0,379.0,648.0,406.0,647.0,394.0
22122.jpg,0.555,618.5,346.5,568.0,318.0,582.0,337.0,666.0,314.0,670.0,290.0,649.0,405.0,623.0,393.0,665.0,378.0,648.0,406.0,647.0,394.0
22128.jpg,0.55,618.0,347.0,567.0,318.0,581.0,337.0,666.0,314.0,671.0,291.0,649.0,405.0,621.0,393.0,666.0,376.0,648.0,406.0,646.0,394.0
22134.jpg,0.55,618.5,347.0,567.0,318.0,582.0,337.0,667.0,314.0,671.0,291.0,650.0,405.0,623.0,394.0,667.0,377.0,649.0,406.0,647.0,394.0
22140.jpg,0.55,618.0,347.0,567.0,319.0,581.0,337.0,666.0,314.0,671.0,291.0,649.0,405.0,624.0,395.0,666.0,376.0,648.0,406.0,647.0,395.0
22146.jpg,0.55,618.0,347.0,567.0,319.0,581.0,337.0,666.0,314.0,671.0,291.0,649.0,405.0,614.0,389.0,667.0,375.0,648.0,406.0,646.0,394.0
22152.jpg,0.555,618.5,347.0,568.0,318.0,582.0,337.0,666.0,313.0,670.0,291.0,649.0,404.0,623.0,394.0,666.0,376.0,648.0,405.0,646.0,395.0
22158.jpg,0.55,618.0,347.0,567.0,318.0,581.0,336.0,666.0,314.0,671.0,291.0,649.0,404.0,622.0,393.0,665.0,376.0,648.0,405.0,646.0,394.0
22164.jpg,0.55,618.5,347.0,567.0,319.0,582.0,337.0,666.0,314.0,671.0,290.0,649.0,405.0,623.0,394.0,666.0,377.0,647.0,405.0,646.0,394.0
22170.jpg,0.55,618.0,346.0,567.0,318.0,581.0,336.0,666.0,314.0,671.0,290.0,648.0,404.0,621.0,393.0,666.0,375.0,647.0,404.0,647.0,394.0
22176.jpg,0.55,618.0,347.0,567.0,318.0,581.0,336.0,666.0,314.0,671.0,291.0,648.0,405.0,623.0,394.0,666.0,376.0,647.0,403.0,647.0,394.0
22182.jpg,0.55,618.0,347.0,567.0,319.0,581.0,337.0,666.0,314.0,671.0,291.0,648.0,405.0,622.0,393.0,665.0,376.0,647.0,404.0,647.0,395.0
22188.jpg,0.55,618.0,347.0,567.0,319.0,581.0,337.0,666.0,314.0,671.0,291.0,648.0,405.0,622.0,393.0,665.0,376.0,647.0,405.0,647.0,395.0
22194.jpg,0.55,618.0,347.0,566.0,317.0,581.0,336.0,666.0,314.0,671.0,290.0,648.0,404.0,622.0,393.0,665.0,376.0,647.0,404.0,647.0,395.0
22200.jpg,0.55,618.0,347.0,566.0,318.0,581.0,336.0,666.0,314.0,671.0,290.0,648.0,404.0,623.0,394.0,666.0,376.0,647.0,404.0,647.0,395.0
22206.jpg,0.55,618.0,347.0,567.0,318.0,581.0,337.0,666.0,314.0,671.0,290.0,648.0,404.0,623.0,394.0,666.0,376.0,647.0,405.0,647.0,395.0
22212.jpg,0.55,618.0,347.0,566.0,318.0,581.0,337.0,666.0,314.0,671.0,291.0,648.0,404.0,621.0,393.0,665.0,377.0,647.0,405.0,647.0,394.0
22218.jpg,0.555,618.0,346.5,567.0,318.0,581.0,337.0,667.0,314.0,671.0,290.0,648.0,404.0,621.0,394.0,666.0,378.0,647.0,405.0,647.0,394.0
22224.jpg,0.55,618.0,346.5,566.0,317.0,581.0,337.0,666.0,313.0,671.0,291.0,648.0,404.0,621.0,394.0,665.0,378.0,647.0,404.0,647.0,395.0
22230.jpg,0.555,618.0,346.5,566.0,317.0,581.0,337.0,667.0,313.0,671.0,290.0,649.0,403.0,622.0,393.0,666.0,378.0,648.0,404.0,647.0,395.0
22236.jpg,0.55,618.0,347.0,566.0,317.0,581.0,336.0,665.0,314.0,671.0,291.0,648.0,404.0,622.0,393.0,665.0,377.0,648.0,404.0,647.0,395.0
22242.jpg,0.55,618.0,347.0,566.0,317.0,580.0,336.0,666.0,313.0,671.0,290.0,648.0,404.0,623.0,394.0,666.0,376.0,648.0,404.0,647.0,394.0
22248.jpg,0.55,618.0,347.0,566.0,317.0,581.0,336.0,666.0,313.0,671.0,290.0,649.0,404.0,623.0,394.0,665.0,378.0,648.0,405.0,647.0,394.0
22254.jpg,0.55,618.0,346.5,566.0,317.0,581.0,337.0,666.0,313.0,671.0,290.0,648.0,404.0,622.0,394.0,666.0,375.0,647.0,404.0,647.0,395.0
22260.jpg,0.55,618.0,347.0,566.0,317.0,581.0,336.0,666.0,314.0,671.0,290.0,648.0,404.0,621.0,393.0,665.0,378.0,647.0,405.0,647.0,394.0
22266.jpg,0.55,618.0,347.0,566.0,317.0,581.0,336.0,666.0,314.0,671.0,290.0,648.0,404.0,621.0,393.0,665.0,378.0,647.0,405.0,647.0,394.0
22272.jpg,0.55,618.0,347.0,566.0,318.0,580.0,336.0,666.0,314.0,671.0,290.0,648.0,404.0,623.0,394.0,665.0,379.0,647.0,404.0,647.0,394.0
22278.jpg,0.55,618.0,346.0,566.0,317.0,581.0,336.0,666.0,314.0,670.0,290.0,649.0,404.0,624.0,394.0,665.0,378.0,648.0,404.0,647.0,394.0
22284.jpg,0.55,618.0,346.5,566.0,317.0,580.0,337.0,666.0,312.0,671.0,291.0,649.0,404.0,624.0,395.0,665.0,377.0,648.0,404.0,646.0,395.0
22290.jpg,0.55,618.0,347.0,567.0,318.0,580.0,336.0,666.0,313.0,671.0,290.0,649.0,404.0,624.0,395.0,665.0,377.0,647.0,404.0,647.0,394.0
22296.jpg,0.55,618.0,347.0,566.0,317.0,580.0,336.0,666.0,314.0,671.0,291.0,648.0,404.0,622.0,393.0,664.0,378.0,647.0,405.0,645.0,394.0
22302.jpg,0.55,617.5,347.0,566.0,318.0,581.0,336.0,666.0,314.0,670.0,291.0,648.0,404.0,624.0,395.0,665.0,379.0,648.0,404.0,646.0,395.0
22308.jpg,0.545,617.5,346.5,566.0,318.0,581.0,337.0,665.0,313.0,671.0,291.0,647.0,404.0,623.0,394.0,665.0,376.0,647.0,404.0,646.0,394.0
22314.jpg,0.545,617.5,346.5,566.0,318.0,581.0,337.0,665.0,313.0,670.0,291.0,648.0,404.0,622.0,393.0,665.0,376.0,647.0,404.0,646.0,394.0
22320.jpg,0.55,618.0,347.0,565.0,317.0,580.0,336.0,666.0,313.0,670.0,291.0,647.0,404.0,623.0,394.0,665.0,377.0,647.0,402.0,647.0,395.0
22326.jpg,0.555,618.0,346.5,566.0,317.0,581.0,337.0,666.0,313.0,670.0,290.0,649.0,404.0,622.0,393.0,666.0,377.0,648.0,404.0,647.0,395.0
22332.jpg,0.56,618.5,347.0,568.0,319.0,581.0,337.0,668.0,313.0,672.0,290.0,651.0,406.0,624.0,395.0,668.0,378.0,650.0,406.0,648.0,396.0
22338.jpg,0.535,623.5,344.5,570.0,319.0,585.0,336.0,672.0,310.0,675.0,288.0,659.0,406.0,617.0,389.0,675.0,375.0,658.0,403.0,655.0,400.0
22344.jpg,0.59,655.0,323.5,595.0,320.0,609.0,330.0,693.0,288.0,692.0,266.0,701.0,382.0,664.0,380.0,713.0,350.0,702.0,381.0,699.0,374.0
22350.jpg,0.595,670.5,314.0,609.0,321.0,622.0,329.0,703.0,281.0,701.0,260.0,722.0,369.0,674.0,369.0,726.0,339.0,715.0,365.0,713.0,363.0
22356.jpg,0.575,665.5,316.5,608.0,322.0,623.0,332.0,702.0,286.0,699.0,265.0,716.0,371.0,677.0,369.0,723.0,345.0,711.0,367.0,707.0,361.0
22362.jpg,0.56,662.0,323.0,607.0,324.0,621.0,336.0,701.0,291.0,699.0,268.0,709.0,379.0,682.0,375.0,718.0,352.0,704.0,371.0,702.0,370.0
22368.jpg,0.565,654.0,326.5,601.0,322.0,615.0,335.0,697.0,293.0,695.0,270.0,703.0,383.0,665.0,377.0,711.0,357.0,699.0,377.0,696.0,374.0
22374.jpg,0.58,652.5,335.0,597.0,326.0,613.0,339.0,694.0,299.0,693.0,276.0,698.0,397.0,660.0,392.0,710.0,370.0,694.0,388.0,692.0,385.0
22380.jpg,0.61,656.0,336.0,598.0,328.0,615.0,339.0,694.0,297.0,693.0,273.0,702.0,399.0,671.0,393.0,715.0,372.0,700.0,390.0,699.0,388.0
22386.jpg,0.62,660.0,333.0,601.0,324.0,619.0,337.0,697.0,293.0,696.0,269.0,711.0,401.0,674.0,397.0,724.0,368.0,707.0,392.0,705.0,387.0
22392.jpg,0.61,657.0,335.0,599.0,325.0,615.0,337.0,695.0,296.0,695.0,272.0,706.0,399.0,672.0,396.0,719.0,368.0,703.0,391.0,701.0,387.0
22398.jpg,0.6,655.0,335.0,597.0,324.0,614.0,337.0,695.0,295.0,695.0,273.0,704.0,397.0,670.0,390.0,715.0,367.0,699.0,388.0,698.0,386.0
22404.jpg,0.59,652.5,334.0,596.0,322.0,612.0,336.0,695.0,295.0,695.0,274.0,702.0,396.0,664.0,389.0,712.0,364.0,697.0,395.0,695.0,385.0
22410.jpg,0.565,645.5,334.0,588.0,321.0,605.0,335.0,690.0,295.0,690.0,278.0,690.0,394.0,659.0,389.0,701.0,364.0,688.0,392.0,685.0,383.0
22416.jpg,0.585,639.5,339.0,582.0,321.0,598.0,337.0,684.0,302.0,684.0,282.0,678.0,398.0,647.0,391.0,691.0,370.0,677.0,397.0,673.0,389.0
22422.jpg,0.53,627.0,345.0,574.0,322.0,589.0,340.0,676.0,312.0,679.0,292.0,658.0,404.0,632.0,393.0,676.0,374.0,657.0,404.0,655.0,392.0
22428.jpg,0.54,614.0,356.0,561.0,319.0,574.0,340.0,661.0,322.0,667.0,301.0,633.0,411.0,608.0,396.0,651.0,390.0,634.0,409.0,633.0,408.0
22434.jpg,0.54,597.0,367.0,544.0,317.0,553.0,340.0,643.0,332.0,650.0,313.0,597.0,422.0,576.0,405.0,618.0,406.0,598.0,422.0,597.0,420.0
22440.jpg,0.555,587.5,369.5,535.0,315.0,545.0,340.0,633.0,338.0,643.0,317.0,585.0,428.0,559.0,404.0,609.0,408.0,584.0,428.0,583.0,427.0
22446.jpg,0.535,595.5,373.5,542.0,319.0,553.0,342.0,641.0,338.0,650.0,317.0,599.0,432.0,568.0,406.0,618.0,414.0,599.0,432.0,598.0,430.0
22452.jpg,0.545,601.0,373.5,548.0,321.0,558.0,343.0,647.0,337.0,656.0,315.0,611.0,433.0,580.0,413.0,632.0,413.0,609.0,432.0,608.0,432.0
22458.jpg,0.545,603.5,369.5,551.0,321.0,563.0,342.0,650.0,333.0,659.0,312.0,617.0,428.0,583.0,406.0,635.0,409.0,616.0,428.0,616.0,417.0
22464.jpg,0.555,604.0,367.5,551.0,320.0,563.0,340.0,651.0,332.0,659.0,310.0,618.0,426.0,590.0,408.0,635.0,408.0,617.0,426.0,616.0,416.0
22470.jpg,0.555,605.0,366.5,552.0,320.0,564.0,340.0,652.0,331.0,660.0,310.0,619.0,425.0,591.0,407.0,636.0,404.0,618.0,425.0,618.0,415.0
22476.jpg,0.555,604.5,364.5,552.0,318.0,564.0,341.0,652.0,330.0,660.0,308.0,620.0,423.0,591.0,405.0,637.0,403.0,620.0,423.0,617.0,413.0
22482.jpg,0.55,605.0,364.0,552.0,320.0,564.0,340.0,651.0,331.0,659.0,308.0,620.0,421.0,593.0,405.0,637.0,402.0,619.0,421.0,618.0,412.0
22488.jpg,0.55,604.0,363.0,552.0,319.0,564.0,340.0,651.0,330.0,659.0,308.0,620.0,420.0,592.0,403.0,639.0,396.0,620.0,420.0,620.0,420.0
22494.jpg,0.555,604.5,362.5,552.0,319.0,564.0,340.0,651.0,329.0,659.0,307.0,621.0,420.0,594.0,403.0,642.0,392.0,621.0,420.0,620.0,416.0
22500.jpg,0.555,605.0,362.5,553.0,320.0,565.0,340.0,652.0,329.0,659.0,307.0,620.0,420.0,598.0,407.0,640.0,397.0,621.0,419.0,620.0,417.0
22506.jpg,0.555,604.0,361.5,553.0,319.0,565.0,339.0,652.0,328.0,659.0,306.0,620.0,418.0,591.0,400.0,639.0,398.0,620.0,418.0,618.0,410.0
22512.jpg,0.555,604.0,360.5,552.0,318.0,564.0,339.0,652.0,328.0,659.0,305.0,620.0,417.0,593.0,401.0,641.0,393.0,620.0,417.0,619.0,415.0
22518.jpg,0.55,604.0,360.0,552.0,318.0,563.0,338.0,650.0,328.0,658.0,305.0,619.0,416.0,599.0,405.0,640.0,392.0,619.0,417.0,618.0,408.0
22524.jpg,0.55,603.0,360.0,551.0,319.0,563.0,338.0,650.0,328.0,658.0,305.0,619.0,416.0,595.0,402.0,638.0,393.0,619.0,415.0,619.0,414.0
22530.jpg,0.55,603.0,360.0,551.0,318.0,563.0,338.0,650.0,328.0,658.0,305.0,619.0,416.0,591.0,399.0,638.0,393.0,619.0,415.0,619.0,414.0
22536.jpg,0.555,603.0,359.5,551.0,317.0,563.0,339.0,651.0,328.0,658.0,305.0,620.0,416.0,596.0,402.0,644.0,388.0,620.0,415.0,620.0,413.0
22542.jpg,0.555,604.0,359.5,552.0,317.0,564.0,339.0,653.0,327.0,659.0,305.0,620.0,418.0,594.0,401.0,643.0,392.0,620.0,417.0,619.0,408.0
22548.jpg,0.555,604.0,360.5,553.0,319.0,565.0,339.0,652.0,328.0,659.0,305.0,620.0,418.0,596.0,402.0,642.0,393.0,621.0,417.0,620.0,414.0
22554.jpg,0.555,604.0,359.5,552.0,317.0,564.0,339.0,652.0,327.0,659.0,304.0,620.0,417.0,596.0,402.0,641.0,394.0,620.0,417.0,619.0,408.0
22560.jpg,0.55,604.0,359.0,551.0,318.0,564.0,339.0,651.0,327.0,659.0,304.0,620.0,416.0,592.0,399.0,642.0,392.0,621.0,415.0,619.0,408.0
22566.jpg,0.555,604.0,359.5,551.0,318.0,564.0,338.0,652.0,326.0,658.0,304.0,621.0,416.0,593.0,400.0,645.0,388.0,621.0,414.0,620.0,413.0
22572.jpg,0.555,604.0,359.5,552.0,318.0,564.0,338.0,652.0,326.0,658.0,304.0,620.0,416.0,593.0,400.0,641.0,394.0,620.0,415.0,620.0,413.0
22578.jpg,0.55,604.0,359.0,552.0,318.0,564.0,339.0,651.0,327.0,658.0,304.0,620.0,416.0,590.0,398.0,645.0,387.0,620.0,413.0,619.0,407.0
22584.jpg,0.55,604.0,359.0,551.0,318.0,564.0,339.0,651.0,327.0,659.0,304.0,620.0,416.0,590.0,397.0,645.0,387.0,621.0,415.0,620.0,412.0
22590.jpg,0.55,604.0,359.0,551.0,316.0,564.0,339.0,651.0,327.0,658.0,305.0,621.0,416.0,591.0,397.0,640.0,393.0,621.0,414.0,621.0,412.0
22596.jpg,0.55,604.0,360.0,551.0,319.0,564.0,338.0,650.0,327.0,658.0,305.0,620.0,416.0,598.0,402.0,643.0,390.0,621.0,414.0,620.0,409.0
22602.jpg,0.555,603.5,359.5,551.0,318.0,563.0,338.0,651.0,327.0,659.0,304.0,620.0,416.0,590.0,397.0,642.0,390.0,621.0,414.0,619.0,408.0
22608.jpg,0.555,603.5,359.0,551.0,318.0,563.0,337.0,651.0,326.0,658.0,304.0,620.0,415.0,595.0,400.0,645.0,387.0,621.0,414.0,620.0,409.0
22614.jpg,0.55,604.0,359.0,551.0,318.0,563.0,337.0,651.0,327.0,658.0,305.0,620.0,416.0,591.0,397.0,643.0,389.0,621.0,414.0,619.0,407.0
22620.jpg,0.55,603.5,359.0,551.0,317.0,563.0,337.0,651.0,327.0,658.0,304.0,620.0,416.0,598.0,403.0,643.0,388.0,620.0,415.0,619.0,407.0
22626.jpg,0.55,603.5,359.0,552.0,318.0,563.0,337.0,652.0,327.0,658.0,304.0,620.0,416.0,596.0,402.0,639.0,394.0,621.0,414.0,620.0,412.0
22632.jpg,0.555,604.0,358.5,551.0,317.0,564.0,339.0,652.0,327.0,658.0,304.0,620.0,416.0,593.0,400.0,642.0,390.0,620.0,414.0,619.0,407.0
22638.jpg,0.555,604.0,358.5,551.0,318.0,563.0,338.0,652.0,327.0,658.0,304.0,620.0,416.0,593.0,399.0,643.0,389.0,620.0,414.0,619.0,408.0
22644.jpg,0.55,603.0,359.0,551.0,317.0,563.0,337.0,651.0,326.0,658.0,304.0,620.0,416.0,595.0,400.0,643.0,389.0,620.0,414.0,619.0,408.0
22650.jpg,0.55,603.5,359.0,551.0,317.0,563.0,337.0,652.0,326.0,658.0,304.0,620.0,416.0,598.0,403.0,641.0,390.0,621.0,414.0,619.0,408.0
22656.jpg,0.555,603.5,358.5,553.0,318.0,563.0,338.0,651.0,326.0,658.0,304.0,621.0,415.0,595.0,399.0,639.0,395.0,621.0,413.0,619.0,408.0
22662.jpg,0.555,603.0,358.5,552.0,317.0,563.0,338.0,651.0,327.0,658.0,304.0,619.0,416.0,598.0,402.0,642.0,391.0,620.0,413.0,618.0,408.0
22668.jpg,0.545,602.5,362.5,550.0,318.0,562.0,339.0,649.0,328.0,657.0,307.0,613.0,420.0,591.0,403.0,633.0,404.0,613.0,420.0,615.0,410.0
22674.jpg,0.535,599.0,369.5,545.0,319.0,556.0,339.0,644.0,333.0,653.0,311.0,605.0,429.0,578.0,407.0,628.0,409.0,606.0,428.0,605.0,426.0
22680.jpg,0.55,598.0,374.0,543.0,320.0,555.0,340.0,644.0,333.0,653.0,313.0,608.0,436.0,579.0,418.0,636.0,410.0,608.0,432.0,607.0,431.0
22686.jpg,0.55,598.5,372.0,544.0,320.0,555.0,340.0,645.0,332.0,653.0,311.0,608.0,434.0,584.0,419.0,630.0,414.0,608.0,432.0,608.0,430.0
22692.jpg,0.545,599.0,370.5,545.0,322.0,556.0,340.0,646.0,332.0,654.0,311.0,613.0,433.0,586.0,415.0,633.0,411.0,612.0,431.0,612.0,427.0
22698.jpg,0.57,604.5,368.0,548.0,326.0,564.0,345.0,648.0,336.0,661.0,308.0,626.0,430.0,601.0,416.0,645.0,407.0,626.0,428.0,627.0,419.0
22704.jpg,0.59,623.0,354.0,566.0,324.0,585.0,342.0,671.0,315.0,675.0,293.0,660.0,420.0,629.0,407.0,682.0,384.0,659.0,415.0,656.0,406.0
22710.jpg,0.635,659.0,333.5,598.0,326.0,617.0,338.0,697.0,292.0,696.0,270.0,711.0,395.0,674.0,394.0,721.0,367.0,707.0,389.0,705.0,387.0
22716.jpg,0.63,660.0,332.0,601.0,326.0,619.0,337.0,698.0,291.0,697.0,268.0,710.0,396.0,683.0,395.0,723.0,366.0,708.0,388.0,705.0,386.0
22722.jpg,0.62,656.0,335.0,598.0,326.0,615.0,335.0,696.0,293.0,695.0,270.0,703.0,401.0,672.0,397.0,719.0,375.0,699.0,391.0,698.0,389.0
22728.jpg,0.605,652.5,335.5,595.0,326.0,610.0,335.0,691.0,294.0,691.0,272.0,698.0,402.0,664.0,396.0,714.0,373.0,697.0,398.0,694.0,389.0
22734.jpg,0.6,646.5,341.0,589.0,325.0,605.0,335.0,689.0,298.0,690.0,276.0,690.0,409.0,652.0,397.0,706.0,377.0,687.0,402.0,687.0,401.0
22740.jpg,0.575,622.5,356.5,569.0,319.0,587.0,336.0,671.0,310.0,676.0,290.0,656.0,428.0,617.0,408.0,677.0,402.0,656.0,422.0,655.0,417.0
22746.jpg,0.565,599.5,367.5,543.0,311.0,560.0,330.0,647.0,321.0,657.0,301.0,610.0,438.0,577.0,418.0,639.0,423.0,610.0,438.0,610.0,438.0
22752.jpg,0.585,592.0,369.5,536.0,309.0,552.0,329.0,639.0,324.0,650.0,303.0,598.0,442.0,568.0,422.0,626.0,422.0,599.0,435.0,599.0,431.0
22758.jpg,0.58,590.0,368.0,536.0,307.0,551.0,327.0,638.0,323.0,649.0,301.0,597.0,436.0,568.0,423.0,625.0,423.0,596.0,440.0,596.0,440.0
22764.jpg,0.59,583.0,365.5,528.0,297.0,543.0,318.0,627.0,319.0,642.0,297.0,580.0,439.0,550.0,416.0,614.0,420.0,579.0,433.0,579.0,431.0
22770.jpg,0.585,571.5,365.0,518.0,295.0,529.0,315.0,614.0,325.0,630.0,304.0,553.0,437.0,526.0,409.0,593.0,422.0,555.0,437.0,554.0,436.0
22776.jpg,0.58,568.0,365.0,515.0,296.0,526.0,317.0,610.0,328.0,627.0,306.0,547.0,437.0,520.0,409.0,584.0,423.0,549.0,437.0,551.0,435.0
22782.jpg,0.57,570.0,365.0,515.0,297.0,528.0,318.0,612.0,328.0,628.0,307.0,552.0,436.0,528.0,414.0,587.0,422.0,556.0,436.0,556.0,436.0
22788.jpg,0.575,570.5,366.5,517.0,299.0,529.0,319.0,614.0,328.0,630.0,307.0,559.0,438.0,531.0,416.0,586.0,425.0,559.0,438.0,559.0,438.0
22794.jpg,0.57,571.5,365.0,519.0,298.0,530.0,320.0,615.0,328.0,630.0,307.0,560.0,436.0,532.0,414.0,595.0,417.0,560.0,436.0,560.0,436.0
22800.jpg,0.57,572.0,365.0,519.0,298.0,530.0,319.0,615.0,328.0,631.0,307.0,560.0,436.0,534.0,414.0,593.0,419.0,560.0,436.0,562.0,436.0
22806.jpg,0.575,572.5,364.5,519.0,298.0,531.0,320.0,616.0,327.0,631.0,306.0,561.0,436.0,533.0,414.0,597.0,416.0,561.0,436.0,561.0,436.0
22812.jpg,0.57,573.0,365.0,518.0,298.0,531.0,319.0,616.0,327.0,631.0,306.0,561.0,436.0,535.0,415.0,594.0,419.0,561.0,436.0,561.0,436.0
22818.jpg,0.575,572.5,365.5,519.0,298.0,531.0,321.0,616.0,327.0,631.0,307.0,561.0,437.0,534.0,414.0,595.0,419.0,563.0,437.0,563.0,437.0
22824.jpg,0.575,573.5,365.5,520.0,298.0,532.0,319.0,617.0,327.0,632.0,306.0,562.0,437.0,535.0,415.0,596.0,419.0,564.0,437.0,564.0,437.0
22830.jpg,0.575,574.0,365.5,521.0,299.0,532.0,321.0,618.0,326.0,632.0,306.0,562.0,437.0,539.0,417.0,596.0,418.0,564.0,437.0,564.0,435.0
22836.jpg,0.575,574.5,364.5,521.0,298.0,533.0,321.0,618.0,326.0,633.0,305.0,563.0,436.0,540.0,416.0,599.0,415.0,565.0,436.0,565.0,436.0
22842.jpg,0.57,576.0,365.0,521.0,298.0,534.0,320.0,618.0,327.0,634.0,305.0,566.0,436.0,540.0,415.0,599.0,416.0,566.0,436.0,566.0,436.0
22848.jpg,0.575,576.5,365.0,523.0,299.0,535.0,321.0,619.0,327.0,635.0,305.0,567.0,436.0,542.0,417.0,601.0,414.0,567.0,436.0,566.0,435.0
22854.jpg,0.58,577.5,365.0,523.0,299.0,536.0,322.0,620.0,326.0,634.0,305.0,568.0,437.0,541.0,414.0,603.0,411.0,568.0,437.0,567.0,435.0
22860.jpg,0.565,589.5,363.5,535.0,305.0,551.0,326.0,636.0,319.0,646.0,298.0,596.0,434.0,557.0,405.0,627.0,401.0,593.0,434.0,594.0,425.0
22866.jpg,0.555,643.5,329.5,589.0,313.0,608.0,327.0,685.0,288.0,685.0,264.0,693.0,398.0,641.0,388.0,701.0,362.0,684.0,398.0,682.0,386.0
22872.jpg,0.595,675.5,306.0,618.0,314.0,638.0,325.0,707.0,270.0,701.0,245.0,732.0,369.0,680.0,368.0,735.0,338.0,725.0,361.0,720.0,357.0
22878.jpg,0.6,684.5,303.0,626.0,316.0,647.0,323.0,713.0,268.0,707.0,243.0,741.0,365.0,700.0,369.0,745.0,333.0,734.0,357.0,730.0,354.0
22884.jpg,0.62,689.5,300.0,630.0,316.0,651.0,323.0,715.0,265.0,709.0,239.0,748.0,363.0,700.0,366.0,752.0,333.0,741.0,354.0,739.0,353.0
22890.jpg,0.615,688.0,300.5,628.0,314.0,649.0,322.0,713.0,264.0,707.0,239.0,747.0,365.0,700.0,366.0,752.0,333.0,737.0,356.0,735.0,354.0
22896.jpg,0.615,687.0,300.5,627.0,314.0,647.0,322.0,712.0,264.0,706.0,239.0,745.0,365.0,700.0,368.0,749.0,333.0,737.0,356.0,735.0,353.0
22902.jpg,0.615,687.0,301.5,627.0,313.0,647.0,321.0,712.0,264.0,706.0,239.0,743.0,366.0,700.0,367.0,749.0,331.0,737.0,357.0,734.0,354.0
22908.jpg,0.615,686.5,301.5,625.0,313.0,647.0,322.0,712.0,265.0,706.0,239.0,744.0,365.0,700.0,367.0,749.0,333.0,736.0,357.0,732.0,354.0
22914.jpg,0.61,687.0,302.0,626.0,314.0,648.0,321.0,712.0,265.0,706.0,240.0,743.0,366.0,700.0,367.0,749.0,334.0,737.0,357.0,732.0,354.0
22920.jpg,0.62,686.5,302.0,626.0,314.0,648.0,322.0,712.0,266.0,706.0,240.0,743.0,367.0,701.0,368.0,748.0,333.0,737.0,359.0,734.0,355.0
22926.jpg,0.615,686.5,301.5,626.0,313.0,647.0,322.0,713.0,265.0,704.0,239.0,744.0,367.0,702.0,369.0,749.0,334.0,737.0,358.0,732.0,354.0
22932.jpg,0.615,685.5,302.5,625.0,314.0,646.0,322.0,712.0,266.0,706.0,240.0,742.0,367.0,701.0,368.0,748.0,334.0,736.0,359.0,731.0,355.0
22938.jpg,0.62,685.5,303.0,625.0,315.0,645.0,322.0,711.0,267.0,705.0,241.0,742.0,368.0,701.0,369.0,747.0,334.0,735.0,360.0,730.0,356.0
22944.jpg,0.62,685.0,303.0,624.0,315.0,645.0,323.0,712.0,268.0,705.0,241.0,741.0,368.0,702.0,369.0,748.0,336.0,736.0,361.0,731.0,356.0
22950.jpg,0.63,683.5,305.0,623.0,315.0,645.0,323.0,710.0,268.0,704.0,242.0,741.0,369.0,701.0,371.0,746.0,336.0,735.0,360.0,730.0,357.0
22956.jpg,0.625,684.5,305.5,623.0,314.0,645.0,324.0,710.0,269.0,704.0,243.0,741.0,370.0,701.0,370.0,747.0,337.0,734.0,362.0,730.0,358.0
22962.jpg,0.62,685.0,304.5,624.0,314.0,646.0,323.0,712.0,268.0,705.0,243.0,741.0,370.0,701.0,370.0,747.0,335.0,735.0,361.0,731.0,358.0
22968.jpg,0.63,684.5,305.0,623.0,315.0,645.0,323.0,710.0,268.0,704.0,242.0,741.0,370.0,689.0,369.0,747.0,334.0,736.0,361.0,731.0,358.0
22974.jpg,0.625,684.5,305.0,623.0,315.0,645.0,323.0,710.0,268.0,703.0,241.0,741.0,371.0,701.0,371.0,747.0,335.0,734.0,361.0,731.0,357.0
22980.jpg,0.625,684.5,305.5,625.0,315.0,647.0,324.0,710.0,269.0,703.0,242.0,742.0,369.0,700.0,371.0,747.0,336.0,736.0,360.0,731.0,358.0
22986.jpg,0.625,683.5,306.5,624.0,315.0,646.0,325.0,710.0,270.0,703.0,243.0,741.0,370.0,704.0,374.0,747.0,339.0,735.0,361.0,730.0,359.0
22992.jpg,0.63,684.5,307.0,624.0,315.0,645.0,324.0,710.0,270.0,704.0,243.0,742.0,370.0,698.0,372.0,747.0,340.0,736.0,362.0,730.0,357.0
22998.jpg,0.625,683.5,307.5,622.0,317.0,644.0,324.0,709.0,271.0,704.0,245.0,740.0,372.0,699.0,372.0,746.0,338.0,735.0,364.0,730.0,360.0
23004.jpg,0.63,684.0,308.0,622.0,316.0,645.0,325.0,710.0,270.0,704.0,245.0,740.0,372.0,697.0,372.0,747.0,341.0,736.0,364.0,729.0,361.0
23010.jpg,0.63,683.5,308.0,622.0,316.0,644.0,325.0,709.0,271.0,703.0,245.0,741.0,372.0,701.0,373.0,747.0,340.0,735.0,363.0,730.0,360.0
23016.jpg,0.63,684.0,307.0,622.0,317.0,645.0,324.0,710.0,270.0,704.0,244.0,742.0,372.0,697.0,372.0,747.0,339.0,736.0,362.0,732.0,360.0
23022.jpg,0.635,684.0,306.5,622.0,314.0,644.0,325.0,709.0,270.0,704.0,244.0,742.0,371.0,701.0,372.0,747.0,331.0,736.0,361.0,732.0,358.0
23028.jpg,0.635,684.0,306.5,622.0,314.0,645.0,324.0,710.0,269.0,704.0,244.0,743.0,371.0,701.0,371.0,748.0,337.0,737.0,362.0,732.0,358.0
23034.jpg,0.635,684.0,305.5,622.0,314.0,644.0,324.0,710.0,269.0,705.0,243.0,742.0,370.0,702.0,371.0,748.0,335.0,736.0,361.0,731.0,356.0
23040.jpg,0.635,684.5,306.5,624.0,315.0,645.0,324.0,710.0,269.0,704.0,244.0,743.0,371.0,707.0,372.0,748.0,339.0,736.0,362.0,732.0,358.0
23046.jpg,0.635,685.0,306.5,623.0,314.0,646.0,324.0,710.0,269.0,705.0,243.0,743.0,370.0,700.0,370.0,748.0,340.0,738.0,362.0,732.0,356.0
23052.jpg,0.635,685.5,305.5,623.0,314.0,646.0,323.0,710.0,269.0,704.0,243.0,745.0,370.0,718.0,371.0,749.0,326.0,737.0,360.0,733.0,356.0
23058.jpg,0.635,685.5,305.5,623.0,313.0,647.0,323.0,710.0,268.0,705.0,242.0,744.0,370.0,703.0,372.0,750.0,336.0,739.0,362.0,731.0,356.0
23064.jpg,0.635,686.0,305.5,624.0,314.0,646.0,323.0,711.0,268.0,704.0,243.0,745.0,372.0,707.0,372.0,749.0,338.0,737.0,361.0,733.0,357.0
23070.jpg,0.63,686.5,305.0,624.0,315.0,646.0,323.0,711.0,268.0,705.0,243.0,745.0,370.0,704.0,371.0,750.0,336.0,739.0,360.0,733.0,357.0
23076.jpg,0.63,687.0,304.0,625.0,315.0,646.0,322.0,710.0,268.0,705.0,242.0,745.0,370.0,710.0,370.0,751.0,336.0,740.0,360.0,734.0,357.0
23082.jpg,0.63,686.0,304.0,624.0,315.0,647.0,322.0,710.0,267.0,706.0,242.0,744.0,370.0,706.0,370.0,750.0,336.0,739.0,362.0,734.0,358.0
23088.jpg,0.63,686.0,304.0,624.0,314.0,647.0,322.0,710.0,267.0,706.0,242.0,742.0,370.0,703.0,370.0,749.0,336.0,738.0,360.0,733.0,357.0
23094.jpg,0.625,685.5,304.5,624.0,314.0,646.0,323.0,710.0,268.0,705.0,242.0,742.0,370.0,705.0,372.0,749.0,337.0,737.0,362.0,732.0,358.0
23100.jpg,0.635,685.5,304.5,623.0,313.0,646.0,322.0,710.0,267.0,704.0,241.0,744.0,369.0,690.0,369.0,749.0,337.0,736.0,361.0,731.0,356.0
23106.jpg,0.63,685.0,304.0,623.0,312.0,647.0,322.0,709.0,267.0,705.0,241.0,741.0,369.0,701.0,370.0,749.0,337.0,737.0,360.0,732.0,357.0
23112.jpg,0.63,687.0,302.5,625.0,312.0,648.0,321.0,710.0,265.0,705.0,240.0,746.0,366.0,698.0,369.0,751.0,334.0,742.0,358.0,740.0,357.0
23118.jpg,0.63,686.0,302.0,624.0,312.0,647.0,322.0,710.0,266.0,706.0,240.0,747.0,366.0,699.0,368.0,749.0,336.0,741.0,357.0,738.0,355.0
23124.jpg,0.63,686.0,303.0,624.0,311.0,647.0,321.0,710.0,266.0,704.0,240.0,745.0,368.0,704.0,369.0,751.0,335.0,740.0,358.0,736.0,356.0
23130.jpg,0.63,685.0,304.0,623.0,312.0,646.0,322.0,709.0,267.0,703.0,241.0,743.0,369.0,697.0,369.0,749.0,337.0,738.0,360.0,734.0,357.0
23136.jpg,0.645,682.5,310.5,621.0,315.0,642.0,325.0,708.0,273.0,704.0,246.0,739.0,378.0,692.0,376.0,749.0,346.0,735.0,368.0,732.0,366.0
23142.jpg,0.625,673.0,313.5,612.0,313.0,634.0,327.0,701.0,277.0,699.0,251.0,728.0,384.0,688.0,379.0,739.0,348.0,723.0,376.0,718.0,368.0
23148.jpg,0.625,670.5,314.5,611.0,312.0,633.0,324.0,700.0,278.0,697.0,251.0,722.0,385.0,675.0,377.0,735.0,347.0,718.0,377.0,716.0,368.0
23154.jpg,0.635,664.0,322.5,602.0,320.0,624.0,332.0,694.0,285.0,691.0,258.0,715.0,394.0,678.0,387.0,730.0,355.0,712.0,386.0,709.0,377.0
23160.jpg,0.62,659.0,328.0,598.0,318.0,621.0,332.0,693.0,289.0,693.0,264.0,709.0,401.0,673.0,391.0,724.0,369.0,706.0,391.0,705.0,390.0
23166.jpg,0.585,644.0,329.5,587.0,310.0,607.0,327.0,683.0,292.0,685.0,268.0,684.0,402.0,648.0,388.0,706.0,374.0,684.0,402.0,684.0,391.0
23172.jpg,0.58,625.5,337.0,570.0,310.0,589.0,327.0,667.0,297.0,672.0,275.0,661.0,409.0,630.0,392.0,687.0,380.0,661.0,402.0,659.0,399.0
23178.jpg,0.575,607.0,342.5,552.0,310.0,571.0,329.0,648.0,302.0,654.0,277.0,638.0,414.0,604.0,395.0,666.0,384.0,640.0,414.0,640.0,406.0
23184.jpg,0.58,596.0,352.5,540.0,316.0,559.0,337.0,639.0,312.0,645.0,287.0,627.0,424.0,600.0,410.0,654.0,400.0,627.0,424.0,629.0,415.0
23190.jpg,0.58,594.0,354.0,538.0,318.0,558.0,338.0,637.0,314.0,644.0,289.0,627.0,426.0,588.0,406.0,654.0,397.0,627.0,426.0,627.0,419.0
23196.jpg,0.58,600.5,353.0,544.0,317.0,563.0,337.0,641.0,312.0,648.0,287.0,634.0,425.0,597.0,407.0,659.0,396.0,634.0,425.0,633.0,416.0
23202.jpg,0.58,602.0,354.0,545.0,320.0,565.0,337.0,644.0,312.0,650.0,288.0,638.0,426.0,605.0,411.0,661.0,397.0,635.0,426.0,635.0,415.0
23208.jpg,0.575,599.5,356.5,543.0,322.0,561.0,341.0,641.0,315.0,648.0,291.0,635.0,428.0,598.0,413.0,659.0,399.0,635.0,428.0,634.0,420.0
23214.jpg,0.585,599.0,351.5,543.0,317.0,561.0,337.0,640.0,310.0,646.0,285.0,635.0,424.0,605.0,410.0,658.0,395.0,633.0,424.0,633.0,413.0
23220.jpg,0.595,589.5,339.5,531.0,305.0,552.0,323.0,629.0,299.0,635.0,273.0,624.0,413.0,596.0,399.0,646.0,385.0,623.0,402.0,623.0,401.0
23226.jpg,0.585,588.0,339.5,531.0,298.0,550.0,319.0,629.0,296.0,635.0,272.0,619.0,412.0,587.0,398.0,643.0,387.0,619.0,412.0,620.0,401.0
23232.jpg,0.575,584.0,328.5,527.0,287.0,546.0,307.0,624.0,285.0,632.0,261.0,615.0,400.0,582.0,383.0,640.0,373.0,615.0,400.0,615.0,389.0
23238.jpg,0.58,614.5,342.0,559.0,300.0,578.0,322.0,656.0,299.0,663.0,275.0,647.0,412.0,616.0,400.0,672.0,385.0,646.0,414.0,646.0,403.0
23244.jpg,0.58,627.5,344.0,572.0,303.0,591.0,325.0,670.0,302.0,677.0,277.0,659.0,416.0,618.0,402.0,686.0,392.0,659.0,416.0,659.0,416.0
23250.jpg,0.57,631.0,330.0,575.0,290.0,594.0,311.0,673.0,287.0,680.0,263.0,666.0,401.0,624.0,389.0,688.0,377.0,664.0,401.0,664.0,401.0
23256.jpg,0.58,664.0,343.0,607.0,307.0,627.0,327.0,706.0,300.0,712.0,276.0,702.0,415.0,663.0,406.0,722.0,387.0,700.0,415.0,698.0,412.0
23262.jpg,0.6,663.0,339.0,603.0,308.0,624.0,327.0,702.0,296.0,705.0,271.0,705.0,413.0,668.0,406.0,723.0,383.0,702.0,413.0,698.0,402.0
23268.jpg,0.605,660.5,342.0,601.0,315.0,624.0,334.0,699.0,298.0,703.0,273.0,707.0,417.0,665.0,409.0,721.0,386.0,702.0,405.0,699.0,403.0
23274.jpg,0.625,672.5,342.5,611.0,318.0,633.0,335.0,709.0,298.0,710.0,274.0,721.0,420.0,676.0,408.0,733.0,383.0,714.0,406.0,709.0,403.0
23280.jpg,0.63,666.0,349.0,603.0,326.0,627.0,342.0,702.0,303.0,703.0,278.0,718.0,423.0,676.0,419.0,730.0,392.0,711.0,413.0,709.0,412.0
23286.jpg,0.645,652.5,349.5,588.0,325.0,613.0,343.0,688.0,303.0,689.0,278.0,704.0,424.0,657.0,416.0,717.0,393.0,699.0,415.0,696.0,411.0
23292.jpg,0.66,656.0,347.0,593.0,326.0,617.0,342.0,689.0,302.0,691.0,276.0,711.0,420.0,670.0,419.0,722.0,389.0,706.0,413.0,702.0,406.0
23298.jpg,0.67,680.0,342.0,614.0,330.0,639.0,346.0,710.0,299.0,709.0,271.0,739.0,415.0,696.0,416.0,748.0,378.0,731.0,405.0,728.0,402.0
23304.jpg,0.665,693.5,321.0,627.0,312.0,652.0,326.0,722.0,278.0,719.0,251.0,754.0,395.0,709.0,395.0,761.0,359.0,749.0,387.0,743.0,381.0
23310.jpg,0.665,697.0,288.5,631.0,282.0,655.0,295.0,723.0,245.0,720.0,220.0,758.0,361.0,710.0,362.0,764.0,326.0,750.0,349.0,746.0,348.0
23322.jpg,0.675,675.5,295.5,609.0,298.0,631.0,310.0,702.0,262.0,704.0,239.0,737.0,334.0,704.0,336.0,735.0,303.0,735.0,335.0,732.0,334.0
23334.jpg,0.65,674.0,300.5,610.0,279.0,632.0,295.0,706.0,258.0,708.0,232.0,726.0,377.0,681.0,369.0,740.0,342.0,721.0,365.0,718.0,364.0
23340.jpg,0.645,664.5,321.5,600.0,299.0,623.0,315.0,697.0,280.0,701.0,253.0,714.0,401.0,672.0,388.0,730.0,367.0,710.0,387.0,708.0,387.0
23346.jpg,0.65,639.0,302.0,574.0,276.0,597.0,294.0,672.0,260.0,676.0,233.0,687.0,378.0,649.0,374.0,705.0,349.0,685.0,368.0,683.0,368.0
23352.jpg,0.66,645.0,327.0,582.0,302.0,604.0,322.0,678.0,286.0,682.0,259.0,693.0,409.0,653.0,394.0,709.0,375.0,691.0,395.0,690.0,395.0
23358.jpg,0.655,642.5,332.5,578.0,309.0,600.0,326.0,677.0,290.0,679.0,263.0,691.0,412.0,647.0,400.0,708.0,380.0,688.0,399.0,687.0,400.0
23364.jpg,0.665,643.5,362.5,578.0,338.0,600.0,355.0,677.0,318.0,681.0,292.0,694.0,440.0,650.0,430.0,708.0,410.0,690.0,430.0,689.0,430.0
23370.jpg,0.675,646.5,373.0,580.0,346.0,603.0,365.0,681.0,329.0,685.0,302.0,694.0,452.0,652.0,441.0,714.0,418.0,691.0,440.0,686.0,437.0
23376.jpg,0.66,691.0,390.5,626.0,362.0,648.0,381.0,727.0,348.0,731.0,319.0,739.0,472.0,700.0,463.0,757.0,439.0,736.0,460.0,735.0,459.0
